timestamp,open,high,low,close,volume,ema_fast,ema_med,ema_long,ema_macro,ema_ultra_len,rsi,atr,bullish_stop_loss,bearish_stop_loss,swing_high,swing_low,in_session,rsi_trend,isLongTrend,isShortTrend,exit_time,60_min_open,60_min_high,60_min_low,60_min_close,60_min_volume,60_min_rsi_14
2025-05-26 09:15:00+05:30,373.6,373.85,368.65,371.2,22619,,,,,,,,,,,,True,,False,False,False,,,,,,
2025-05-26 09:20:00+05:30,371.45,374.45,371.45,373.0,15992,,,,,,,,,,,,True,,False,False,False,,,,,,
2025-05-26 09:25:00+05:30,372.8,373.3,371.45,372.15,10403,,,,,,,,,,,,True,,False,False,False,,,,,,
2025-05-26 09:30:00+05:30,372.15,374.45,371.6,374.0,19446,,,,,,,,,,,,True,,False,False,False,,,,,,
2025-05-26 09:35:00+05:30,374.0,376.5,373.35,376.5,22537,373.37,,,,,,,,,,,True,,False,False,False,,,,,,
2025-05-26 09:40:00+05:30,376.2,376.75,375.05,375.4,12171,374.05,,,,,,,,,,,True,,False,False,False,,,,,,
2025-05-26 09:45:00+05:30,375.55,375.85,374.65,375.05,1974,374.38,,,,,,,,,,,True,,False,False,False,,,,,,
2025-05-26 09:50:00+05:30,375.25,375.3,374.35,374.35,3691,374.37,,,,,,,,,,,True,,False,False,False,,,,,,
2025-05-26 09:55:00+05:30,374.5,375.45,372.15,372.6,40346,373.78,,,,,,,,,,,True,,False,False,False,,,,,,
2025-05-26 10:00:00+05:30,372.65,373.8,371.95,373.5,24870,373.69,,,,,,,,,,,True,,False,False,False,,,,,,
2025-05-26 10:05:00+05:30,373.25,373.25,371.75,372.3,11526,373.22,,,,,,,,,,,True,,False,False,False,,,,,,
2025-05-26 10:10:00+05:30,372.5,372.85,371.8,372.75,31893,373.07,,,,,,,,,,,True,,False,False,False,373.6,376.75,368.65,372.75,217468.0,
2025-05-26 10:15:00+05:30,372.7,372.85,371.35,371.6,12655,372.58,,,,,,,,,,,True,,False,False,False,371.45,376.75,371.35,371.6,207504.0,
2025-05-26 10:20:00+05:30,371.6,372.0,371.2,371.35,2618,372.17,,,,,,,,,,,True,,False,False,False,372.8,376.75,371.2,371.35,194130.0,
2025-05-26 10:25:00+05:30,371.5,371.55,369.0,370.5,27931,371.61,,,,,39.6,4.7,366.85,373.7,,,True,,False,False,False,372.15,376.75,369.0,370.5,211658.0,
2025-05-26 10:30:00+05:30,370.75,371.05,370.2,370.7,12725,371.31,,,,,40.97,4.42,366.63,374.62,,,True,,False,False,False,374.0,376.75,369.0,370.7,204937.0,
2025-05-26 10:35:00+05:30,370.7,371.0,369.85,371.0,2872,371.21,,,,,43.05,4.26,366.74,374.11,,,True,,False,False,False,376.2,376.75,369.0,371.0,185272.0,
2025-05-26 10:40:00+05:30,371.15,371.6,370.95,371.0,14008,371.14,,,,,43.05,4.0,367.6,374.95,,,True,,False,False,False,375.55,375.85,369.0,371.0,187109.0,
2025-05-26 10:45:00+05:30,371.25,371.25,370.5,370.75,2899,371.01,,,,,41.63,3.79,367.46,374.29,,,True,,False,False,False,375.25,375.45,369.0,370.75,188034.0,
2025-05-26 10:50:00+05:30,370.75,371.5,370.5,371.5,1702,371.17,372.56,,,,47.25,3.67,367.83,374.17,,,True,,False,False,False,374.5,375.45,369.0,371.5,186045.0,
2025-05-26 10:55:00+05:30,371.45,371.95,371.2,371.45,3165,371.26,372.45,,,,46.93,3.51,368.44,374.71,,,True,,False,False,False,372.65,373.8,369.0,371.45,148864.0,
2025-05-26 11:00:00+05:30,371.2,371.9,371.15,371.8,1105,371.44,372.39,,,,49.54,3.36,368.54,374.51,,,True,,False,False,False,373.25,373.25,369.0,371.8,125099.0,
2025-05-26 11:05:00+05:30,371.8,371.9,371.6,371.85,1150,371.58,372.34,,,,49.92,3.13,368.77,374.73,,,True,,False,False,False,372.5,372.85,369.0,371.85,114723.0,
2025-05-26 11:10:00+05:30,371.85,372.0,371.65,371.7,1555,371.62,372.28,,,,48.74,2.93,369.07,374.58,,,True,,False,False,False,372.7,372.85,369.0,371.7,84385.0,
2025-05-26 11:15:00+05:30,371.95,372.0,371.0,371.4,2281,371.55,372.2,,,,46.37,2.89,369.11,373.89,,,True,,False,False,False,371.6,372.0,369.0,371.4,74011.0,
2025-05-26 11:20:00+05:30,371.1,371.35,369.1,370.55,8666,371.21,372.04,,,,40.38,3.14,368.21,372.24,,,True,,False,False,False,371.5,372.0,369.0,370.55,80059.0,30.4
2025-05-26 11:25:00+05:30,370.35,373.0,370.3,373.0,6017,371.81,372.13,,,,57.44,3.44,369.56,373.74,,,True,,False,False,False,370.75,373.0,369.1,373.0,58145.0,60.86
2025-05-26 11:30:00+05:30,373.0,375.25,372.9,375.0,12960,372.87,372.4,,,,65.99,3.64,371.61,376.54,,,True,,False,False,False,370.7,375.25,369.1,375.0,58380.0,71.74
2025-05-26 11:35:00+05:30,375.0,376.0,372.95,373.55,27797,373.1,372.51,,,,57.04,3.96,372.04,376.91,,,True,,False,False,False,371.15,376.0,369.1,373.55,83305.0,58.95
2025-05-26 11:40:00+05:30,373.5,374.5,373.25,373.95,32432,373.38,372.65,,,,58.71,3.9,370.6,377.15,376.75,368.65,True,,False,False,False,371.25,376.0,369.1,373.95,101729.0,61.01
2025-05-26 11:45:00+05:30,373.6,374.25,373.4,374.25,21997,373.67,372.8,,,,59.96,3.75,370.5,377.15,376.75,369.0,True,,False,False,False,370.75,376.0,369.1,374.25,120827.0,62.54
2025-05-26 11:50:00+05:30,373.8,374.6,372.9,373.9,67965,373.75,372.91,,,,57.76,3.79,370.81,376.69,376.75,369.0,True,,False,False,False,371.45,376.0,369.1,373.9,187090.0,59.61
2025-05-26 11:55:00+05:30,374.2,374.2,371.15,371.45,15031,372.98,372.77,,,,45.24,4.1,370.1,375.25,376.75,369.0,True,,False,False,False,371.2,376.0,369.1,371.45,198956.0,44.08
2025-05-26 12:00:00+05:30,371.6,372.0,370.65,371.3,13966,372.42,372.63,,,,44.6,4.04,367.96,374.69,376.75,369.0,True,,False,False,False,371.8,376.0,369.1,371.3,211817.0,43.33
2025-05-26 12:05:00+05:30,371.5,372.75,371.0,372.25,6222,372.36,372.59,,,,49.46,4.07,368.68,375.07,376.75,369.0,True,,False,False,False,371.85,376.0,369.1,372.25,216889.0,49.19
2025-05-26 12:10:00+05:30,372.5,373.25,372.25,373.1,3335,372.61,372.64,,,,53.39,3.94,369.31,376.19,376.0,369.0,True,,False,False,False,371.95,376.0,369.1,373.1,218669.0,53.79
2025-05-26 12:15:00+05:30,373.1,373.35,371.95,372.4,8508,372.54,372.62,,,,49.94,3.91,369.44,375.86,376.0,369.0,True,,False,False,False,371.1,376.0,369.1,372.4,224896.0,49.79
2025-05-26 12:20:00+05:30,372.35,372.75,372.2,372.7,2451,372.59,372.63,,,,51.39,3.72,369.03,375.92,376.0,369.0,True,,False,False,False,370.35,376.0,370.3,372.7,218681.0,51.45
2025-05-26 12:25:00+05:30,372.7,373.1,372.25,372.85,2532,372.68,372.65,,,,52.14,3.6,369.5,375.85,376.0,369.0,True,,False,False,False,373.0,376.0,370.65,372.85,215196.0,52.31
2025-05-26 12:30:00+05:30,373.1,373.4,372.3,372.75,2843,372.7,372.66,,,,51.57,3.53,369.87,375.83,376.0,369.0,True,,False,False,False,375.0,376.0,370.65,372.75,205079.0,51.66
2025-05-26 12:35:00+05:30,372.8,373.2,372.05,372.5,2940,372.63,372.64,,,,50.1,3.48,369.72,375.53,376.0,369.0,True,,False,False,False,373.5,374.6,370.65,372.5,180222.0,49.98
2025-05-26 12:40:00+05:30,372.2,372.55,372.1,372.3,829,372.52,372.61,,,,48.9,3.31,369.24,375.41,376.0,369.0,True,,False,False,False,373.6,374.6,370.65,372.3,148619.0,48.62
2025-05-26 12:45:00+05:30,372.55,372.55,372.0,372.4,1131,372.48,372.59,,,,49.55,3.16,369.39,375.16,376.0,369.0,True,,False,False,False,373.8,374.6,370.65,372.4,127753.0,49.36
2025-05-26 12:50:00+05:30,372.5,372.7,372.2,372.2,403,372.39,372.55,,,,48.23,3.02,369.68,375.22,376.0,369.0,True,,False,False,False,374.2,374.2,370.65,372.2,60191.0,47.88
2025-05-26 12:55:00+05:30,372.35,372.45,371.55,371.55,2845,372.11,372.46,,,,44.1,2.96,369.49,374.51,376.0,369.1,True,,False,False,False,371.6,373.4,370.65,371.55,48005.0,43.31
2025-05-26 13:00:00+05:30,371.5,372.3,371.5,372.3,4815,372.17,372.44,,,,49.47,2.89,369.41,374.39,376.0,369.1,True,,False,False,False,371.5,373.4,371.0,372.3,38854.0,49.32
2025-05-26 13:05:00+05:30,372.15,372.35,371.8,372.0,1006,372.12,372.4,,,,47.51,2.78,369.57,374.58,376.0,369.1,True,,False,False,False,372.5,373.4,371.5,372.0,33638.0,47.17
2025-05-26 13:10:00+05:30,372.0,372.3,371.7,372.1,836,372.11,372.37,,,,48.24,2.68,369.62,374.38,376.0,369.1,True,,False,False,False,373.1,373.4,371.5,372.1,31139.0,47.98
2025-05-26 13:15:00+05:30,371.9,372.55,371.9,372.5,3388,372.24,372.38,,,,51.2,2.61,369.94,374.51,376.0,369.1,True,,False,False,False,372.35,373.4,371.5,372.5,26019.0,51.22
2025-05-26 13:20:00+05:30,372.5,373.2,372.3,372.6,5261,372.36,372.4,,,,51.94,2.58,370.62,374.88,376.0,369.1,True,,False,False,False,372.7,373.4,371.5,372.6,28829.0,52.03
2025-05-26 13:25:00+05:30,372.65,373.35,372.45,372.55,2543,372.42,372.42,,,,51.52,2.56,370.79,375.01,376.0,369.1,True,,False,False,False,373.1,373.4,371.5,372.55,28840.0,51.57
2025-05-26 13:30:00+05:30,372.55,372.7,372.05,372.6,1274,372.48,372.44,,,,51.94,2.49,370.21,374.54,376.0,369.1,True,,False,False,False,372.8,373.35,371.5,372.6,27271.0,52.02
2025-05-26 13:35:00+05:30,372.6,372.7,372.6,372.7,952,372.55,372.46,,,,52.82,2.32,370.38,374.92,376.0,369.1,True,,False,False,False,372.2,373.35,371.5,372.7,25283.0,52.97
2025-05-26 13:40:00+05:30,372.7,372.7,371.8,371.85,43453,372.32,372.4,,,,45.25,2.32,370.38,374.12,376.0,369.1,True,,False,False,False,372.55,373.35,371.5,371.85,67907.0,44.84
2025-05-26 13:45:00+05:30,372.0,372.0,371.65,371.9,27029,372.18,372.35,,,,45.74,2.21,369.79,373.86,376.0,369.1,True,,False,False,False,372.5,373.35,371.5,371.9,93805.0,45.37
2025-05-26 13:50:00+05:30,372.0,372.0,370.6,371.95,5878,372.1,372.32,,,,46.26,2.31,369.69,372.91,376.0,370.3,True,,False,False,False,372.35,373.35,370.6,371.95,99280.0,45.93
2025-05-26 13:55:00+05:30,371.95,372.5,371.3,371.4,7599,371.87,372.23,,,,41.54,2.36,370.14,373.66,376.0,370.6,True,,False,False,False,371.5,373.35,370.6,371.4,104034.0,40.95
2025-05-26 14:00:00+05:30,371.75,371.85,371.25,371.35,1513,371.7,372.15,,,,41.13,2.3,369.55,373.55,376.0,370.6,True,,False,False,False,372.15,373.35,370.6,371.35,100732.0,40.52
2025-05-26 14:05:00+05:30,371.35,371.95,371.1,371.55,1329,371.65,372.09,,,,43.54,2.28,369.67,373.38,374.6,370.6,True,,False,False,False,372.0,373.35,370.6,371.55,101055.0,43.09
2025-05-26 14:10:00+05:30,371.55,371.85,370.65,370.65,3664,371.31,371.95,,,,36.34,2.34,369.51,372.99,374.6,370.6,True,,False,False,False,371.9,373.35,370.6,370.65,103883.0,35.62
2025-05-26 14:15:00+05:30,370.65,370.95,370.0,370.3,5526,370.98,371.79,,,,33.99,2.34,368.61,372.34,374.6,370.0,True,,False,False,False,372.5,373.35,370.0,370.3,106021.0,33.2
2025-05-26 14:20:00+05:30,370.3,370.85,370.2,370.5,973,370.82,371.67,,,,36.52,2.29,368.56,372.49,374.2,370.0,True,,False,False,False,372.65,373.35,370.0,370.5,101733.0,35.88
2025-05-26 14:25:00+05:30,370.5,371.0,370.3,370.55,1471,370.73,371.56,372.3,,,37.17,2.25,368.75,372.55,373.4,370.0,True,,False,False,False,372.55,372.7,370.0,370.55,100661.0,36.56
2025-05-26 14:30:00+05:30,370.8,370.9,370.0,370.2,5026,370.55,371.43,372.23,,,34.51,2.25,368.65,372.25,373.4,370.0,True,,False,False,False,372.6,372.7,370.0,370.2,104413.0,33.84
2025-05-26 14:35:00+05:30,370.1,370.7,370.1,370.3,1325,370.47,371.33,372.17,,,35.92,2.19,368.51,372.29,373.4,370.0,True,,False,False,False,372.7,372.7,370.0,370.3,104786.0,35.32
2025-05-26 14:40:00+05:30,370.3,371.2,370.2,370.25,24398,370.4,371.22,372.11,,,35.51,2.22,368.98,372.42,373.4,370.0,True,,False,False,False,372.0,372.5,370.0,370.25,85731.0,34.9
2025-05-26 14:45:00+05:30,370.2,371.0,370.2,370.75,30306,370.51,371.18,372.07,,,42.59,2.2,368.8,372.4,373.4,370.0,True,,False,False,False,372.0,372.5,370.0,370.75,89008.0,42.3
2025-05-26 14:50:00+05:30,370.95,372.0,370.95,371.8,2801,370.94,371.24,372.06,,,54.01,2.27,369.73,373.22,373.4,370.0,True,,False,False,False,371.95,372.5,370.0,371.8,85931.0,54.09
2025-05-26 14:55:00+05:30,371.8,372.25,371.45,371.7,4586,371.19,371.28,372.05,,,52.93,2.25,370.0,373.7,373.4,370.0,True,,False,False,False,371.75,372.25,370.0,371.7,82918.0,52.98
2025-05-26 15:00:00+05:30,372.0,372.3,371.55,372.0,4198,371.46,371.35,372.05,,,55.79,2.22,370.08,373.77,373.35,370.0,True,,False,False,False,371.35,372.3,370.0,372.0,85603.0,55.91
2025-05-26 15:05:00+05:30,372.0,372.3,371.5,371.9,2773,371.61,371.4,372.04,,,54.6,2.21,370.09,373.71,373.35,370.0,True,,False,False,False,371.55,372.3,370.0,371.9,87047.0,54.69
2025-05-26 15:10:00+05:30,371.65,373.2,371.5,373.2,13532,372.14,371.57,372.08,,,65.03,2.35,370.85,373.85,373.35,370.0,True,,False,False,False,370.65,373.2,370.0,373.2,96915.0,65.3
2025-05-26 15:15:00+05:30,372.9,373.35,372.25,372.35,16100,372.21,371.65,372.09,,,55.97,2.38,370.97,374.63,373.35,370.0,True,,False,False,False,370.3,373.35,370.0,372.35,107489.0,56.06
2025-05-26 15:20:00+05:30,372.35,373.4,372.35,373.35,20040,372.59,371.81,372.13,,,62.58,2.4,371.0,374.75,373.4,370.0,True,,False,False,False,370.5,373.4,370.0,373.35,126556.0,62.74
2025-05-26 15:25:00+05:30,373.4,376.7,373.0,374.15,27646,373.11,372.03,372.19,,,66.86,2.89,373.81,375.89,376.7,370.0,True,,False,False,False,370.8,376.7,370.0,374.15,152731.0,67.06
2025-05-27 09:15:00+05:30,374.6,374.7,370.4,371.85,17040,372.69,372.02,372.18,,,49.37,3.45,371.25,373.85,376.7,370.0,True,,False,False,False,370.1,376.7,370.1,371.85,164745.0,49.35
2025-05-27 09:20:00+05:30,371.85,372.95,371.65,372.8,7350,372.73,372.09,372.2,,,54.65,3.44,369.51,375.09,376.7,370.0,True,,False,False,False,370.3,376.7,370.2,372.8,170770.0,54.68
2025-05-27 09:25:00+05:30,372.75,372.75,370.2,372.0,16407,372.48,372.08,372.19,,,49.93,3.66,369.09,373.86,376.7,370.0,True,,False,False,False,370.2,376.7,370.2,372.0,162779.0,49.92
2025-05-27 09:30:00+05:30,371.95,371.95,370.85,371.25,4939,372.07,372.0,372.16,,,45.92,3.6,368.35,374.45,376.7,370.0,True,,False,False,False,370.95,376.7,370.2,371.25,137412.0,45.89
2025-05-27 09:35:00+05:30,371.25,372.9,371.2,372.45,7278,372.2,372.04,372.17,,,52.49,3.65,369.25,374.85,376.7,370.0,True,,False,False,False,371.8,376.7,370.2,372.45,141889.0,52.5
2025-05-27 09:40:00+05:30,372.95,374.1,372.5,373.95,12630,372.78,372.23,372.23,,,59.16,3.68,370.42,376.18,376.7,370.0,True,,False,False,False,372.0,376.7,370.2,373.95,149933.0,59.2
2025-05-27 09:45:00+05:30,373.65,374.2,372.9,373.05,9212,372.87,372.3,372.25,,,54.24,3.65,370.55,376.55,376.7,370.0,True,,False,False,False,372.0,376.7,370.2,373.05,154947.0,54.25
2025-05-27 09:50:00+05:30,373.1,373.95,372.1,372.4,7164,372.71,372.31,372.26,,,50.94,3.72,370.23,375.82,376.7,370.0,True,,False,False,False,371.65,376.7,370.2,372.4,159338.0,50.94
2025-05-27 09:55:00+05:30,372.4,372.45,371.5,371.7,3678,372.38,372.26,372.24,,,47.59,3.62,368.83,375.12,376.7,370.0,True,,False,False,False,372.9,376.7,370.2,371.7,149484.0,47.57
2025-05-27 10:00:00+05:30,371.85,371.9,371.5,371.75,2526,372.17,372.21,372.23,,,47.85,3.44,368.46,374.94,376.7,370.0,True,62.25,True,False,False,372.35,376.7,370.2,371.75,135910.0,47.84
2025-05-27 10:05:00+05:30,371.75,372.55,371.65,372.55,3935,372.3,372.24,372.24,,,52.02,3.35,369.2,375.0,376.7,370.0,True,62.25,True,False,False,373.4,376.7,370.2,372.55,119805.0,52.02
2025-05-27 10:10:00+05:30,372.5,372.5,372.1,372.5,1046,372.36,372.26,372.24,,,51.74,3.19,369.31,375.29,376.7,370.0,True,62.25,True,False,False,374.6,374.7,370.2,372.5,93205.0,51.74
2025-05-27 10:15:00+05:30,372.65,372.95,372.2,372.7,3132,372.48,372.31,372.26,,,52.83,3.1,369.85,375.3,376.7,370.0,True,62.25,True,False,False,371.85,374.2,370.2,372.7,79297.0,52.83
2025-05-27 10:20:00+05:30,372.65,373.35,372.0,372.25,11506,372.4,372.3,372.26,,,50.09,3.12,370.23,375.12,376.7,370.0,True,62.25,True,False,False,372.75,374.2,370.2,372.25,83453.0,50.09
2025-05-27 10:25:00+05:30,372.25,372.6,371.65,372.2,27724,372.33,372.29,372.26,,,49.78,3.07,369.53,374.72,376.7,370.0,True,62.25,True,False,False,371.95,374.2,370.85,372.2,94770.0,49.78
2025-05-27 10:30:00+05:30,372.2,373.7,371.95,373.05,2344,372.57,372.36,372.28,,,54.87,3.16,370.54,375.11,376.7,370.0,True,92.9,True,False,False,371.25,374.2,371.2,373.05,92175.0,54.88
2025-05-27 10:35:00+05:30,373.1,373.9,372.75,373.85,12347,373.0,372.51,372.33,,,59.07,3.14,370.76,375.89,376.7,370.0,True,92.9,True,False,False,372.95,374.2,371.5,373.85,97244.0,59.09
2025-05-27 10:40:00+05:30,373.65,374.65,373.5,374.2,18385,373.4,372.67,372.39,,,60.79,3.12,371.53,376.62,376.7,370.0,True,92.9,True,False,False,373.65,374.65,371.5,374.2,102999.0,60.82
2025-05-27 10:45:00+05:30,374.15,376.45,373.0,374.45,51006,373.75,372.84,372.45,,,62.02,3.51,372.94,376.51,376.7,370.1,True,92.9,True,False,False,373.1,376.45,371.5,374.45,144793.0,62.05
2025-05-27 10:50:00+05:30,374.5,374.85,373.05,373.05,20430,373.52,372.86,372.47,,,52.17,3.58,371.27,376.63,376.7,370.2,True,92.9,True,False,False,372.4,376.45,371.5,373.05,158059.0,52.17
2025-05-27 10:55:00+05:30,373.6,378.45,373.4,378.0,32794,375.01,373.35,372.64,,,70.19,4.29,374.16,377.69,378.45,370.2,True,92.9,True,False,False,371.85,378.45,371.5,378.0,187175.0,70.22
2025-05-27 11:00:00+05:30,377.7,381.0,377.55,377.95,59936,375.99,373.78,372.81,,,69.91,4.6,376.4,382.15,381.0,370.2,True,94.17,True,False,False,371.75,381.0,371.65,377.95,244585.0,69.93
2025-05-27 11:05:00+05:30,377.95,378.35,377.05,378.0,21220,376.66,374.19,372.97,,,70.04,4.51,373.84,381.56,381.0,370.2,True,94.17,True,False,False,372.5,381.0,371.65,378.0,261870.0,70.07
2025-05-27 11:10:00+05:30,378.0,378.7,376.5,376.85,15966,376.72,374.44,373.09,,,63.19,4.58,374.12,381.08,381.0,370.2,True,94.17,True,False,False,372.65,381.0,371.65,376.85,276790.0,63.2
2025-05-27 11:15:00+05:30,376.85,378.5,376.85,378.3,17932,377.25,374.81,373.26,,,67.5,4.54,373.96,381.39,381.0,370.2,True,94.17,True,False,False,372.65,381.0,371.65,378.3,291590.0,67.52
2025-05-27 11:20:00+05:30,377.9,379.2,377.55,379.2,9364,377.9,375.23,373.44,,,69.87,4.51,374.69,382.06,381.0,370.2,True,94.17,True,False,False,372.25,381.0,371.65,379.2,289448.0,69.89
2025-05-27 11:25:00+05:30,379.1,380.0,378.05,379.45,14818,378.42,375.63,373.63,,,70.51,4.54,375.46,382.59,381.0,370.2,True,94.17,True,False,False,372.2,381.0,371.95,379.45,276542.0,70.53
2025-05-27 11:30:00+05:30,379.1,380.5,378.95,380.3,40228,379.04,376.07,373.84,,,72.64,4.49,376.01,383.44,381.0,370.2,True,86.14,True,False,False,373.1,381.0,372.75,380.3,314426.0,72.66
2025-05-27 11:35:00+05:30,380.0,380.85,379.35,380.25,16598,379.45,376.47,374.04,,,72.31,4.44,376.41,383.79,381.0,370.2,True,86.14,True,False,False,373.65,381.0,373.0,380.25,318677.0,72.33
2025-05-27 11:40:00+05:30,380.25,380.4,379.5,380.0,11930,379.63,376.81,374.22,,,70.58,4.28,376.12,383.78,381.0,370.2,True,86.14,True,False,False,374.15,381.0,373.0,380.0,312222.0,70.59
2025-05-27 11:45:00+05:30,380.0,380.2,377.55,378.0,13734,379.09,376.92,374.34,,,58.5,4.45,375.75,382.0,381.0,370.2,True,86.14,True,False,False,374.5,381.0,373.05,378.0,274950.0,58.51
2025-05-27 11:50:00+05:30,378.05,378.4,378.0,378.0,4879,378.72,377.02,374.46,,,58.5,4.2,374.2,382.2,381.0,370.2,True,86.14,True,False,False,373.6,381.0,373.4,378.0,259399.0,58.51
2025-05-27 11:55:00+05:30,378.3,379.4,378.0,378.75,9403,378.73,377.19,374.59,,,61.38,4.15,375.25,382.15,381.0,370.85,True,86.14,True,False,False,377.7,381.0,376.5,378.75,236008.0,61.38
2025-05-27 12:00:00+05:30,379.15,379.3,378.3,378.85,4318,378.77,377.35,374.72,,,61.76,4.04,375.26,382.34,381.0,371.2,True,70.81,True,False,False,377.95,380.85,376.5,378.85,180390.0,61.76
2025-05-27 12:05:00+05:30,378.85,379.4,378.25,379.1,2407,378.88,377.51,374.86,,,62.74,3.95,375.45,382.2,381.0,371.5,True,70.81,True,False,False,378.0,380.85,376.5,379.1,161577.0,62.75
2025-05-27 12:10:00+05:30,379.2,379.55,378.7,379.3,4366,379.02,377.68,375.0,,,63.55,3.82,375.73,382.52,381.0,371.5,True,70.81,True,False,False,376.85,380.85,376.85,379.3,149977.0,63.56
2025-05-27 12:15:00+05:30,379.3,379.3,378.3,378.3,3556,378.78,377.74,375.1,,,56.89,3.73,375.57,382.03,381.0,371.5,True,70.81,True,False,False,377.9,380.85,377.55,378.3,135601.0,56.89
2025-05-27 12:20:00+05:30,378.8,378.8,377.05,377.5,9039,378.35,377.72,375.18,,,52.17,3.77,375.03,380.82,381.0,371.5,True,70.81,True,False,False,379.1,380.85,377.05,377.5,135276.0,52.17
2025-05-27 12:25:00+05:30,377.5,377.95,376.55,377.1,27385,377.94,377.66,375.24,,,49.94,3.75,374.2,380.3,381.0,371.5,True,70.81,True,False,False,379.1,380.85,376.55,377.1,147843.0,49.94
2025-05-27 12:30:00+05:30,377.0,378.05,377.0,377.8,22306,377.89,377.67,375.32,,,53.67,3.67,374.38,380.67,381.0,371.65,True,73.98,True,False,False,380.0,380.85,376.55,377.8,129921.0,53.67
2025-05-27 12:35:00+05:30,377.8,378.5,377.55,378.4,3633,378.06,377.74,375.41,,,56.66,3.58,374.92,381.13,381.0,371.65,True,73.98,True,False,False,380.25,380.4,376.55,378.4,116956.0,56.66
2025-05-27 12:40:00+05:30,378.4,378.95,378.0,378.6,2709,378.24,377.82,375.51,,,57.63,3.49,375.46,381.49,381.0,371.65,True,73.98,True,False,False,380.0,380.2,376.55,378.6,107735.0,57.64
2025-05-27 12:45:00+05:30,378.5,378.95,378.05,378.5,2589,378.33,377.89,375.61,,,56.94,3.41,375.54,381.46,381.0,371.65,True,73.98,True,False,False,378.05,379.55,376.55,378.5,96590.0,56.94
2025-05-27 12:50:00+05:30,378.5,380.0,378.4,379.1,10610,378.58,378.0,375.72,,,60.04,3.45,376.55,381.85,381.0,371.65,True,73.98,True,False,False,378.3,380.0,376.55,379.1,102321.0,60.05
2025-05-27 12:55:00+05:30,379.1,379.35,378.15,378.15,581,378.44,378.02,375.79,373.62,,53.48,3.42,375.93,381.57,381.0,371.95,True,73.98,True,False,False,379.15,380.0,376.55,378.15,93499.0,53.48
2025-05-27 13:00:00+05:30,378.5,378.85,378.2,378.6,833,378.49,378.07,375.88,373.7,,55.93,3.3,375.55,381.5,381.0,372.75,True,74.41,True,False,False,378.85,380.0,376.55,378.6,90014.0,55.94
2025-05-27 13:05:00+05:30,378.3,379.0,378.0,378.55,24372,378.51,378.12,375.96,373.78,,55.58,3.24,375.76,381.24,381.0,373.0,True,74.41,True,False,False,379.2,380.0,376.55,378.55,111979.0,55.58
2025-05-27 13:10:00+05:30,378.5,379.3,378.3,379.3,21146,378.77,378.23,376.07,373.87,,59.68,3.19,376.11,381.49,381.0,373.0,True,74.41,True,False,False,379.3,380.0,376.55,379.3,128759.0,59.68
2025-05-27 13:15:00+05:30,379.3,379.9,378.5,379.0,24317,378.85,378.3,376.16,373.96,,57.4,3.21,376.69,381.71,381.0,373.05,True,74.41,True,False,False,378.8,380.0,376.55,379.0,149520.0,57.4
2025-05-27 13:20:00+05:30,379.0,379.6,378.35,378.4,3921,378.7,378.31,376.23,374.03,,53.04,3.2,376.4,381.55,381.0,373.4,True,74.41,True,False,False,377.5,380.0,376.55,378.4,144402.0,53.04
2025-05-27 13:25:00+05:30,378.75,378.9,377.6,378.3,3928,378.57,378.31,376.29,374.1,,52.32,3.21,375.69,380.81,381.0,376.5,True,74.41,True,False,False,377.0,380.0,377.0,378.3,120945.0,52.32
2025-05-27 13:30:00+05:30,378.25,378.9,377.85,378.85,4995,378.66,378.36,376.37,374.18,,55.84,3.17,375.73,381.02,380.85,376.5,True,75.0,True,False,False,377.8,380.0,377.55,378.85,103634.0,55.84
2025-05-27 13:35:00+05:30,378.8,378.95,378.0,378.45,4684,378.59,378.37,376.44,374.25,,52.79,3.11,375.84,381.11,380.85,376.5,True,75.0,True,False,False,378.4,380.0,377.6,378.45,104685.0,52.79
2025-05-27 13:40:00+05:30,378.45,378.75,378.0,378.0,1805,378.39,378.34,376.49,374.31,,49.51,3.02,375.73,381.02,380.85,376.55,True,75.0,True,False,False,378.5,380.0,377.6,378.0,103781.0,49.51
2025-05-27 13:45:00+05:30,377.85,378.8,377.85,378.7,3770,378.5,378.37,376.56,374.39,,54.27,2.97,375.83,380.82,380.85,376.55,True,75.0,True,False,False,378.5,380.0,377.6,378.7,104962.0,54.27
2025-05-27 13:50:00+05:30,378.7,378.8,378.35,378.5,477,378.5,378.38,376.62,374.45,,52.74,2.84,375.96,381.19,380.85,376.55,True,75.0,True,False,False,379.1,379.9,377.6,378.5,94829.0,52.74
2025-05-27 13:55:00+05:30,378.5,378.8,377.6,378.5,3973,378.5,378.39,376.68,374.52,,52.74,2.85,375.95,380.45,380.85,376.55,True,75.0,True,False,False,378.5,379.9,377.6,378.5,98221.0,52.74
2025-05-27 14:00:00+05:30,378.15,378.5,377.45,377.8,3210,378.27,378.34,376.71,374.57,,47.33,2.84,375.66,380.29,380.85,376.55,True,76.73,True,False,False,378.3,379.9,377.45,377.8,100598.0,47.33
2025-05-27 14:05:00+05:30,377.85,378.0,377.45,377.75,3316,378.09,378.28,376.74,374.63,,46.96,2.73,375.27,380.18,380.4,376.55,True,76.73,True,False,False,378.5,379.9,377.45,377.75,79542.0,46.95
2025-05-27 14:10:00+05:30,377.8,377.8,377.1,377.3,1803,377.83,378.19,376.76,374.67,,43.64,2.66,375.14,379.76,380.2,376.55,True,76.73,True,False,False,379.3,379.9,377.1,377.3,60199.0,43.64
2025-05-27 14:15:00+05:30,377.15,378.25,376.65,378.25,9713,377.97,378.19,376.81,374.73,,51.43,2.76,375.49,379.41,380.0,376.55,True,76.73,True,False,False,379.0,379.6,376.65,378.25,45595.0,51.43
2025-05-27 14:20:00+05:30,378.15,378.7,377.2,377.55,9794,377.83,378.13,376.83,374.78,,46.35,2.83,375.87,380.03,380.0,376.55,True,76.73,True,False,False,378.75,378.95,376.65,377.55,51468.0,46.35
2025-05-27 14:25:00+05:30,378.1,379.1,377.65,379.1,2827,378.25,378.22,376.9,374.85,,56.58,2.9,376.2,380.55,380.0,376.55,True,76.73,True,False,False,378.25,379.1,376.65,379.1,50367.0,56.58
2025-05-27 14:30:00+05:30,379.25,380.4,378.95,379.25,30661,378.59,378.32,376.98,374.92,,57.43,2.96,377.44,381.91,380.4,376.55,True,77.84,True,False,False,378.8,380.4,376.65,379.25,76033.0,57.43
2025-05-27 14:35:00+05:30,379.25,380.05,379.2,379.8,15799,378.99,378.46,377.06,375.0,,60.47,2.9,377.15,382.1,380.4,376.55,True,77.84,True,False,False,378.45,380.4,376.65,379.8,87148.0,60.47
2025-05-27 14:40:00+05:30,379.8,380.5,379.65,380.5,15270,379.49,378.66,377.17,375.09,,64.0,2.84,377.66,382.49,380.5,376.55,True,77.84,True,False,False,377.85,380.5,376.65,380.5,100613.0,64.0
2025-05-27 14:45:00+05:30,380.05,380.9,379.5,380.15,46241,379.71,378.8,377.26,375.18,,61.07,2.89,378.01,382.39,380.9,376.55,True,77.84,True,False,False,378.7,380.9,376.65,380.15,143084.0,61.07
2025-05-27 14:50:00+05:30,380.05,380.1,378.45,378.8,25021,379.41,378.8,377.31,375.24,,51.3,2.99,377.11,381.44,380.9,376.55,True,77.84,True,False,False,378.5,380.9,376.65,378.8,167628.0,51.3
2025-05-27 14:55:00+05:30,379.25,379.75,378.9,379.5,4848,379.44,378.87,377.38,375.31,,55.29,2.94,376.81,381.84,380.9,376.65,True,77.84,True,False,False,378.15,380.9,376.65,379.5,168503.0,55.29
2025-05-27 15:00:00+05:30,379.5,380.0,378.1,379.4,10946,379.43,378.92,377.44,375.37,,54.6,3.07,376.93,381.17,380.9,376.65,True,81.4,True,False,False,377.85,380.9,376.65,379.4,176239.0,54.6
2025-05-27 15:05:00+05:30,379.05,380.2,378.9,380.2,7058,379.68,379.04,377.53,375.45,,59.0,3.08,377.12,381.98,380.9,376.65,True,81.4,True,False,False,377.8,380.9,376.65,380.2,179981.0,59.0
2025-05-27 15:10:00+05:30,380.25,380.5,378.9,380.0,9496,379.79,379.13,377.61,375.53,,57.5,3.15,377.35,382.05,380.9,376.65,True,81.4,True,False,False,377.15,380.9,376.65,380.0,187674.0,57.5
2025-05-27 15:15:00+05:30,380.0,380.9,379.9,380.55,19252,380.04,379.27,377.7,375.61,,60.48,3.1,377.8,383.0,380.9,376.65,True,81.4,True,False,False,378.15,380.9,377.2,380.55,197213.0,60.48
2025-05-27 15:20:00+05:30,380.45,381.5,380.25,381.5,38287,380.53,379.48,377.82,375.71,,65.03,3.1,378.4,383.35,381.5,376.65,True,81.4,True,False,False,378.1,381.5,377.65,381.5,225706.0,65.04
2025-05-27 15:25:00+05:30,381.35,381.55,379.6,381.0,50383,380.69,379.62,377.92,375.8,,61.05,3.23,378.32,382.83,381.55,376.65,True,81.4,True,False,False,379.25,381.55,378.1,381.0,273262.0,61.05
2025-05-28 09:15:00+05:30,390.0,390.0,383.6,385.4,203792,382.26,380.17,378.15,375.96,,75.36,4.61,385.39,388.21,390.0,376.65,True,81.4,True,False,False,379.25,390.0,378.1,385.4,446393.0,75.37
2025-05-28 09:20:00+05:30,385.35,385.75,383.1,383.55,52684,382.69,380.5,378.32,376.08,,64.61,4.75,381.0,387.85,390.0,376.65,True,81.4,True,False,False,379.8,390.0,378.1,383.55,483278.0,64.61
2025-05-28 09:25:00+05:30,383.55,384.05,381.0,381.2,59079,382.19,380.56,378.41,376.17,,54.06,4.96,379.09,385.96,390.0,376.65,True,81.4,True,False,False,380.05,390.0,378.1,381.2,527087.0,54.06
2025-05-28 09:30:00+05:30,381.2,382.45,379.8,381.05,66091,381.81,380.61,378.49,376.25,,53.46,5.08,377.37,384.88,390.0,376.65,True,51.45,True,False,False,380.05,390.0,378.1,381.05,546937.0,53.46
2025-05-28 09:35:00+05:30,381.05,381.05,379.1,379.85,27527,381.16,380.54,378.53,376.31,,48.79,5.06,375.99,384.16,390.0,376.65,True,51.45,True,False,False,379.25,390.0,378.1,379.85,549443.0,48.79
2025-05-28 09:40:00+05:30,379.85,380.65,378.2,378.65,40529,380.32,380.36,378.54,376.35,,44.6,5.14,375.51,383.34,390.0,376.65,True,51.45,True,False,False,379.5,390.0,378.1,378.65,585124.0,44.6
2025-05-28 09:45:00+05:30,378.6,378.9,377.5,378.45,27503,379.7,380.18,378.54,376.38,,43.92,5.02,373.88,382.52,390.0,376.65,True,51.45,True,False,False,379.05,390.0,377.5,378.45,601681.0,43.92
2025-05-28 09:50:00+05:30,378.3,380.65,378.05,380.65,15012,380.02,380.22,378.6,376.45,,52.47,5.13,375.52,383.18,390.0,376.65,True,51.45,True,False,False,380.25,390.0,377.5,380.65,609635.0,52.47
2025-05-28 09:55:00+05:30,380.65,382.5,380.6,380.85,42361,380.29,380.28,378.67,376.52,,53.17,5.1,377.4,385.7,390.0,376.65,True,51.45,True,False,False,380.0,390.0,377.5,380.85,642500.0,53.17
2025-05-28 10:00:00+05:30,380.85,381.1,378.0,378.0,23793,379.53,380.06,378.65,376.55,,43.38,5.29,375.81,383.29,390.0,376.65,True,9.21,False,True,False,380.45,390.0,377.5,378.0,647041.0,43.38
2025-05-28 10:05:00+05:30,378.15,378.15,375.3,375.75,59425,378.27,379.65,378.56,376.53,,37.51,5.42,372.73,380.72,390.0,375.3,True,9.21,False,True,False,381.35,390.0,375.3,375.75,668179.0,37.51
2025-05-28 10:10:00+05:30,376.15,377.95,375.7,377.3,21893,377.95,379.43,378.52,376.55,,43.21,5.43,372.52,381.13,390.0,375.3,True,9.21,False,True,False,390.0,390.0,375.3,377.3,639689.0,43.21
2025-05-28 10:15:00+05:30,377.3,377.85,376.05,377.65,10157,377.85,379.26,378.49,376.57,,44.44,5.37,372.48,381.42,390.0,375.3,True,9.21,False,True,False,385.35,385.75,375.3,377.65,446054.0,44.44
2025-05-28 10:20:00+05:30,377.3,377.45,376.4,377.0,9094,377.56,379.04,378.45,376.57,,42.59,5.21,372.24,381.61,390.0,375.3,True,9.21,False,True,False,383.55,384.05,375.3,377.0,402464.0,42.59
2025-05-28 10:25:00+05:30,377.0,377.0,376.1,376.8,7235,377.31,378.83,378.4,376.58,,42.01,5.0,372.0,381.1,390.0,375.3,True,9.21,False,True,False,381.2,382.5,375.3,376.8,350620.0,42.01
2025-05-28 10:30:00+05:30,376.55,377.95,376.1,376.7,18628,377.11,378.63,378.34,376.58,,41.71,4.97,372.98,381.07,390.0,375.3,True,40.42,False,True,False,381.05,382.5,375.3,376.7,303157.0,41.71
2025-05-28 10:35:00+05:30,377.15,377.15,376.55,376.85,780,377.02,378.46,378.3,376.58,,42.39,4.72,372.43,381.27,390.0,375.3,True,40.42,False,True,False,379.85,382.5,375.3,376.85,276410.0,42.39
2025-05-28 10:40:00+05:30,376.8,377.2,376.6,377.1,7283,377.05,378.33,378.26,376.59,,43.56,4.49,372.71,381.09,390.0,375.3,True,40.42,False,True,False,378.6,382.5,375.3,377.1,243164.0,43.56
2025-05-28 10:45:00+05:30,376.85,380.1,376.85,378.3,14932,377.46,378.33,378.26,376.62,,48.95,4.75,375.35,381.6,390.0,375.3,True,40.42,False,True,False,378.3,382.5,375.3,378.3,230593.0,48.95
2025-05-28 10:50:00+05:30,378.7,378.75,378.05,378.6,3766,377.84,378.35,378.27,376.65,,50.23,4.54,374.21,382.59,390.0,375.3,True,40.42,False,True,False,380.65,382.5,375.3,378.6,219347.0,50.23
2025-05-28 10:55:00+05:30,378.6,379.2,378.0,379.2,9939,378.3,378.43,378.3,376.69,,52.78,4.43,374.77,382.43,390.0,375.3,True,40.42,False,True,False,380.85,381.1,375.3,379.2,186925.0,52.78
2025-05-28 11:00:00+05:30,379.0,379.55,378.4,378.4,4944,378.33,378.43,378.3,376.72,,49.16,4.32,375.23,382.72,390.0,375.3,True,36.74,False,True,False,378.15,380.1,375.3,378.4,168076.0,49.16
2025-05-28 11:05:00+05:30,378.45,378.75,377.8,378.0,5218,378.22,378.39,378.29,376.74,,47.41,4.18,374.57,381.98,390.0,375.3,True,36.74,False,True,False,376.15,380.1,375.7,378.0,113869.0,47.41
2025-05-28 11:10:00+05:30,377.95,378.05,377.1,378.05,1860,378.16,378.36,378.29,376.77,,47.66,4.05,374.0,381.15,390.0,375.3,True,36.74,False,True,False,377.3,380.1,376.05,378.05,93836.0,47.66
2025-05-28 11:15:00+05:30,378.15,378.55,377.9,378.5,8022,378.28,378.37,378.29,376.79,,49.97,3.88,374.67,381.78,390.0,375.3,True,36.74,False,True,False,377.3,380.1,376.1,378.5,91701.0,49.97
2025-05-28 11:20:00+05:30,378.55,378.95,378.0,378.05,5766,378.2,378.34,378.28,376.81,,47.71,3.77,375.18,381.77,390.0,375.3,True,36.74,False,True,False,377.0,380.1,376.1,378.05,88373.0,47.71
2025-05-28 11:25:00+05:30,378.05,378.6,377.75,378.55,1454,378.32,378.36,378.29,376.84,,50.4,3.65,374.95,381.4,390.0,375.3,True,36.74,False,True,False,376.55,380.1,376.1,378.55,82592.0,50.4
2025-05-28 11:30:00+05:30,378.55,378.55,377.15,377.7,7033,378.11,378.3,378.27,376.86,,46.06,3.64,374.91,380.79,390.0,375.3,True,31.1,False,True,False,377.15,380.1,376.55,377.7,70997.0,46.06
2025-05-28 11:35:00+05:30,377.7,377.85,377.0,377.45,6086,377.89,378.22,378.25,376.87,,44.83,3.53,374.32,380.53,390.0,375.3,True,31.1,False,True,False,376.8,380.1,376.6,377.45,76303.0,44.83
2025-05-28 11:40:00+05:30,377.5,377.7,377.45,377.7,1939,377.83,378.17,378.23,376.88,,46.37,3.32,374.38,380.77,390.0,375.3,True,31.1,False,True,False,376.85,380.1,376.85,377.7,70959.0,46.37
2025-05-28 11:45:00+05:30,377.7,377.7,376.5,376.85,8405,377.5,378.04,378.19,376.88,,42.08,3.3,374.4,379.8,385.75,375.3,True,31.1,False,True,False,378.7,379.55,376.5,376.85,64432.0,42.08
2025-05-28 11:50:00+05:30,376.6,377.4,376.5,377.25,2773,377.42,377.97,378.16,376.89,,44.67,3.23,374.17,379.73,384.05,375.3,True,31.1,False,True,False,378.6,379.55,376.5,377.25,63439.0,44.67
2025-05-28 11:55:00+05:30,377.25,377.5,376.7,377.35,3176,377.4,377.91,378.13,376.89,,45.33,3.14,374.36,379.84,382.5,375.3,True,31.1,False,True,False,379.0,379.55,376.5,377.35,56676.0,45.33
2025-05-28 12:00:00+05:30,377.3,377.3,376.1,376.4,9076,377.06,377.76,378.08,376.89,,40.41,3.14,374.16,379.24,382.5,375.3,True,29.67,False,True,False,378.45,378.95,376.1,376.4,60808.0,40.41
2025-05-28 12:05:00+05:30,376.3,376.9,376.0,376.3,32588,376.81,377.62,378.02,376.88,,39.92,3.07,373.83,379.07,382.5,375.3,True,29.67,False,True,False,377.95,378.95,376.0,376.3,88178.0,39.92
2025-05-28 12:10:00+05:30,376.3,376.5,375.8,376.0,10928,376.54,377.47,377.96,376.86,,38.41,2.98,373.52,378.78,382.5,375.3,True,29.67,False,True,False,378.15,378.95,375.8,376.0,97246.0,38.41
2025-05-28 12:15:00+05:30,376.1,376.35,375.7,376.35,11871,376.48,377.36,377.91,376.85,,41.2,2.88,373.47,378.58,382.5,375.3,True,29.67,False,True,False,378.55,378.95,375.7,376.35,101095.0,41.2
2025-05-28 12:20:00+05:30,376.3,376.35,376.0,376.2,3186,376.38,377.25,377.86,376.84,,40.36,2.74,373.61,378.74,382.5,375.3,True,29.67,False,True,False,378.05,378.6,375.7,376.2,98515.0,40.36
2025-05-28 12:25:00+05:30,376.2,377.0,376.0,377.0,4424,376.59,377.23,377.83,376.85,,46.64,2.72,374.28,378.72,381.1,375.3,True,29.67,False,True,False,378.55,378.55,375.7,377.0,101485.0,46.64
2025-05-28 12:30:00+05:30,377.0,377.95,377.0,377.85,5700,377.01,377.29,377.83,376.86,,52.38,2.7,375.25,379.7,380.1,375.3,True,40.95,False,True,False,377.7,377.95,375.7,377.85,100152.0,52.38
2025-05-28 12:35:00+05:30,377.85,379.65,377.85,378.75,19160,377.59,377.43,377.86,376.89,,57.58,2.83,376.82,380.68,380.1,375.7,True,40.95,False,True,False,377.5,379.65,375.7,378.75,113226.0,57.58
2025-05-28 12:40:00+05:30,379.05,379.05,378.1,378.5,4392,377.89,377.53,377.88,376.92,,55.76,2.79,376.26,380.89,380.1,375.7,True,40.95,False,True,False,377.7,379.65,375.7,378.5,115679.0,55.76
2025-05-28 12:45:00+05:30,378.8,379.25,378.5,379.1,3448,378.3,377.68,377.92,376.96,,59.1,2.73,376.52,381.23,380.1,375.7,True,40.95,False,True,False,376.6,379.65,375.7,379.1,110722.0,59.1
2025-05-28 12:50:00+05:30,379.1,379.7,378.8,379.2,6421,378.6,377.82,377.96,376.99,,59.65,2.69,377.01,381.49,380.1,375.7,True,40.95,False,True,False,377.25,379.7,375.7,379.2,114370.0,59.65
2025-05-28 12:55:00+05:30,379.0,379.15,378.2,378.35,5612,378.51,377.87,377.97,377.02,,53.14,2.68,376.47,380.88,380.1,375.7,True,40.95,False,True,False,377.3,379.7,375.7,378.35,116806.0,53.14
2025-05-28 13:00:00+05:30,378.35,378.35,377.0,377.0,4814,378.01,377.79,377.94,377.02,,44.78,2.73,375.62,379.73,380.1,375.7,True,36.1,False,True,False,376.3,379.7,375.7,377.0,112544.0,44.78
2025-05-28 13:05:00+05:30,377.2,377.65,376.8,377.65,4179,377.89,377.78,377.93,377.03,,48.94,2.69,374.96,379.49,380.1,375.7,True,36.1,False,True,False,376.3,379.7,375.7,377.65,84135.0,48.94
2025-05-28 13:10:00+05:30,377.65,378.3,377.0,377.1,5352,377.63,377.71,377.9,377.03,,45.79,2.73,375.57,379.73,380.1,375.7,True,36.1,False,True,False,376.1,379.7,375.7,377.1,78559.0,45.79
2025-05-28 13:15:00+05:30,377.1,377.1,376.8,377.0,2458,377.42,377.64,377.88,377.03,,45.23,2.59,374.51,379.39,379.7,375.7,True,36.1,False,True,False,376.3,379.7,376.0,377.0,69146.0,45.23
2025-05-28 13:20:00+05:30,377.0,377.0,376.4,376.4,2297,377.08,377.53,377.83,377.02,,41.86,2.51,374.49,378.91,379.7,375.7,True,36.1,False,True,False,376.2,379.7,376.0,376.4,68257.0,41.86
2025-05-28 13:25:00+05:30,376.75,377.35,376.0,377.3,7296,377.15,377.5,377.81,377.02,,48.1,2.57,374.78,378.57,379.7,375.7,True,36.1,False,True,False,377.0,379.7,376.0,377.3,71129.0,48.1
2025-05-28 13:30:00+05:30,377.0,377.5,377.0,377.25,1359,377.18,377.48,377.8,377.02,,47.79,2.48,375.02,379.48,379.7,375.7,True,33.84,False,True,False,377.85,379.7,376.0,377.25,66788.0,47.79
2025-05-28 13:35:00+05:30,377.25,377.25,376.5,376.85,3100,377.07,377.42,377.77,377.02,,45.3,2.43,374.82,378.93,379.7,375.7,True,33.84,False,True,False,379.05,379.7,376.0,376.85,50728.0,45.3
2025-05-28 13:40:00+05:30,376.8,377.1,376.5,376.6,663,376.92,377.34,377.73,377.01,,43.77,2.37,374.73,378.87,379.7,375.7,True,33.84,False,True,False,378.8,379.7,376.0,376.6,46999.0,43.77
2025-05-28 13:45:00+05:30,376.85,377.15,376.4,376.85,1684,376.89,377.3,377.7,377.01,,45.75,2.33,374.82,378.73,379.7,375.7,True,33.84,False,True,False,379.1,379.7,376.0,376.85,45235.0,45.75
2025-05-28 13:50:00+05:30,376.7,377.0,376.4,376.65,5847,376.81,377.23,377.67,377.01,,44.4,2.27,374.73,378.67,379.7,375.7,True,33.84,False,True,False,379.0,379.15,376.0,376.65,44661.0,44.4
2025-05-28 13:55:00+05:30,376.4,376.85,376.05,376.75,3917,376.79,377.19,377.64,377.0,,45.27,2.25,374.6,378.3,379.7,375.7,True,33.84,False,True,False,378.35,378.35,376.0,376.75,42966.0,45.27
2025-05-28 14:00:00+05:30,376.75,376.85,375.3,375.4,11594,376.33,377.02,377.57,376.98,,36.9,2.37,374.48,377.67,379.7,375.3,True,34.64,False,True,False,377.2,378.3,375.3,375.4,49746.0,36.9
2025-05-28 14:05:00+05:30,375.3,376.65,375.1,376.2,12590,376.29,376.94,377.53,376.96,,43.56,2.48,374.17,377.58,379.7,375.1,True,34.64,False,True,False,377.65,378.3,375.1,376.2,58157.0,43.56
2025-05-28 14:10:00+05:30,376.0,377.0,376.0,376.8,2307,376.46,376.93,377.51,376.96,,47.99,2.48,374.52,378.48,379.7,375.1,True,34.64,False,True,False,377.1,377.5,375.1,376.8,55112.0,47.99
2025-05-28 14:15:00+05:30,376.8,377.8,376.55,377.5,2740,376.8,376.98,377.51,376.97,,52.66,2.52,375.28,379.07,379.7,375.1,True,34.64,False,True,False,377.0,377.8,375.1,377.5,55394.0,52.66
2025-05-28 14:20:00+05:30,377.5,377.5,376.65,377.0,1121,376.87,376.98,377.49,376.97,,49.26,2.5,375.0,379.15,379.7,375.1,True,34.64,False,True,False,376.75,377.8,375.1,377.0,54218.0,49.26
2025-05-28 14:25:00+05:30,376.85,377.15,376.3,376.85,5782,376.86,376.97,377.47,376.97,,48.25,2.47,374.68,378.77,379.7,375.1,True,34.64,False,True,False,377.0,377.8,375.1,376.85,52704.0,48.25
2025-05-28 14:30:00+05:30,376.85,377.65,376.85,377.15,3146,376.96,376.99,377.46,376.97,,50.43,2.44,375.21,379.29,379.7,375.1,True,43.17,False,True,False,377.25,377.8,375.1,377.15,54491.0,50.43
2025-05-28 14:35:00+05:30,377.4,377.55,376.4,376.6,1921,376.84,376.95,377.43,376.96,,46.56,2.47,375.08,378.87,379.7,375.1,True,43.17,False,True,False,376.8,377.8,375.1,376.6,53312.0,46.56
2025-05-28 14:40:00+05:30,376.8,377.45,376.55,377.1,6735,376.93,376.96,377.42,376.97,,50.3,2.45,375.0,379.0,379.7,375.1,True,43.17,False,True,False,376.85,377.8,375.1,377.1,59384.0,50.3
2025-05-28 14:45:00+05:30,377.45,378.5,377.25,378.15,9355,377.33,377.08,377.44,376.99,,57.09,2.53,375.97,379.78,379.7,375.1,True,43.17,False,True,False,376.7,378.5,375.1,378.15,67055.0,57.09
2025-05-28 14:50:00+05:30,378.45,378.75,377.95,377.95,8729,377.54,377.16,377.46,377.0,,55.53,2.49,376.26,380.44,379.7,375.1,True,43.17,False,True,False,376.4,378.75,375.1,377.95,69937.0,55.53
2025-05-28 14:55:00+05:30,377.8,378.75,377.5,378.0,8632,377.69,377.24,377.48,377.02,,55.86,2.53,376.22,380.03,379.7,375.1,True,43.17,False,True,False,376.75,378.75,375.1,378.0,74652.0,55.86
2025-05-28 15:00:00+05:30,378.0,378.15,377.1,377.7,7292,377.7,377.28,377.48,377.03,,53.35,2.54,375.61,379.64,379.7,375.1,True,31.59,False,True,False,375.3,378.75,375.1,377.7,70350.0,53.35
2025-05-28 15:05:00+05:30,377.7,378.7,377.25,378.25,21420,377.88,377.38,377.51,377.05,,57.15,2.62,376.08,379.87,379.7,375.1,True,31.59,False,True,False,376.0,378.75,376.0,378.25,79180.0,57.15
2025-05-28 15:10:00+05:30,378.65,378.65,377.15,377.75,9765,377.84,377.41,377.52,377.06,,52.92,2.7,375.95,379.85,379.7,375.1,True,31.59,False,True,False,376.8,378.75,376.3,377.75,86638.0,52.92
2025-05-28 15:15:00+05:30,377.75,377.95,375.5,376.2,28520,377.29,377.3,377.47,377.05,,42.45,2.94,375.01,378.44,379.7,375.1,True,31.59,False,True,False,377.5,378.75,375.5,376.2,112418.0,42.45
2025-05-28 15:20:00+05:30,376.1,376.95,375.6,376.0,32557,376.86,377.17,377.43,377.03,,41.31,2.97,373.98,378.57,379.15,375.1,True,31.59,False,True,False,376.85,378.75,375.5,376.0,143854.0,41.31
2025-05-28 15:25:00+05:30,376.3,378.0,373.25,375.0,40581,376.24,376.97,377.35,377.0,,36.1,3.61,374.39,376.86,378.75,373.25,True,31.59,False,True,False,376.85,378.75,373.25,375.0,178653.0,36.1
2025-05-29 09:15:00+05:30,380.4,380.9,373.7,374.7,74183,375.73,376.75,377.27,376.96,,34.69,4.64,376.26,378.34,380.9,373.25,True,31.59,False,True,False,377.4,380.9,373.25,374.7,249690.0,34.69
2025-05-29 09:20:00+05:30,374.7,376.0,373.3,375.45,32208,375.63,376.63,377.21,376.93,,40.91,4.79,371.21,378.09,380.9,373.25,True,31.59,False,True,False,376.8,380.9,373.25,375.45,279977.0,40.91
2025-05-29 09:25:00+05:30,375.45,377.0,375.1,376.65,16531,375.97,376.63,377.2,376.93,,49.25,4.79,372.21,379.89,380.9,373.25,True,31.59,False,True,False,377.45,380.9,373.25,376.65,289773.0,49.25
2025-05-29 09:30:00+05:30,376.8,379.95,376.75,379.25,18606,377.07,376.88,377.26,376.97,,61.81,5.03,374.92,381.78,380.9,373.25,True,13.23,False,True,False,378.45,380.9,373.25,379.25,299024.0,61.81
2025-05-29 09:35:00+05:30,379.3,383.2,378.6,380.2,32486,378.11,377.19,377.35,377.02,,65.2,5.5,377.7,384.1,383.2,373.25,True,13.23,False,True,False,377.8,383.2,373.25,380.2,322781.0,65.2
2025-05-29 09:40:00+05:30,380.2,380.5,378.25,379.55,19792,378.59,377.42,377.42,377.06,,61.2,5.5,375.0,383.75,383.2,373.25,True,13.23,False,True,False,378.0,383.2,373.25,379.55,333941.0,61.2
2025-05-29 09:45:00+05:30,379.8,380.2,377.0,377.35,9914,378.18,377.41,377.42,377.07,,50.01,5.68,374.52,382.68,383.2,373.25,True,13.23,False,True,False,377.7,383.2,373.25,377.35,336563.0,50.01
2025-05-29 09:50:00+05:30,377.4,377.75,376.0,376.9,10996,377.75,377.36,377.4,377.06,375.78,48.07,5.59,372.16,381.59,383.2,373.25,True,13.23,False,True,False,378.65,383.2,373.25,376.9,326139.0,48.07
2025-05-29 09:55:00+05:30,376.85,377.5,374.95,375.65,36815,377.05,377.2,377.35,377.04,375.78,43.08,5.65,371.85,380.6,383.2,373.25,True,13.23,False,True,False,377.75,383.2,373.25,375.65,353189.0,43.08
2025-05-29 10:00:00+05:30,375.7,376.4,375.5,376.0,2301,376.7,377.09,377.31,377.02,375.79,44.81,5.4,371.0,380.9,383.2,373.25,True,35.45,False,True,False,376.1,383.2,373.25,376.0,326970.0,44.81
2025-05-29 10:05:00+05:30,376.0,376.5,375.95,376.15,3592,376.52,377.0,377.27,377.01,375.79,45.57,5.12,371.38,381.07,383.2,373.25,True,35.45,False,True,False,376.3,383.2,373.25,376.15,298005.0,45.57
2025-05-29 10:10:00+05:30,376.0,376.1,375.1,375.65,4769,376.23,376.87,377.22,376.99,375.79,43.42,4.94,371.16,380.04,383.2,373.25,True,35.45,False,True,False,380.4,383.2,373.3,375.65,262193.0,43.42
2025-05-29 10:15:00+05:30,375.9,376.2,375.5,375.6,1445,376.02,376.75,377.17,376.96,375.79,43.2,4.71,371.49,380.21,383.2,373.25,True,35.45,False,True,False,374.7,383.2,373.3,375.6,189455.0,43.2
2025-05-29 10:20:00+05:30,375.8,376.6,375.65,375.95,5711,376.0,376.67,377.13,376.95,375.79,45.29,4.55,372.05,380.2,383.2,373.25,True,35.45,False,True,False,375.45,383.2,374.95,375.95,162958.0,45.29
2025-05-29 10:25:00+05:30,376.0,376.4,375.45,376.2,15924,376.06,376.63,377.1,376.93,375.79,46.79,4.4,372.0,379.85,383.2,373.25,True,35.45,False,True,False,376.8,383.2,374.95,376.2,162351.0,46.79
2025-05-29 10:30:00+05:30,375.95,376.0,374.6,375.55,26916,375.89,376.52,377.05,376.91,375.79,43.45,4.37,371.63,378.97,383.2,373.25,True,63.68,True,False,False,379.3,383.2,374.6,375.55,170661.0,43.45
2025-05-29 10:35:00+05:30,375.7,375.7,374.95,375.45,23346,375.75,376.42,377.0,376.89,375.79,42.94,4.19,371.51,379.14,383.2,373.25,True,63.68,True,False,False,380.2,380.5,374.6,375.45,161521.0,42.94
2025-05-29 10:40:00+05:30,375.15,377.2,374.8,376.45,20542,375.98,376.42,376.98,376.88,375.79,49.33,4.32,372.88,379.12,383.2,373.25,True,63.68,True,False,False,379.8,380.2,374.6,376.45,162271.0,49.33
2025-05-29 10:45:00+05:30,376.5,377.7,376.0,377.35,14416,376.44,376.51,377.0,376.89,375.8,54.29,4.31,373.39,380.31,383.2,373.25,True,63.68,True,False,False,377.4,377.75,374.6,377.35,166773.0,54.29
2025-05-29 10:50:00+05:30,377.25,379.2,376.4,378.95,35417,377.27,376.74,377.06,376.92,375.83,61.5,4.51,374.69,380.91,383.2,373.25,True,63.68,True,False,False,376.85,379.2,374.6,378.95,191194.0,61.5
2025-05-29 10:55:00+05:30,378.5,379.55,377.45,377.75,18665,377.43,376.84,377.08,376.94,375.85,54.55,4.56,374.99,382.01,383.2,373.25,True,63.68,True,False,False,375.7,379.55,374.6,377.75,173044.0,54.55
2025-05-29 11:00:00+05:30,377.7,379.45,377.3,378.55,8284,377.81,377.0,377.12,376.96,375.87,57.96,4.62,374.83,381.92,383.2,373.25,True,90.9,True,False,False,376.0,379.55,374.6,378.55,179027.0,57.96
2025-05-29 11:05:00+05:30,378.55,379.15,378.35,378.65,4265,378.09,377.16,377.17,376.99,375.89,58.38,4.43,374.72,382.78,383.2,373.25,True,90.9,True,False,False,376.0,379.55,374.6,378.65,179700.0,58.38
2025-05-29 11:10:00+05:30,378.55,381.8,378.2,381.15,27764,379.11,377.54,377.3,377.06,375.94,67.21,4.76,377.04,382.96,383.2,373.25,True,90.9,True,False,False,375.9,381.8,374.6,381.15,202695.0,67.21
2025-05-29 11:15:00+05:30,381.15,383.6,381.15,382.3,37852,380.17,377.99,377.45,377.15,375.99,70.33,4.85,378.75,386.0,383.6,373.25,True,90.9,True,False,False,375.8,383.6,374.6,382.3,239102.0,70.33
2025-05-29 11:20:00+05:30,382.35,382.9,381.9,382.7,8781,381.01,378.44,377.62,377.24,376.05,71.35,4.69,378.21,386.59,383.6,373.25,True,90.9,True,False,False,376.0,383.6,374.6,382.7,242172.0,71.35
2025-05-29 11:25:00+05:30,382.75,388.0,382.2,387.6,73470,383.21,379.31,377.93,377.41,376.15,80.3,5.39,382.61,387.59,388.0,373.25,True,90.9,True,False,False,375.95,388.0,374.6,387.6,299718.0,80.3
2025-05-29 11:30:00+05:30,387.95,388.8,385.2,385.45,50177,383.96,379.9,378.16,377.54,376.23,69.97,5.65,383.15,390.85,388.8,373.25,True,64.48,True,False,False,375.7,388.8,374.8,385.45,322979.0,69.97
2025-05-29 11:35:00+05:30,385.9,386.0,384.7,385.15,15239,384.35,380.4,378.38,377.67,376.31,68.65,5.47,380.53,390.17,388.8,373.25,True,64.48,True,False,False,375.15,388.8,374.8,385.15,314872.0,68.65
2025-05-29 11:40:00+05:30,385.5,385.9,384.55,385.1,9600,384.6,380.85,378.59,377.79,376.38,68.42,5.32,380.58,389.87,388.8,373.3,True,64.48,True,False,False,376.5,388.8,376.0,385.1,303930.0,68.42
2025-05-29 11:45:00+05:30,385.1,385.2,383.0,383.3,13759,384.17,381.08,378.74,377.88,376.44,60.47,5.34,379.86,388.34,388.8,373.3,True,64.48,True,False,False,377.25,388.8,376.4,383.3,303273.0,60.47
2025-05-29 11:50:00+05:30,383.3,383.6,383.0,383.6,7837,383.98,381.32,378.89,377.98,376.5,61.28,5.06,378.54,388.06,388.8,374.6,True,64.48,True,False,False,378.5,388.8,377.3,383.6,275693.0,61.28
2025-05-29 11:55:00+05:30,383.6,383.7,382.15,382.6,12520,383.52,381.44,379.01,378.05,376.55,57.09,4.98,378.72,387.13,388.8,374.6,True,64.48,True,False,False,377.7,388.8,377.3,382.6,269548.0,57.09
2025-05-29 12:00:00+05:30,382.6,383.35,382.35,382.7,6415,383.25,381.56,379.12,378.13,376.61,57.4,4.8,378.55,387.15,388.8,374.6,True,69.86,True,False,False,378.55,388.8,378.2,382.7,267679.0,57.4
2025-05-29 12:05:00+05:30,382.5,384.0,382.5,383.6,12179,383.36,381.76,379.26,378.22,376.67,60.22,4.73,379.27,387.23,388.8,374.6,True,69.86,True,False,False,378.55,388.8,378.2,383.6,275593.0,60.22
2025-05-29 12:10:00+05:30,383.65,383.65,382.8,383.5,2525,383.41,381.92,379.4,378.31,376.72,59.75,4.54,379.11,387.34,388.8,374.6,True,69.86,True,False,False,381.15,388.8,381.15,383.5,250354.0,59.75
2025-05-29 12:15:00+05:30,383.4,383.55,383.0,383.5,1132,383.44,382.07,379.52,378.39,376.78,59.75,4.31,379.24,387.31,388.8,374.6,True,69.86,True,False,False,382.35,388.8,381.9,383.5,213634.0,59.75
2025-05-29 12:20:00+05:30,383.15,383.95,383.05,383.8,54802,383.56,382.24,379.66,378.48,376.84,60.82,4.17,379.78,387.22,388.8,374.6,True,69.86,True,False,False,382.75,388.8,382.15,383.8,259655.0,60.82
2025-05-29 12:25:00+05:30,383.55,385.45,383.15,385.45,45878,384.19,382.54,379.84,378.6,376.92,66.15,4.28,381.17,387.43,388.8,374.6,True,69.86,True,False,False,387.95,388.8,382.15,385.45,232063.0,66.15
2025-05-29 12:30:00+05:30,385.4,387.9,385.3,386.25,27231,384.88,382.9,380.04,378.72,377.0,68.39,4.44,383.46,389.74,388.8,374.6,True,72.81,True,False,False,385.9,387.9,382.15,386.25,209117.0,68.39
2025-05-29 12:35:00+05:30,386.25,386.9,385.9,385.9,8010,385.22,383.18,380.22,378.84,377.07,66.32,4.3,382.6,390.2,388.8,374.6,True,72.81,True,False,False,385.5,387.9,382.15,385.9,201888.0,66.32
2025-05-29 12:40:00+05:30,385.5,388.0,385.5,387.6,10010,386.01,383.6,380.45,378.99,377.16,70.93,4.44,383.56,389.94,388.8,374.6,True,72.81,True,False,False,385.1,388.0,382.15,387.6,202298.0,70.93
2025-05-29 12:45:00+05:30,387.35,387.45,386.3,386.3,13430,386.11,383.86,380.63,379.11,377.24,63.74,4.35,383.1,390.65,388.8,374.6,True,72.81,True,False,False,383.3,388.0,382.15,386.3,201969.0,63.74
2025-05-29 12:50:00+05:30,386.5,387.0,385.05,385.65,38883,385.96,384.03,380.79,379.22,377.31,60.45,4.39,382.61,389.44,388.8,374.6,True,72.81,True,False,False,383.6,388.0,382.15,385.65,233015.0,60.45
2025-05-29 12:55:00+05:30,385.75,387.7,385.5,387.35,46868,386.42,384.35,381.0,379.35,377.4,65.48,4.47,383.23,389.97,388.8,374.6,True,72.81,True,False,False,382.6,388.0,382.35,387.35,267363.0,65.48
2025-05-29 13:00:00+05:30,387.65,388.0,386.45,387.15,28483,386.66,384.61,381.19,379.48,377.48,64.44,4.43,383.57,390.88,388.8,374.8,True,68.44,True,False,False,382.5,388.0,382.5,387.15,289431.0,64.44
2025-05-29 13:05:00+05:30,387.15,387.15,386.0,386.75,2665,386.69,384.82,381.36,379.6,377.56,62.31,4.32,382.83,390.32,388.8,374.8,True,68.44,True,False,False,383.65,388.0,382.8,386.75,279917.0,62.31
2025-05-29 13:10:00+05:30,386.4,387.25,386.35,387.0,15380,386.79,385.02,381.54,379.72,377.64,63.13,4.17,383.08,390.52,388.8,376.0,True,68.44,True,False,False,383.4,388.0,383.0,387.0,292772.0,63.13
2025-05-29 13:15:00+05:30,386.95,387.0,385.75,386.0,5893,386.53,385.12,381.68,379.83,377.71,57.73,4.09,382.91,389.84,388.8,376.4,True,68.44,True,False,False,383.15,388.0,383.05,386.0,297533.0,57.73
2025-05-29 13:20:00+05:30,386.0,386.4,385.75,386.4,3730,386.49,385.24,381.83,379.93,377.79,59.23,3.92,382.48,389.67,388.8,377.3,True,68.44,True,False,False,383.55,388.0,383.15,386.4,246461.0,59.23
2025-05-29 13:25:00+05:30,386.3,386.95,386.2,386.2,8266,386.39,385.33,381.96,380.04,377.86,58.12,3.77,383.18,389.97,388.8,377.3,True,68.44,True,False,False,385.4,388.0,385.05,386.2,208849.0,58.12
2025-05-29 13:30:00+05:30,386.5,387.0,385.75,386.6,16673,386.46,385.45,382.11,380.15,377.93,59.75,3.73,383.27,389.48,388.8,378.2,True,61.83,True,False,False,386.25,388.0,385.05,386.6,198291.0,59.75
2025-05-29 13:35:00+05:30,386.65,386.75,385.25,385.6,4521,386.17,385.47,382.22,380.24,378.0,54.08,3.73,383.02,388.98,388.8,378.2,True,61.83,True,False,False,385.5,388.0,385.05,385.6,194802.0,54.08
2025-05-29 13:40:00+05:30,385.6,385.6,384.2,384.25,7481,385.53,385.35,382.28,380.3,378.05,47.53,3.71,381.89,387.91,388.8,381.15,True,61.83,True,False,False,387.35,388.0,384.2,384.25,192273.0,47.53
2025-05-29 13:45:00+05:30,384.35,384.4,384.1,384.35,2928,385.14,385.26,382.34,380.37,378.11,48.03,3.5,380.9,387.6,388.8,381.9,True,61.83,True,False,False,386.5,388.0,384.1,384.35,181771.0,48.03
2025-05-29 13:50:00+05:30,384.3,384.9,383.9,383.9,7729,384.73,385.13,382.39,380.43,378.16,45.9,3.43,381.47,387.33,388.8,382.15,True,61.83,True,False,False,385.75,388.0,383.9,383.9,150617.0,45.9
2025-05-29 13:55:00+05:30,383.9,384.55,383.5,384.3,2132,384.58,385.05,382.45,380.49,378.21,48.11,3.37,381.18,386.87,388.8,382.15,True,61.83,True,False,False,387.65,388.0,383.5,384.3,105881.0,48.11
2025-05-29 14:00:00+05:30,384.6,385.3,384.35,384.7,6437,384.62,385.01,382.52,380.56,378.26,50.29,3.31,381.99,387.66,388.0,382.15,True,62.35,True,False,False,387.15,387.25,383.5,384.7,83835.0,50.29
2025-05-29 14:05:00+05:30,385.0,385.2,384.5,384.55,27749,384.6,384.97,382.59,380.63,378.32,49.45,3.2,382.0,387.7,388.0,382.15,True,62.35,True,False,False,386.4,387.25,383.5,384.55,108919.0,49.45
2025-05-29 14:10:00+05:30,384.9,385.1,384.25,384.3,25454,384.5,384.91,382.64,380.69,378.37,48.01,3.12,381.98,387.37,388.0,382.15,True,62.35,True,False,False,386.95,387.0,383.5,384.3,118993.0,48.01
2025-05-29 14:15:00+05:30,384.35,384.85,383.85,384.0,1516,384.33,384.82,382.68,380.74,378.42,46.27,3.08,381.77,386.93,388.0,382.15,True,62.35,True,False,False,386.0,387.0,383.5,384.0,114616.0,46.27
2025-05-29 14:20:00+05:30,384.0,384.65,384.0,384.5,19610,384.39,384.79,382.74,380.81,378.47,49.55,2.97,381.68,386.97,388.0,382.15,True,62.35,True,False,False,386.3,387.0,383.5,384.5,130496.0,49.55
2025-05-29 14:25:00+05:30,384.3,384.95,384.2,384.55,33814,384.44,384.77,382.8,380.87,378.52,49.88,2.89,382.06,387.09,388.0,382.35,True,62.35,True,False,False,386.5,387.0,383.5,384.55,156044.0,49.88
2025-05-29 14:30:00+05:30,384.85,385.0,384.15,384.5,4366,384.46,384.74,382.85,380.93,378.57,49.53,2.84,382.16,386.99,388.0,382.5,True,63.31,True,False,False,386.65,386.75,383.5,384.5,143737.0,49.53
2025-05-29 14:35:00+05:30,384.85,387.5,384.55,387.5,7299,385.47,385.0,382.99,381.04,378.65,65.22,3.17,384.33,387.72,388.0,382.8,True,63.31,True,False,False,385.6,387.5,383.5,387.5,146515.0,65.22
2025-05-29 14:40:00+05:30,387.15,387.5,385.6,385.9,5219,385.62,385.09,383.09,381.12,378.71,55.34,3.29,384.21,388.89,388.0,383.0,True,63.31,True,False,False,384.35,387.5,383.5,385.9,144253.0,55.34
2025-05-29 14:45:00+05:30,386.2,386.3,384.9,385.9,38232,385.71,385.17,383.17,381.2,378.77,55.34,3.3,383.0,388.2,388.0,383.05,True,63.31,True,False,False,384.3,387.5,383.5,385.9,179557.0,55.34
2025-05-29 14:50:00+05:30,385.7,385.95,384.3,384.35,35587,385.26,385.09,383.21,381.25,378.82,47.29,3.36,382.59,387.66,388.0,383.15,True,63.31,True,False,False,383.9,387.5,383.5,384.35,207415.0,47.29
2025-05-29 14:55:00+05:30,384.75,385.1,384.25,385.0,10975,385.17,385.08,383.27,381.31,378.87,50.54,3.27,381.83,387.52,388.0,383.5,True,63.31,True,False,False,384.6,387.5,383.85,385.0,216258.0,50.54
2025-05-29 15:00:00+05:30,384.8,385.85,384.35,384.9,9053,385.08,385.06,383.32,381.37,378.92,50.03,3.31,382.54,387.66,388.0,383.5,True,67.3,True,False,False,385.0,387.5,383.85,384.9,218874.0,50.03
2025-05-29 15:05:00+05:30,384.8,385.35,383.8,384.25,7907,384.8,384.99,383.35,381.42,378.97,46.72,3.35,382.0,387.15,388.0,383.5,True,67.3,True,False,False,384.9,387.5,383.8,384.25,199032.0,46.72
2025-05-29 15:10:00+05:30,383.9,388.95,383.9,388.0,132514,385.87,385.27,383.49,381.53,379.05,62.23,4.01,384.94,387.91,388.95,383.5,True,67.3,True,False,False,384.35,388.95,383.8,388.0,306092.0,62.23
2025-05-29 15:15:00+05:30,388.0,388.3,387.0,387.7,23831,386.48,385.5,383.62,381.63,379.12,60.71,3.95,384.35,390.95,388.95,383.5,True,67.3,True,False,False,384.0,388.95,383.8,387.7,328407.0,60.71
2025-05-29 15:20:00+05:30,387.55,388.0,387.15,387.45,48273,386.8,385.69,383.74,381.72,379.19,59.4,3.82,384.18,390.97,388.95,383.5,True,67.3,True,False,False,384.3,388.95,383.8,387.45,357070.0,59.4
2025-05-29 15:25:00+05:30,387.45,387.85,386.0,387.0,73382,386.87,385.81,383.84,381.81,379.26,57.03,3.88,383.97,389.88,388.95,383.5,True,67.3,True,False,False,384.85,388.95,383.8,387.0,396638.0,57.03
2025-05-30 09:15:00+05:30,386.25,387.15,381.1,384.0,59157,385.91,385.64,383.85,381.85,379.3,44.31,4.68,382.47,385.78,388.95,381.1,True,67.3,True,False,False,384.85,388.95,381.1,384.0,451429.0,44.31
2025-05-30 09:20:00+05:30,383.95,385.15,383.1,384.95,32996,385.59,385.58,383.88,381.9,379.35,48.25,4.72,380.43,387.82,388.95,381.1,True,67.3,True,False,False,387.15,388.95,381.1,384.95,477126.0,48.25
2025-05-30 09:25:00+05:30,384.55,385.75,384.0,384.9,21029,385.36,385.51,383.92,381.95,379.39,48.05,4.69,381.06,388.69,388.95,381.1,True,67.3,True,False,False,386.2,388.95,381.1,384.9,492936.0,48.05
2025-05-30 09:30:00+05:30,384.55,385.4,383.8,384.45,17567,385.06,385.41,383.93,381.99,379.44,46.26,4.64,380.76,388.44,388.95,381.1,True,38.25,False,True,False,385.7,388.95,381.1,384.45,472271.0,46.26
2025-05-30 09:35:00+05:30,384.1,385.0,383.7,384.15,13923,384.75,385.29,383.94,382.02,379.48,45.06,4.54,380.46,388.24,388.95,381.1,True,38.25,False,True,False,384.75,388.95,381.1,384.15,450607.0,45.06
2025-05-30 09:40:00+05:30,384.1,386.8,384.1,386.65,12755,385.39,385.42,384.02,382.1,379.54,55.47,4.7,382.1,388.8,388.95,381.1,True,38.25,False,True,False,384.8,388.95,381.1,386.65,452387.0,55.47
2025-05-30 09:45:00+05:30,386.6,387.3,385.05,385.1,19637,385.29,385.39,384.06,382.15,379.59,49.24,4.77,382.53,389.82,388.95,381.1,True,38.25,False,True,False,384.8,388.95,381.1,385.1,462971.0,49.24
2025-05-30 09:50:00+05:30,385.25,385.7,384.0,384.0,7825,384.86,385.26,384.06,382.18,379.62,45.35,4.73,380.97,388.73,388.95,381.1,True,38.25,False,True,False,383.9,388.95,381.1,384.0,462889.0,45.35
2025-05-30 09:55:00+05:30,384.0,385.3,384.0,384.0,13872,384.57,385.14,384.05,382.21,379.66,45.35,4.62,380.68,388.62,388.95,381.1,True,38.25,False,True,False,388.0,388.3,381.1,384.0,344247.0,45.35
2025-05-30 10:00:00+05:30,384.3,384.65,383.5,383.75,7325,384.3,385.01,384.04,382.24,379.7,44.42,4.5,380.15,388.0,388.95,381.1,True,24.39,False,True,False,387.55,388.0,381.1,383.75,327741.0,44.42
2025-05-30 10:05:00+05:30,383.75,384.25,383.0,383.3,11971,383.97,384.84,384.02,382.25,379.73,42.73,4.4,379.85,387.4,388.95,381.1,True,24.39,False,True,False,387.45,387.85,381.1,383.3,291439.0,42.73
2025-05-30 10:10:00+05:30,383.55,383.65,382.05,382.4,21271,383.44,384.61,383.97,382.26,379.75,39.5,4.37,379.28,386.42,388.95,381.1,True,24.39,False,True,False,386.25,387.3,381.1,382.4,239328.0,39.5
2025-05-30 10:15:00+05:30,382.4,384.25,381.95,382.5,24000,383.13,384.41,383.92,382.26,379.77,40.04,4.47,379.78,386.42,388.95,381.1,True,24.39,False,True,False,383.95,387.3,381.95,382.5,204171.0,40.04
2025-05-30 10:20:00+05:30,382.15,382.95,382.0,382.7,16506,382.99,384.25,383.89,382.27,379.8,41.18,4.32,378.63,386.32,388.95,381.1,True,24.39,False,True,False,384.55,387.3,381.95,382.7,187681.0,41.18
2025-05-30 10:25:00+05:30,382.9,383.45,382.5,382.9,26845,382.96,384.12,383.86,382.28,379.82,42.36,4.18,379.27,386.68,388.95,381.1,True,24.39,False,True,False,384.55,387.3,381.95,382.9,193497.0,42.36
2025-05-30 10:30:00+05:30,382.55,383.4,381.8,382.1,21285,382.67,383.93,383.8,382.28,379.84,38.99,4.17,379.23,385.97,388.95,381.1,True,19.27,False,True,False,384.1,387.3,381.8,382.1,197215.0,38.99
2025-05-30 10:35:00+05:30,382.05,382.4,381.1,381.85,6056,382.4,383.73,383.74,382.27,379.86,37.98,4.1,378.3,385.2,388.95,381.1,True,19.27,False,True,False,384.1,387.3,381.1,381.85,189348.0,37.98
2025-05-30 10:40:00+05:30,382.2,382.7,381.75,382.35,9757,382.38,383.6,383.7,382.27,379.88,41.27,3.98,378.72,385.73,388.95,381.1,True,19.27,False,True,False,386.6,387.3,381.1,382.35,186350.0,41.27
2025-05-30 10:45:00+05:30,382.35,382.35,381.2,381.7,22502,382.15,383.42,383.63,382.26,379.9,38.41,3.9,378.45,385.1,388.95,381.1,True,19.27,False,True,False,385.25,385.7,381.1,381.7,189215.0,38.41
2025-05-30 10:50:00+05:30,381.75,383.1,381.7,382.75,13551,382.35,383.35,383.61,382.27,379.92,45.03,3.87,379.23,385.57,388.95,381.1,True,19.27,False,True,False,384.0,385.3,381.1,382.75,194941.0,45.03
2025-05-30 10:55:00+05:30,382.6,382.85,382.0,382.15,15851,382.29,383.24,383.56,382.27,379.94,42.24,3.75,379.1,385.75,388.95,381.1,True,19.27,False,True,False,384.3,384.65,381.1,382.15,196920.0,42.24
2025-05-30 11:00:00+05:30,382.3,382.9,382.15,382.85,13214,382.47,383.2,383.54,382.28,379.97,46.41,3.61,379.29,385.76,388.95,381.1,True,21.63,False,True,False,383.75,384.25,381.1,382.85,202809.0,46.41
2025-05-30 11:05:00+05:30,382.85,383.0,381.85,382.75,9623,382.57,383.16,383.51,382.28,379.99,45.9,3.56,379.44,385.41,388.95,381.1,True,21.63,False,True,False,383.55,384.25,381.1,382.75,200461.0,45.9
2025-05-30 11:10:00+05:30,382.45,382.9,381.75,382.85,4629,382.66,383.13,383.49,382.29,380.01,46.54,3.51,379.39,385.26,388.95,381.1,True,21.63,False,True,False,382.4,384.25,381.1,382.85,183819.0,46.54
2025-05-30 11:15:00+05:30,382.35,382.9,381.5,381.9,8865,382.41,383.01,383.44,382.29,380.03,41.56,3.51,379.39,385.01,388.95,381.1,True,21.63,False,True,False,382.15,383.45,381.1,381.9,168684.0,41.56
2025-05-30 11:20:00+05:30,382.2,382.25,381.55,382.05,2507,382.29,382.92,383.4,382.28,380.05,42.6,3.39,378.86,384.94,388.95,381.1,True,21.63,False,True,False,382.9,383.45,381.1,382.05,154685.0,42.6
2025-05-30 11:25:00+05:30,382.05,382.45,381.7,382.25,1563,382.28,382.86,383.36,382.28,380.07,44.04,3.28,379.17,384.98,388.3,381.1,True,21.63,False,True,False,382.55,383.4,381.1,382.25,129403.0,44.04
2025-05-30 11:30:00+05:30,382.1,382.95,382.05,382.5,5602,382.35,382.82,383.34,382.29,380.09,45.86,3.2,379.75,385.25,388.0,381.1,True,18.68,False,True,False,382.05,383.1,381.1,382.5,113720.0,45.86
2025-05-30 11:35:00+05:30,382.45,383.0,382.05,382.2,10891,382.3,382.76,383.3,382.28,380.11,44.01,3.14,379.86,385.19,387.85,381.1,True,18.68,False,True,False,382.2,383.1,381.2,382.2,118555.0,44.01
2025-05-30 11:40:00+05:30,382.55,383.0,381.65,381.65,20044,382.08,382.66,383.25,382.27,380.12,40.76,3.16,379.84,384.81,387.3,381.1,True,18.68,False,True,False,382.35,383.1,381.2,381.65,128842.0,40.76
2025-05-30 11:45:00+05:30,381.55,382.1,381.0,381.95,14485,382.04,382.59,383.21,382.27,380.13,43.22,3.13,378.97,384.13,387.3,381.0,True,18.68,False,True,False,381.75,383.1,381.0,381.95,120825.0,43.22
2025-05-30 11:50:00+05:30,381.95,382.1,381.45,382.0,2425,382.03,382.53,383.17,382.26,380.15,43.64,3.02,379.08,384.47,387.3,381.0,True,18.68,False,True,False,382.6,383.0,381.0,382.0,109699.0,43.64
2025-05-30 11:55:00+05:30,382.0,382.0,381.0,381.75,6505,381.93,382.46,383.13,382.26,380.16,41.97,2.99,379.01,383.99,387.3,381.0,True,18.68,False,True,False,382.3,383.0,381.0,381.75,100353.0,41.97
2025-05-30 12:00:00+05:30,381.75,381.85,381.05,381.3,2382,381.72,382.35,383.07,382.24,380.17,39.06,2.92,378.93,383.97,387.3,381.0,True,13.38,False,True,False,382.85,383.0,381.0,381.3,89521.0,39.06
2025-05-30 12:05:00+05:30,381.6,382.2,381.3,381.75,5487,381.73,382.29,383.03,382.23,380.19,43.29,2.87,379.33,384.17,387.3,381.0,True,13.38,False,True,False,382.45,383.0,381.0,381.75,85385.0,43.29
2025-05-30 12:10:00+05:30,381.85,381.95,380.5,381.15,15474,381.54,382.18,382.97,382.21,380.2,39.37,2.92,379.03,383.42,387.3,380.5,True,13.38,False,True,False,382.35,383.0,380.5,381.15,96230.0,39.37
2025-05-30 12:15:00+05:30,381.1,381.1,380.05,380.85,9489,381.31,382.06,382.9,382.19,380.2,37.54,2.91,378.19,382.96,385.7,380.05,True,13.38,False,True,False,382.2,383.0,380.05,380.85,96854.0,37.54
2025-05-30 12:20:00+05:30,380.6,381.1,380.55,380.6,3893,381.07,381.92,382.83,382.17,380.2,36.04,2.8,378.3,383.35,385.3,380.05,True,13.38,False,True,False,382.05,383.0,380.05,380.6,98240.0,36.04
2025-05-30 12:25:00+05:30,380.6,381.1,380.0,380.4,16407,380.85,381.77,382.76,382.14,380.21,34.83,2.8,378.3,382.8,384.65,380.0,True,13.38,False,True,False,382.1,383.0,380.0,380.4,113084.0,34.83
2025-05-30 12:30:00+05:30,380.4,380.5,379.5,379.5,8133,380.4,381.56,382.65,382.09,380.2,29.99,2.78,377.72,382.28,384.25,379.5,True,11.01,False,True,False,382.45,383.0,379.5,379.5,115615.0,29.99
2025-05-30 12:35:00+05:30,379.5,379.5,378.7,378.85,4971,379.88,381.3,382.54,382.04,380.19,27.06,2.72,376.78,381.42,384.25,378.7,True,11.01,False,True,False,382.55,383.0,378.7,378.85,109695.0,27.06
2025-05-30 12:40:00+05:30,378.85,379.4,378.85,379.3,2291,379.69,381.11,382.43,381.99,380.18,32.01,2.62,376.78,381.47,384.25,378.7,True,11.01,False,True,False,381.55,382.2,378.7,379.3,91942.0,32.01
2025-05-30 12:45:00+05:30,379.3,379.35,378.85,379.3,1464,379.56,380.94,382.34,381.95,380.17,32.01,2.53,376.82,381.38,383.45,378.7,True,11.01,False,True,False,381.95,382.2,378.7,379.3,78921.0,32.01
2025-05-30 12:50:00+05:30,379.25,379.3,378.65,378.85,2038,379.32,380.74,382.23,381.9,380.16,29.67,2.46,376.84,381.11,383.45,378.65,True,11.01,False,True,False,382.0,382.2,378.65,378.85,78534.0,29.67
2025-05-30 12:55:00+05:30,378.85,379.45,378.85,379.45,3168,379.37,380.61,382.14,381.86,380.16,36.34,2.39,377.06,381.24,383.4,378.65,True,11.01,False,True,False,381.75,382.2,378.65,379.45,75197.0,36.34
2025-05-30 13:00:00+05:30,379.25,379.75,379.1,379.75,2571,379.49,380.53,382.07,381.82,380.15,39.44,2.34,377.41,381.44,383.1,378.65,True,17.62,False,True,False,381.6,382.2,378.65,379.75,75386.0,39.44
2025-05-30 13:05:00+05:30,379.35,380.2,379.35,380.0,6898,379.66,380.48,382.0,381.79,380.15,41.97,2.32,377.88,381.67,383.1,378.65,True,17.62,False,True,False,381.85,381.95,378.65,380.0,76797.0,41.97
2025-05-30 13:10:00+05:30,379.75,380.15,379.5,379.7,2139,379.67,380.41,381.93,381.76,380.15,39.82,2.27,377.88,381.77,383.1,378.65,True,17.62,False,True,False,381.1,381.1,378.65,379.7,63462.0,39.82
2025-05-30 13:15:00+05:30,379.85,380.3,379.5,379.5,2499,379.62,380.32,381.85,381.72,380.14,38.4,2.25,378.05,381.75,383.1,378.65,True,17.62,False,True,False,380.6,381.1,378.65,379.5,56472.0,38.4
2025-05-30 13:20:00+05:30,379.5,380.25,379.2,379.85,5779,379.69,380.28,381.79,381.69,380.14,42.26,2.28,377.97,381.48,383.0,378.65,True,17.62,False,True,False,380.6,381.1,378.65,379.85,58358.0,42.26
2025-05-30 13:25:00+05:30,379.85,380.2,379.85,379.85,4334,379.75,380.24,381.73,381.66,380.14,42.26,2.18,378.02,382.03,383.0,378.65,True,17.62,False,True,False,380.4,380.5,378.65,379.85,46285.0,42.26
2025-05-30 13:30:00+05:30,380.0,380.5,379.35,379.35,2480,379.61,380.15,381.66,381.62,380.13,38.29,2.23,378.27,381.58,383.0,378.65,True,14.57,False,True,False,379.5,380.5,378.65,379.35,40632.0,38.29
2025-05-30 13:35:00+05:30,379.4,379.7,379.0,379.25,3938,379.49,380.07,381.58,381.58,380.12,37.53,2.2,377.5,381.2,383.0,378.65,True,14.57,False,True,False,378.85,380.5,378.65,379.25,39599.0,37.53
2025-05-30 13:40:00+05:30,379.5,379.8,379.05,379.6,1589,379.53,380.02,381.52,381.55,380.12,41.88,2.17,377.63,381.22,383.0,378.65,True,14.57,False,True,False,379.3,380.5,378.65,379.6,38897.0,41.88
2025-05-30 13:45:00+05:30,379.6,379.85,379.25,379.75,1560,379.6,380.0,381.46,381.52,380.12,43.69,2.12,377.73,381.37,383.0,378.65,True,14.57,False,True,False,379.25,380.5,378.65,379.75,38993.0,43.69
2025-05-30 13:50:00+05:30,379.4,380.0,379.3,379.85,2768,379.68,379.98,381.41,381.49,380.11,44.92,2.1,377.9,381.4,383.0,378.65,True,14.57,False,True,False,378.85,380.5,378.85,379.85,39723.0,44.92
2025-05-30 13:55:00+05:30,379.85,380.05,378.8,378.8,7913,379.39,379.87,381.33,381.45,380.1,36.01,2.17,377.88,380.97,383.0,378.65,True,14.57,False,True,False,379.25,380.5,378.8,378.8,44468.0,36.01
2025-05-30 14:00:00+05:30,378.85,379.85,378.85,379.4,2429,379.39,379.82,381.27,381.41,380.1,42.97,2.2,377.65,381.05,383.0,378.65,True,14.44,False,True,False,379.35,380.5,378.8,379.4,44326.0,42.97
2025-05-30 14:05:00+05:30,379.35,379.95,379.0,379.15,5668,379.31,379.76,381.2,381.38,380.09,40.97,2.22,377.73,381.22,383.0,378.65,True,14.44,False,True,False,379.75,380.5,378.8,379.15,43096.0,40.97
2025-05-30 14:10:00+05:30,379.15,380.0,379.0,379.0,5847,379.21,379.69,381.14,381.34,380.08,39.78,2.24,377.76,381.24,382.2,378.65,True,14.44,False,True,False,379.85,380.5,378.8,379.0,46804.0,39.78
2025-05-30 14:15:00+05:30,379.0,379.55,379.0,379.4,674,379.27,379.66,381.08,381.3,380.07,44.43,2.17,377.38,381.17,382.2,378.65,True,14.44,False,True,False,379.5,380.5,378.8,379.4,44979.0,44.43
2025-05-30 14:20:00+05:30,379.4,380.0,379.35,379.35,1331,379.3,379.63,381.03,381.27,380.07,43.98,2.14,377.86,381.49,382.2,378.65,True,14.44,False,True,False,379.85,380.5,378.8,379.35,40531.0,43.98
2025-05-30 14:25:00+05:30,379.35,379.35,378.75,378.75,1497,379.12,379.55,380.96,381.23,380.06,38.81,2.09,377.26,380.84,382.2,378.65,True,14.44,False,True,False,380.0,380.5,378.75,378.75,37694.0,38.81
2025-05-30 14:30:00+05:30,378.75,379.0,378.5,378.85,8204,379.03,379.48,380.89,381.19,380.04,40.07,2.03,376.97,380.53,382.2,378.5,True,12.85,False,True,False,379.4,380.05,378.5,378.85,43418.0,40.07
2025-05-30 14:35:00+05:30,378.85,379.25,378.0,378.5,14451,378.85,379.39,380.82,381.15,380.03,37.18,2.11,377.14,380.11,381.95,378.0,True,12.85,False,True,False,379.5,380.05,378.0,378.5,53931.0,37.18
2025-05-30 14:40:00+05:30,378.5,379.1,378.2,378.45,8394,378.72,379.3,380.74,381.1,380.02,36.77,2.12,376.98,380.32,381.1,378.0,True,12.85,False,True,False,379.6,380.05,378.0,378.45,60736.0,36.77
2025-05-30 14:45:00+05:30,378.4,379.45,378.4,379.25,2344,378.9,379.29,380.7,381.07,380.01,46.84,2.15,377.3,380.55,381.1,378.0,True,12.85,False,True,False,379.4,380.05,378.0,379.25,61520.0,46.84
2025-05-30 14:50:00+05:30,379.25,380.65,379.0,379.8,14116,379.2,379.34,380.67,381.05,380.01,52.44,2.3,378.35,381.3,381.1,378.0,True,12.85,False,True,False,379.85,380.65,378.0,379.8,72868.0,52.44
2025-05-30 14:55:00+05:30,379.8,381.05,377.55,378.1,38664,378.83,379.22,380.59,381.0,379.99,38.82,2.76,378.29,380.31,381.05,377.55,True,12.85,False,True,False,378.85,381.05,377.55,378.1,103619.0,38.82
2025-05-30 15:00:00+05:30,378.15,378.8,377.15,377.15,8717,378.27,379.03,380.48,380.94,379.97,33.57,2.85,375.95,380.0,381.05,377.15,True,12.62,False,True,False,379.35,381.05,377.15,377.15,109907.0,33.57
2025-05-30 15:05:00+05:30,377.4,379.0,377.15,378.2,16844,378.25,378.95,380.41,380.89,379.95,42.78,2.98,376.02,380.13,381.05,377.15,True,12.62,False,True,False,379.15,381.05,377.15,378.2,121083.0,42.78
2025-05-30 15:10:00+05:30,378.05,378.4,377.6,378.05,20015,378.18,378.86,380.33,380.85,379.94,41.89,2.91,375.49,380.51,381.05,377.15,True,12.62,False,True,False,379.0,381.05,377.15,378.05,135251.0,41.89
2025-05-30 15:15:00+05:30,378.05,378.35,376.5,376.9,12138,377.75,378.67,380.23,380.78,379.91,35.73,3.03,375.32,379.53,381.05,376.5,True,12.62,False,True,False,379.4,381.05,376.5,376.9,146715.0,35.73
2025-05-30 15:20:00+05:30,376.9,379.0,376.6,378.7,23213,378.07,378.68,380.18,380.75,379.9,48.49,3.24,375.76,379.84,381.05,376.5,True,12.62,False,True,False,379.35,381.05,376.5,378.7,168597.0,48.49
2025-05-30 15:25:00+05:30,378.7,379.0,376.6,378.0,20018,378.05,378.61,380.11,380.7,379.89,44.77,3.44,375.56,380.04,381.05,376.5,True,12.62,False,True,False,378.75,381.05,376.5,378.0,187118.0,44.77
2025-06-02 09:15:00+05:30,378.7,379.8,371.35,371.95,42152,376.01,377.98,379.86,380.56,379.82,26.11,4.7,375.1,376.05,381.05,371.35,True,12.62,False,True,False,378.85,381.05,371.35,371.95,221066.0,26.11
2025-06-02 09:20:00+05:30,371.65,371.65,368.0,369.4,53091,373.81,377.16,379.53,380.37,379.73,21.95,5.07,366.58,373.07,381.05,368.0,True,12.62,False,True,False,378.5,381.05,368.0,369.4,259706.0,21.95
2025-06-02 09:25:00+05:30,369.5,369.75,368.9,369.35,14532,372.32,376.42,379.21,380.19,379.64,21.88,4.86,364.89,373.76,381.05,368.0,True,12.62,False,True,False,378.4,381.05,368.0,369.35,265844.0,21.88
2025-06-02 09:30:00+05:30,369.0,369.8,367.0,367.9,24727,370.85,375.61,378.86,379.99,379.54,19.81,5.02,364.78,372.02,381.05,367.0,True,0.0,False,True,False,379.25,381.05,367.0,367.9,288227.0,19.81
2025-06-02 09:35:00+05:30,367.8,369.0,367.0,368.65,34573,370.12,374.94,378.54,379.8,379.45,23.83,5.01,363.99,372.01,381.05,367.0,True,0.0,False,True,False,379.8,381.05,367.0,368.65,308684.0,23.83
2025-06-02 09:40:00+05:30,368.7,369.5,368.0,369.0,20632,369.74,374.38,378.24,379.62,379.36,25.7,4.92,364.58,372.92,381.05,367.0,True,0.0,False,True,False,378.15,379.8,367.0,369.0,290652.0,25.7
2025-06-02 09:45:00+05:30,368.85,369.45,368.05,368.05,20146,369.18,373.77,377.92,379.43,379.26,23.97,4.82,364.63,372.87,381.05,367.0,True,0.0,False,True,False,377.4,379.8,367.0,368.05,302081.0,23.97
2025-06-02 09:50:00+05:30,368.0,369.0,368.0,368.7,10616,369.02,373.29,377.63,379.25,379.17,27.55,4.66,364.34,372.66,381.05,367.0,True,0.0,False,True,False,378.05,379.8,367.0,368.7,295853.0,27.55
2025-06-02 09:55:00+05:30,368.6,368.9,368.0,368.5,11341,368.85,372.84,377.35,379.07,379.08,27.13,4.48,364.42,372.48,381.05,367.0,True,0.0,False,True,False,378.05,379.8,367.0,368.5,287179.0,27.13
2025-06-02 10:00:00+05:30,368.55,369.05,368.0,368.5,9683,368.73,372.42,377.07,378.9,378.99,27.13,4.35,364.7,372.35,381.05,367.0,True,74.45,True,False,False,376.9,379.8,367.0,368.5,284724.0,27.13
2025-06-02 10:05:00+05:30,368.55,369.0,368.05,368.85,10826,368.77,372.08,376.82,378.73,378.9,29.33,4.21,364.79,372.26,381.05,367.0,True,74.45,True,False,False,378.7,379.8,367.0,368.85,272337.0,29.33
2025-06-02 10:10:00+05:30,368.85,371.4,368.85,370.05,17208,369.2,371.89,376.6,378.59,378.83,36.42,4.37,367.03,373.22,381.05,367.0,True,74.45,True,False,False,378.7,379.8,367.0,370.05,269527.0,36.42
2025-06-02 10:15:00+05:30,370.1,370.65,369.2,369.55,8321,369.31,371.67,376.38,378.44,378.75,34.85,4.31,366.34,373.51,381.05,367.0,True,74.45,True,False,False,371.65,371.65,367.0,369.55,235696.0,34.85
2025-06-02 10:20:00+05:30,369.2,370.65,369.2,370.65,19994,369.76,371.57,376.2,378.31,378.68,40.88,4.26,366.39,373.46,381.05,367.0,True,74.45,True,False,False,369.5,371.4,367.0,370.65,202599.0,40.88
2025-06-02 10:25:00+05:30,370.55,370.8,370.05,370.8,3172,370.11,371.5,376.04,378.19,378.61,41.68,4.09,366.71,374.14,381.05,367.0,True,74.45,True,False,False,369.0,371.4,367.0,370.8,191239.0,41.68
2025-06-02 10:30:00+05:30,370.8,370.85,370.0,370.3,5811,370.17,371.38,375.86,378.06,378.54,39.76,3.95,366.9,373.95,381.05,367.0,True,89.17,True,False,False,367.8,371.4,367.0,370.3,172323.0,39.76
2025-06-02 10:35:00+05:30,370.35,370.65,369.55,369.8,6506,370.05,371.23,375.67,377.92,378.46,37.89,3.87,366.78,373.42,381.05,367.0,True,89.17,True,False,False,368.7,371.4,368.0,369.8,144256.0,37.89
2025-06-02 10:40:00+05:30,369.85,371.5,369.55,371.1,8659,370.4,371.22,375.52,377.81,378.4,45.13,3.94,367.56,373.49,381.05,367.0,True,89.17,True,False,False,368.85,371.5,368.0,371.1,132283.0,45.13
2025-06-02 10:45:00+05:30,371.3,371.45,370.8,371.1,2795,370.63,371.21,375.39,377.7,378.34,45.13,3.77,367.68,374.57,381.05,367.0,True,89.17,True,False,False,368.0,371.5,368.0,371.1,114932.0,45.13
2025-06-02 10:50:00+05:30,371.0,372.55,371.0,371.6,9388,370.95,371.24,375.27,377.6,378.28,47.84,3.78,368.77,374.78,381.05,367.0,True,89.17,True,False,False,368.6,372.55,368.0,371.6,113704.0,47.84
2025-06-02 10:55:00+05:30,371.45,374.8,371.1,374.7,27072,372.2,371.57,375.25,377.55,378.25,60.79,4.17,370.63,375.27,381.05,367.0,True,89.17,True,False,False,368.55,374.8,368.0,374.7,129435.0,60.79
2025-06-02 11:00:00+05:30,374.5,374.75,373.35,373.6,26720,372.67,371.77,375.2,377.48,378.21,55.52,4.12,370.63,377.47,381.05,367.0,True,56.7,True,False,False,368.55,374.8,368.05,373.6,146472.0,55.52
2025-06-02 11:05:00+05:30,373.7,373.9,370.75,371.3,18206,372.21,371.72,375.08,377.38,378.15,46.46,4.39,369.51,375.14,381.05,367.0,True,56.7,True,False,False,368.85,374.8,368.85,371.3,153852.0,46.46
2025-06-02 11:10:00+05:30,371.1,371.9,370.85,371.75,10432,372.06,371.73,374.97,377.29,378.1,48.24,4.27,367.63,375.12,379.8,367.0,True,56.7,True,False,False,370.1,374.8,369.2,371.75,147076.0,48.24
2025-06-02 11:15:00+05:30,371.75,372.75,371.55,372.55,11610,372.22,371.8,374.9,377.21,378.05,51.34,4.17,368.58,375.72,379.8,367.0,True,56.7,True,False,False,369.2,374.8,369.2,372.55,150365.0,51.34
2025-06-02 11:20:00+05:30,372.25,373.0,371.9,372.15,6769,372.2,371.84,374.81,377.13,378.0,49.74,4.07,368.93,375.97,379.8,367.0,True,56.7,True,False,False,370.55,374.8,369.55,372.15,137140.0,49.74
2025-06-02 11:25:00+05:30,371.9,372.0,370.0,371.1,19707,371.83,371.77,374.7,377.03,377.94,45.7,4.17,367.83,374.17,379.8,367.0,True,56.7,True,False,False,370.8,374.8,369.55,371.1,153675.0,45.7
2025-06-02 11:30:00+05:30,371.35,372.3,370.3,371.45,12087,371.7,371.74,374.59,376.93,377.89,47.24,4.23,368.07,374.53,379.8,367.0,True,69.61,True,False,False,370.35,374.8,369.55,371.45,159951.0,47.24
2025-06-02 11:35:00+05:30,371.2,371.8,370.8,371.6,5192,371.67,371.72,374.5,376.85,377.83,47.92,4.1,367.7,374.9,379.8,367.0,True,69.61,True,False,False,369.85,374.8,369.55,371.6,158637.0,47.92
2025-06-02 11:40:00+05:30,371.75,373.4,371.75,373.3,3728,372.21,371.87,374.46,376.79,377.79,55.0,4.13,369.27,375.88,379.8,367.0,True,69.61,True,False,False,371.3,374.8,370.0,373.3,153706.0,55.0
2025-06-02 11:45:00+05:30,373.3,376.5,373.15,376.0,18003,373.48,372.27,374.51,376.77,377.78,63.49,4.43,372.07,377.58,376.5,367.0,True,69.61,True,False,False,371.0,376.5,370.0,376.0,168914.0,63.49
2025-06-02 11:50:00+05:30,376.0,376.5,375.0,376.2,6853,374.38,372.64,374.56,376.76,377.76,64.03,4.38,372.12,379.38,376.5,367.0,True,69.61,True,False,False,371.45,376.5,370.0,376.2,166379.0,64.03
2025-06-02 11:55:00+05:30,375.75,376.1,375.0,375.0,5642,374.59,372.87,374.58,376.74,377.74,58.43,4.29,371.81,379.29,376.5,367.0,True,69.61,True,False,False,374.5,376.5,370.0,375.0,144949.0,58.43
2025-06-02 12:00:00+05:30,375.05,376.25,374.85,375.1,16679,374.76,373.08,374.59,376.71,377.72,58.75,4.23,372.02,379.08,376.5,367.0,True,71.71,True,False,False,373.7,376.5,370.0,375.1,134908.0,58.75
2025-06-02 12:05:00+05:30,375.15,375.55,374.8,375.35,2918,374.96,373.29,374.62,376.69,377.7,59.6,4.06,371.49,378.86,376.5,368.0,True,71.71,True,False,False,371.1,376.5,370.0,375.35,119620.0,59.6
2025-06-02 12:10:00+05:30,375.35,375.55,374.9,375.45,2549,375.12,373.5,374.64,376.67,377.68,59.96,3.89,371.66,378.79,376.5,368.0,True,71.71,True,False,False,371.75,376.5,370.0,375.45,111737.0,59.96
2025-06-02 12:15:00+05:30,375.5,376.3,374.8,376.3,17723,375.51,373.77,374.69,376.66,377.67,62.93,3.88,372.42,378.68,376.5,368.0,True,71.71,True,False,False,372.25,376.5,370.0,376.3,117850.0,62.93
2025-06-02 12:20:00+05:30,376.25,376.25,375.6,376.05,16252,375.69,373.98,374.74,376.65,377.65,61.48,3.73,372.52,379.33,376.5,368.0,True,71.71,True,False,False,371.9,376.5,370.0,376.05,127333.0,61.48
2025-06-02 12:25:00+05:30,375.75,376.05,375.45,375.9,13593,375.76,374.17,374.77,376.64,377.64,60.58,3.57,372.48,379.02,376.5,368.0,True,71.71,True,False,False,371.35,376.5,370.3,375.9,121219.0,60.58
2025-06-02 12:30:00+05:30,375.9,377.5,375.5,375.5,13309,375.67,374.29,374.8,376.62,377.62,58.14,3.67,373.83,379.17,377.5,368.05,True,59.24,True,False,False,371.2,377.5,370.8,375.5,122441.0,58.14
2025-06-02 12:35:00+05:30,375.5,376.3,375.15,375.45,1805,375.6,374.4,374.82,376.6,377.6,57.83,3.61,372.69,378.76,377.5,368.85,True,59.24,True,False,False,371.75,377.5,371.75,375.45,119054.0,57.83
2025-06-02 12:40:00+05:30,375.6,375.6,374.85,375.45,1036,375.55,374.5,374.84,376.58,377.58,57.83,3.49,372.11,378.34,377.5,369.2,True,59.24,True,False,False,373.3,377.5,373.15,375.45,116362.0,57.83
2025-06-02 12:45:00+05:30,375.45,375.5,373.95,374.0,4434,375.03,374.46,374.81,376.54,377.55,48.94,3.52,371.98,377.47,377.5,369.2,True,59.24,True,False,False,376.0,377.5,373.95,374.0,102793.0,48.94
2025-06-02 12:50:00+05:30,373.85,374.2,373.55,373.55,792,374.54,374.37,374.77,376.49,377.52,46.55,3.38,370.82,376.93,377.5,369.55,True,59.24,True,False,False,375.75,377.5,373.55,373.55,96732.0,46.55
2025-06-02 12:55:00+05:30,373.75,373.9,372.5,373.35,4659,374.14,374.27,374.73,376.44,377.48,45.48,3.39,370.51,375.89,377.5,369.55,True,59.24,True,False,False,375.05,377.5,372.5,373.35,95749.0,45.48
2025-06-02 13:00:00+05:30,373.15,373.75,372.85,373.75,1544,374.01,374.22,374.7,376.39,377.45,48.04,3.31,370.44,376.16,377.5,369.55,True,71.19,True,False,False,375.15,377.5,372.5,373.75,80614.0,48.04
2025-06-02 13:05:00+05:30,373.6,373.8,372.95,372.95,1288,373.66,374.1,374.64,376.34,377.41,43.63,3.22,370.58,376.17,377.5,369.55,True,71.19,True,False,False,375.35,377.5,372.5,372.95,78984.0,43.63
2025-06-02 13:10:00+05:30,373.4,373.55,372.9,372.9,951,373.41,373.99,374.59,376.28,377.37,43.36,3.11,370.44,376.01,377.5,370.0,True,71.19,True,False,False,375.5,377.5,372.5,372.9,77386.0,43.36
2025-06-02 13:15:00+05:30,373.1,377.7,372.9,377.6,9897,374.8,374.33,374.68,376.3,377.38,65.07,3.74,373.96,376.64,377.7,370.0,True,71.19,True,False,False,376.25,377.7,372.5,377.6,69560.0,65.07
2025-06-02 13:20:00+05:30,377.35,377.85,376.55,377.85,7973,375.82,374.67,374.78,376.33,377.38,65.82,3.71,374.14,380.26,377.85,370.0,True,71.19,True,False,False,375.75,377.85,372.5,377.85,61281.0,65.82
2025-06-02 13:25:00+05:30,377.9,379.0,377.55,379.0,15718,376.88,375.08,374.91,376.37,377.39,69.11,3.7,375.3,381.25,379.0,370.0,True,71.19,True,False,False,375.9,379.0,372.5,379.0,63406.0,69.11
2025-06-02 13:30:00+05:30,378.95,379.45,378.4,379.45,17700,377.74,375.5,375.05,376.42,377.41,70.31,3.63,375.82,382.03,379.45,370.0,True,72.05,True,False,False,375.5,379.45,372.5,379.45,67797.0,70.31
2025-06-02 13:35:00+05:30,379.45,380.0,378.6,379.45,28106,378.31,375.87,375.19,376.47,377.43,70.31,3.62,376.38,382.22,380.0,370.0,True,72.05,True,False,False,375.6,380.0,372.5,379.45,94098.0,70.31
2025-06-02 13:40:00+05:30,379.3,379.6,378.8,379.55,7215,378.72,376.22,375.33,376.52,377.45,70.61,3.5,376.1,382.3,380.0,370.0,True,72.05,True,False,False,375.45,380.0,372.5,379.55,100277.0,70.61
2025-06-02 13:45:00+05:30,379.3,379.95,378.8,379.65,8817,379.03,376.55,375.46,376.57,377.46,70.92,3.46,376.49,382.26,380.0,370.0,True,72.05,True,False,False,373.85,380.0,372.5,379.65,104660.0,70.92
2025-06-02 13:50:00+05:30,379.65,379.95,379.3,379.9,6366,379.32,376.87,375.6,376.63,377.49,71.72,3.33,376.62,382.63,380.0,370.0,True,72.05,True,False,False,373.75,380.0,372.5,379.9,110234.0,71.72
2025-06-02 13:55:00+05:30,379.9,380.0,379.4,379.55,9344,379.4,377.12,375.72,376.68,377.5,68.85,3.2,376.8,382.6,380.0,370.3,True,72.05,True,False,False,373.15,380.0,372.85,379.55,114919.0,68.85
2025-06-02 14:00:00+05:30,379.4,380.4,379.25,379.8,19178,379.53,377.38,375.85,376.73,377.52,69.78,3.17,377.23,382.42,380.4,370.8,True,71.22,True,False,False,373.6,380.4,372.9,379.8,132553.0,69.78
2025-06-02 14:05:00+05:30,379.8,380.05,379.0,379.85,9544,379.64,377.61,375.98,376.78,377.54,69.97,3.13,376.92,382.13,380.4,371.75,True,71.22,True,False,False,373.4,380.4,372.9,379.85,140809.0,69.97
2025-06-02 14:10:00+05:30,379.4,379.45,378.4,378.75,21816,379.34,377.72,376.06,376.81,377.55,60.75,3.17,376.28,381.57,380.4,372.5,True,71.22,True,False,False,373.1,380.4,372.9,378.75,161674.0,60.75
2025-06-02 14:15:00+05:30,378.8,379.85,378.75,379.4,19394,379.36,377.88,376.17,376.86,377.57,63.79,3.14,376.71,381.89,380.4,372.5,True,71.22,True,False,False,377.35,380.4,376.55,379.4,171171.0,63.79
2025-06-02 14:20:00+05:30,379.4,379.4,378.65,379.3,18599,379.34,378.02,376.27,376.9,377.58,62.98,3.05,376.35,381.7,380.4,372.5,True,71.22,True,False,False,377.9,380.4,377.55,379.3,181797.0,62.98
2025-06-02 14:25:00+05:30,379.3,379.35,378.85,379.35,21601,379.34,378.14,376.36,376.94,377.6,63.23,2.92,376.43,381.77,380.4,372.5,True,71.22,True,False,False,378.95,380.4,378.4,379.35,187680.0,63.23
2025-06-02 14:30:00+05:30,379.35,379.45,378.7,379.45,9339,379.38,378.27,376.46,376.98,377.61,63.76,2.85,376.6,381.55,380.4,372.5,True,72.17,True,False,False,379.45,380.4,378.4,379.45,179319.0,63.76
2025-06-02 14:35:00+05:30,379.3,380.3,379.3,379.9,17332,379.55,378.42,376.57,377.03,377.63,66.12,2.82,377.48,382.12,380.4,372.5,True,72.17,True,False,False,379.3,380.4,378.4,379.9,168545.0,66.12
2025-06-02 14:40:00+05:30,379.9,380.0,379.65,379.95,1618,379.69,378.57,376.67,377.07,377.65,66.38,2.68,377.32,382.33,380.4,372.5,True,72.17,True,False,False,379.3,380.4,378.4,379.95,162948.0,66.38
2025-06-02 14:45:00+05:30,379.9,380.15,379.65,380.05,18144,379.81,378.71,376.78,377.12,377.67,66.93,2.58,377.57,382.23,380.4,372.5,True,72.17,True,False,False,379.65,380.4,378.4,380.05,172275.0,66.93
2025-06-02 14:50:00+05:30,380.05,380.1,379.2,379.95,42691,379.85,378.83,376.88,377.17,377.69,65.77,2.56,377.54,381.76,380.4,372.5,True,72.17,True,False,False,379.9,380.4,378.4,379.95,208600.0,65.77
2025-06-02 14:55:00+05:30,380.0,380.15,379.9,379.9,12982,379.87,378.93,376.97,377.22,377.71,65.16,2.42,377.73,382.32,380.4,372.5,True,72.17,True,False,False,379.4,380.4,378.4,379.9,212238.0,65.16
2025-06-02 15:00:00+05:30,379.9,380.15,379.9,380.15,10807,379.96,379.05,377.07,377.26,377.73,66.82,2.29,377.86,382.19,380.4,372.5,True,72.17,True,False,False,379.8,380.3,378.4,380.15,203867.0,66.82
2025-06-02 15:05:00+05:30,379.95,380.2,379.9,380.0,8513,379.98,379.14,377.16,377.31,377.75,64.83,2.18,378.02,382.08,380.4,372.5,True,72.17,True,False,False,379.4,380.3,378.4,380.0,202836.0,64.83
2025-06-02 15:10:00+05:30,380.0,380.1,378.5,379.9,15274,379.95,379.21,377.25,377.35,377.77,63.47,2.31,377.79,380.81,380.4,372.5,True,72.17,True,False,False,378.8,380.3,378.5,379.9,196294.0,63.47
2025-06-02 15:15:00+05:30,379.9,380.2,379.9,379.9,9858,379.93,379.28,377.33,377.39,377.79,63.47,2.2,378.0,382.1,380.4,372.5,True,72.17,True,False,False,379.4,380.3,378.5,379.9,186758.0,63.47
2025-06-02 15:20:00+05:30,380.05,380.95,379.9,379.95,13332,379.94,379.34,377.41,377.44,377.81,63.91,2.23,378.72,382.13,380.95,372.5,True,72.17,True,False,False,379.3,380.95,378.5,379.95,181491.0,63.91
2025-06-02 15:25:00+05:30,380.0,380.45,379.9,379.9,18611,379.93,379.39,377.49,377.48,377.83,63.1,2.17,378.28,382.07,380.95,372.85,True,72.17,True,False,False,379.35,380.95,378.5,379.9,178501.0,63.1
2025-06-03 09:15:00+05:30,381.8,382.9,377.0,381.7,32301,380.52,379.61,377.62,377.55,377.86,75.29,3.07,379.83,380.07,382.9,372.9,True,72.17,True,False,False,379.3,382.9,377.0,381.7,201463.0,75.29
2025-06-03 09:20:00+05:30,381.8,385.55,381.7,384.0,33076,381.68,380.03,377.82,377.65,377.91,83.02,3.54,382.01,385.24,385.55,372.9,True,72.17,True,False,False,379.9,385.55,377.0,384.0,217207.0,83.02
2025-06-03 09:25:00+05:30,384.3,385.2,382.2,383.95,40363,382.44,380.4,378.01,377.76,377.96,82.41,3.82,381.38,386.02,385.55,372.9,True,72.17,True,False,False,379.9,385.55,377.0,383.95,255952.0,82.41
2025-06-03 09:30:00+05:30,383.65,384.0,380.0,380.75,23358,381.87,380.44,378.1,377.81,377.99,54.91,4.26,379.74,384.26,385.55,376.55,True,92.4,True,False,False,380.05,385.55,377.0,380.75,261166.0,54.91
2025-06-03 09:35:00+05:30,380.75,384.2,380.5,383.7,35582,382.48,380.75,378.27,377.9,378.04,66.13,4.62,379.58,385.12,385.55,377.0,True,92.4,True,False,False,380.0,385.55,377.0,383.7,254057.0,66.13
2025-06-03 09:40:00+05:30,383.85,384.15,383.0,383.15,5031,382.7,380.98,378.43,377.99,378.08,62.99,4.49,379.66,387.49,385.55,377.0,True,92.4,True,False,False,379.9,385.55,377.0,383.15,246106.0,62.99
2025-06-03 09:45:00+05:30,383.4,384.9,383.15,384.75,14166,383.39,381.34,378.62,378.1,378.14,67.79,4.48,380.42,387.63,385.55,377.0,True,92.4,True,False,False,379.95,385.55,377.0,384.75,249465.0,67.79
2025-06-03 09:50:00+05:30,384.75,388.5,383.95,385.6,72056,384.12,381.74,378.84,378.23,378.2,70.01,4.98,383.52,388.93,388.5,377.0,True,92.4,True,False,False,380.0,388.5,377.0,385.6,313008.0,70.01
2025-06-03 09:55:00+05:30,385.6,386.95,385.15,386.6,27283,384.95,382.2,379.08,378.37,378.27,72.43,4.94,382.01,390.09,388.5,377.0,True,92.4,True,False,False,379.9,388.5,377.0,386.6,325017.0,72.43
2025-06-03 10:00:00+05:30,386.65,387.7,386.0,386.5,18997,385.47,382.61,379.32,378.5,378.34,71.81,4.89,382.81,390.89,388.5,377.0,True,71.33,True,False,False,380.05,388.5,377.0,386.5,334156.0,71.81
2025-06-03 10:05:00+05:30,386.5,386.75,385.2,385.5,7640,385.48,382.89,379.51,378.62,378.4,65.72,4.82,381.93,390.02,388.5,377.0,True,71.33,True,False,False,380.0,388.5,377.0,385.5,328464.0,65.72
2025-06-03 10:10:00+05:30,385.65,386.0,383.8,384.8,18834,385.25,383.07,379.67,378.72,378.46,61.78,4.87,381.13,388.67,388.5,377.0,True,71.33,True,False,False,381.8,388.5,377.0,384.8,328687.0,61.78
2025-06-03 10:15:00+05:30,384.85,385.25,384.25,384.55,7213,385.02,383.21,379.83,378.81,378.51,60.38,4.7,380.55,388.95,388.5,377.0,True,71.33,True,False,False,381.8,388.5,380.0,384.55,303599.0,60.38
2025-06-03 10:20:00+05:30,384.8,386.5,384.25,386.45,12870,385.5,383.52,380.03,378.94,378.58,66.56,4.77,381.73,389.02,388.5,377.0,True,71.33,True,False,False,384.3,388.5,380.0,386.45,283393.0,66.56
2025-06-03 10:25:00+05:30,386.5,386.7,385.5,385.6,6181,385.53,383.72,380.21,379.05,378.64,61.91,4.64,382.06,390.14,388.5,377.0,True,71.33,True,False,False,383.65,388.5,380.0,385.6,249211.0,61.91
2025-06-03 10:30:00+05:30,385.6,386.9,385.6,386.1,4969,385.72,383.94,380.39,379.17,378.7,63.52,4.54,382.36,390.14,388.5,377.0,True,79.23,True,False,False,380.75,388.5,380.5,386.1,230822.0,63.52
2025-06-03 10:35:00+05:30,386.55,386.85,385.4,386.4,7476,385.95,384.18,380.58,379.29,378.77,64.5,4.47,382.38,389.87,388.5,377.0,True,79.23,True,False,False,383.85,388.5,383.0,386.4,202716.0,64.5
2025-06-03 10:40:00+05:30,386.05,386.55,385.55,386.55,9909,386.15,384.4,380.77,379.41,378.83,65.0,4.33,382.22,389.88,388.5,377.0,True,79.23,True,False,False,383.4,388.5,383.15,386.55,207594.0,65.0
2025-06-03 10:45:00+05:30,386.25,387.75,386.1,387.5,15459,386.6,384.7,380.98,379.54,378.91,68.08,4.32,383.43,390.42,388.5,377.0,True,79.23,True,False,False,384.75,388.5,383.8,387.5,208887.0,68.08
2025-06-03 10:50:00+05:30,387.25,387.45,386.5,386.75,8688,386.65,384.89,381.16,379.66,378.98,63.34,4.19,383.26,390.69,388.5,377.0,True,79.23,True,False,False,385.6,387.75,383.8,386.75,145519.0,63.34
2025-06-03 10:55:00+05:30,387.15,387.35,386.75,387.15,5782,386.82,385.11,381.34,379.78,379.05,64.75,4.0,383.35,390.75,388.5,377.0,True,79.23,True,False,False,386.65,387.75,383.8,387.15,124018.0,64.75
2025-06-03 11:00:00+05:30,386.8,389.5,386.75,389.2,42709,387.61,385.5,381.59,379.94,379.13,70.92,4.2,385.3,390.95,389.5,377.0,True,88.96,True,False,False,386.5,389.5,383.8,389.2,147730.0,70.92
2025-06-03 11:05:00+05:30,389.1,389.3,388.0,388.6,45244,387.94,385.79,381.81,380.08,379.21,67.21,4.13,385.17,392.13,389.5,377.0,True,88.96,True,False,False,385.65,389.5,383.8,388.6,185334.0,67.21
2025-06-03 11:10:00+05:30,388.85,389.3,388.0,388.3,24757,388.06,386.03,382.01,380.22,379.29,65.37,4.07,385.23,392.07,389.5,377.0,True,88.96,True,False,False,384.85,389.5,384.25,388.3,191257.0,65.37
2025-06-03 11:15:00+05:30,388.4,389.25,387.05,388.15,15039,388.09,386.23,382.2,380.35,379.37,64.42,4.17,385.08,391.22,389.5,377.0,True,88.96,True,False,False,384.8,389.5,384.25,388.15,199083.0,64.42
2025-06-03 11:20:00+05:30,388.5,389.15,387.85,388.4,21000,388.19,386.44,382.4,380.48,379.44,65.33,4.11,385.04,391.96,389.5,377.0,True,88.96,True,False,False,386.5,389.5,385.4,388.4,207213.0,65.33
2025-06-03 11:25:00+05:30,388.5,392.4,388.0,391.75,86306,389.38,386.95,382.69,380.67,379.55,74.63,4.6,387.8,392.6,392.4,377.0,True,88.96,True,False,False,385.6,392.4,385.4,391.75,287338.0,74.63
2025-06-03 11:30:00+05:30,391.55,392.5,390.5,391.35,51975,390.04,387.37,382.96,380.84,379.65,72.14,4.63,387.87,395.13,392.5,377.0,True,85.22,True,False,False,386.55,392.5,385.4,391.35,334344.0,72.14
