timestamp,open,high,low,close,volume,ema_fast,ema_med,ema_long,ema_macro,ema_ultra_len,rsi,atr,swing_high,swing_low,in_session,rsi_trend,isLongTrend,isShortTrend,exit_time
2025-05-15 09:15:00+05:30,400.0,401.35,397.7,400.55,188326,,,,,,,,,,True,,False,False,False
2025-05-15 09:20:00+05:30,400.65,403.8,400.55,403.15,210479,,,,,,,,,,True,,False,False,False
2025-05-15 09:25:00+05:30,403.25,407.3,403.05,407.05,415920,,,,,,,,,,True,,False,False,False
2025-05-15 09:30:00+05:30,407.05,407.25,402.1,402.65,559486,,,,,,,,,,True,,False,False,False
2025-05-15 09:35:00+05:30,402.55,402.55,400.3,400.6,286962,402.8,,,,,,,,,True,,False,False,False
2025-05-15 09:40:00+05:30,400.6,400.7,399.35,400.45,203479,402.02,,,,,,,,,True,,False,False,False
2025-05-15 09:45:00+05:30,400.4,401.0,399.0,399.2,152126,401.08,,,,,,,,,True,,False,False,False
2025-05-15 09:50:00+05:30,399.25,400.3,398.6,399.9,96471,400.69,,,,,,,,,True,,False,False,False
2025-05-15 09:55:00+05:30,399.85,400.25,399.35,399.85,58911,400.41,,,,,,,,,True,,False,False,False
2025-05-15 10:00:00+05:30,399.8,400.7,399.8,400.15,49954,400.32,,,,,,,,,True,,False,False,False
2025-05-15 10:05:00+05:30,400.15,400.45,399.75,400.05,34259,400.23,,,,,,,,,True,,False,False,False
2025-05-15 10:10:00+05:30,400.1,400.5,399.8,399.95,27342,400.14,,,,,,,,,True,,False,False,False
2025-05-15 10:15:00+05:30,400.1,400.45,399.8,400.0,20749,400.09,,,,,,,,,True,,False,False,False
2025-05-15 10:20:00+05:30,400.0,400.45,399.7,399.8,48085,399.99,,,,,,,,,True,,False,False,False
2025-05-15 10:25:00+05:30,399.8,400.2,399.4,399.75,33116,399.91,,,,,44.22,1.5,,,True,,False,False,False
2025-05-15 10:30:00+05:30,399.75,400.4,399.6,400.05,33052,399.96,,,,,46.56,1.42,,,True,,False,False,False
2025-05-15 10:35:00+05:30,400.0,400.85,400.0,400.7,34465,400.21,,,,,51.33,1.36,,,True,,False,False,False
2025-05-15 10:40:00+05:30,400.75,401.3,399.7,399.8,45809,400.07,,,,,45.3,1.39,,,True,,False,False,False
2025-05-15 10:45:00+05:30,399.8,400.95,399.55,400.5,54373,400.21,,,,,50.2,1.39,,,True,,False,False,False
2025-05-15 10:50:00+05:30,400.5,400.75,399.7,399.9,28767,400.11,400.7,,,,46.37,1.36,,,True,,False,False,False
2025-05-15 10:55:00+05:30,399.9,400.35,399.85,400.2,23135,400.14,400.65,,,,48.48,1.28,,,True,,False,False,False
2025-05-15 11:00:00+05:30,400.2,400.3,399.1,399.5,37154,399.93,400.54,,,,44.11,1.27,,,True,,False,False,False
2025-05-15 11:05:00+05:30,399.45,399.55,399.15,399.3,34551,399.72,400.43,,,,42.92,1.19,,,True,,False,False,False
2025-05-15 11:10:00+05:30,399.35,399.5,398.75,398.95,53702,399.46,400.29,,,,40.84,1.15,,,True,,False,False,False
2025-05-15 11:15:00+05:30,399.0,399.7,398.95,399.5,48745,399.47,400.21,,,,45.32,1.12,,,True,,False,False,False
2025-05-15 11:20:00+05:30,399.55,399.55,398.65,398.75,25565,399.23,400.07,,,,40.78,1.1,,,True,,False,False,False
2025-05-15 11:25:00+05:30,398.75,399.7,398.75,399.55,13950,399.34,400.02,,,,46.89,1.09,,,True,,False,False,False
2025-05-15 11:30:00+05:30,399.55,399.7,399.2,399.7,31319,399.46,399.99,,,,47.98,1.04,,,True,,False,False,False
2025-05-15 11:35:00+05:30,399.55,400.0,399.2,399.65,51567,399.52,399.96,,,,47.63,1.02,,,True,,False,False,False
2025-05-15 11:40:00+05:30,399.65,400.1,399.6,399.95,25749,399.67,399.96,,,,49.98,0.98,407.3,397.7,True,,False,False,False
2025-05-15 11:45:00+05:30,399.95,400.2,399.55,399.95,77594,399.76,399.96,,,,49.98,0.95,407.3,398.6,True,,False,False,False
2025-05-15 11:50:00+05:30,399.95,400.2,399.6,399.95,33429,399.82,399.96,,,,49.98,0.92,407.3,398.6,True,,False,False,False
2025-05-15 11:55:00+05:30,399.95,400.15,399.65,399.8,24101,399.82,399.94,,,,48.61,0.89,407.25,398.6,True,,False,False,False
2025-05-15 12:00:00+05:30,399.8,399.95,399.5,399.9,40974,399.84,399.94,,,,49.6,0.86,402.55,398.6,True,,False,False,False
2025-05-15 12:05:00+05:30,399.9,399.95,399.55,399.9,31311,399.86,399.93,,,,49.6,0.82,401.3,398.6,True,,False,False,False
2025-05-15 12:10:00+05:30,399.85,400.25,399.45,399.9,126779,399.87,399.93,,,,49.6,0.82,401.3,398.6,True,,False,False,False
2025-05-15 12:15:00+05:30,399.9,400.65,399.7,399.85,149408,399.87,399.92,,,,49.01,0.83,401.3,398.6,True,,False,False,False
2025-05-15 12:20:00+05:30,399.9,400.7,399.7,400.45,38553,400.06,399.97,,,,55.78,0.84,401.3,398.65,True,,False,False,False
2025-05-15 12:25:00+05:30,400.45,403.2,400.4,402.55,204927,400.89,400.22,,,,70.53,0.99,403.2,398.65,True,,False,False,False
2025-05-15 12:30:00+05:30,402.55,402.55,399.95,402.0,316465,401.26,400.39,,,,64.47,1.11,403.2,398.65,True,,False,False,False
2025-05-15 12:35:00+05:30,402.0,402.9,401.5,401.8,82638,401.44,400.52,,,,62.37,1.13,403.2,398.65,True,,False,False,False
2025-05-15 12:40:00+05:30,401.85,402.55,401.65,402.1,43521,401.66,400.67,,,,64.25,1.12,403.2,398.65,True,,False,False,False
2025-05-15 12:45:00+05:30,402.2,402.3,401.8,401.9,42873,401.74,400.79,,,,62.02,1.07,403.2,398.65,True,,False,False,False
2025-05-15 12:50:00+05:30,401.95,402.0,401.65,401.8,39662,401.76,400.89,,,,60.89,1.02,403.2,398.65,True,,False,False,False
2025-05-15 12:55:00+05:30,401.9,402.5,401.65,402.35,56011,401.96,401.03,,,,64.71,1.0,403.2,398.65,True,,False,False,False
2025-05-15 13:00:00+05:30,402.2,402.5,401.8,401.95,75457,401.95,401.11,,,,60.11,0.98,403.2,398.65,True,,False,False,False
2025-05-15 13:05:00+05:30,401.95,403.2,401.95,402.75,89798,402.22,401.27,,,,65.41,1.0,403.2,398.65,True,,False,False,False
2025-05-15 13:10:00+05:30,402.8,403.0,402.25,402.7,43904,402.38,401.41,,,,64.83,0.98,403.2,398.65,True,,False,False,False
2025-05-15 13:15:00+05:30,402.7,402.95,401.8,402.1,32674,402.29,401.47,,,,58.16,1.0,403.2,398.65,True,,False,False,False
2025-05-15 13:20:00+05:30,402.1,402.75,402.0,402.3,22837,402.29,401.55,,,,59.65,0.98,403.2,398.65,True,,False,False,False
2025-05-15 13:25:00+05:30,402.4,402.7,402.15,402.6,18074,402.39,401.65,,,,61.85,0.95,403.2,398.65,True,,False,False,False
2025-05-15 13:30:00+05:30,402.55,402.95,402.4,402.45,35866,402.41,401.73,,,,60.09,0.92,403.2,398.65,True,,False,False,False
2025-05-15 13:35:00+05:30,402.55,402.65,402.3,402.45,14034,402.43,401.8,,,,60.09,0.88,403.2,398.65,True,,False,False,False
2025-05-15 13:40:00+05:30,402.45,402.9,402.45,402.65,19654,402.5,401.88,,,,61.77,0.84,403.2,398.65,True,,False,False,False
2025-05-15 13:45:00+05:30,402.65,403.0,402.6,402.75,41730,402.58,401.96,,,,62.62,0.81,403.2,398.65,True,,False,False,False
2025-05-15 13:50:00+05:30,402.75,403.0,402.6,402.85,25610,402.67,402.04,,,,63.49,0.78,403.2,398.75,True,,False,False,False
2025-05-15 13:55:00+05:30,402.9,403.25,402.75,403.15,29563,402.83,402.15,,,,66.05,0.76,403.25,399.2,True,,False,False,False
2025-05-15 14:00:00+05:30,403.2,403.3,402.65,402.95,29270,402.87,402.23,,,,62.88,0.75,403.3,399.2,True,,False,False,False
2025-05-15 14:05:00+05:30,403.0,403.0,402.7,402.95,35234,402.9,402.3,,,,62.88,0.72,403.3,399.45,True,,False,False,False
2025-05-15 14:10:00+05:30,403.0,403.45,402.85,403.15,52546,402.98,402.38,,,,64.84,0.71,403.45,399.45,True,,False,False,False
2025-05-15 14:15:00+05:30,403.1,403.4,402.85,403.05,35673,403.0,402.44,,,,63.05,0.7,403.45,399.45,True,,False,False,False
2025-05-15 14:20:00+05:30,403.2,403.5,403.0,403.3,21205,403.1,402.52,,,,65.6,0.69,403.5,399.45,True,,False,False,False
2025-05-15 14:25:00+05:30,403.35,403.55,403.15,403.45,27220,403.22,402.61,401.16,,,67.07,0.67,403.55,399.45,True,,False,False,False
2025-05-15 14:30:00+05:30,403.45,403.65,402.8,403.0,31957,403.15,402.65,401.21,,,58.94,0.68,403.65,399.45,True,,False,False,False
2025-05-15 14:35:00+05:30,403.0,403.25,402.9,403.05,24395,403.11,402.69,401.27,,,59.52,0.66,403.65,399.45,True,,False,False,False
2025-05-15 14:40:00+05:30,403.1,403.95,403.05,403.8,49093,403.34,402.79,401.35,,,67.12,0.67,403.95,399.7,True,,False,False,False
2025-05-15 14:45:00+05:30,403.8,403.9,403.4,403.45,27698,403.38,402.85,401.42,,,61.34,0.66,403.95,399.7,True,,False,False,False
2025-05-15 14:50:00+05:30,403.6,403.7,403.35,403.6,27265,403.45,402.93,401.48,,,62.82,0.64,403.95,399.95,True,,False,False,False
2025-05-15 14:55:00+05:30,403.65,403.75,403.0,403.0,43417,403.3,402.93,401.53,,,53.93,0.65,403.95,399.95,True,,False,False,False
2025-05-15 15:00:00+05:30,403.05,403.1,402.3,402.65,105748,403.08,402.91,401.57,,,49.52,0.66,403.95,401.5,True,,False,False,False
2025-05-15 15:05:00+05:30,402.75,402.9,402.65,402.9,76480,403.02,402.91,401.61,,,52.51,0.63,403.95,401.65,True,,False,False,False
2025-05-15 15:10:00+05:30,402.9,402.95,402.4,402.6,91459,402.88,402.88,401.64,,,48.78,0.62,403.95,401.65,True,,False,False,False
2025-05-15 15:15:00+05:30,402.65,403.0,402.15,402.9,159865,402.89,402.88,401.68,,,52.42,0.64,403.95,401.65,True,,False,False,False
2025-05-15 15:20:00+05:30,402.95,402.95,402.4,402.5,120789,402.76,402.84,401.7,,,47.57,0.63,403.95,401.65,True,,False,False,False
2025-05-15 15:25:00+05:30,402.5,402.95,402.45,402.75,125540,402.76,402.83,401.74,,,50.64,0.62,403.95,401.8,True,,False,False,False
2025-05-16 09:15:00+05:30,404.0,406.25,402.65,403.4,88329,402.97,402.89,401.79,,,57.6,0.84,406.25,401.8,True,,False,False,False
2025-05-16 09:20:00+05:30,403.5,404.65,403.4,403.95,60354,403.3,402.99,401.86,,,62.43,0.87,406.25,401.8,True,,False,False,False
2025-05-16 09:25:00+05:30,403.9,404.55,403.5,404.4,46145,403.66,403.12,401.94,,,65.85,0.88,406.25,401.8,True,,False,False,False
2025-05-16 09:30:00+05:30,404.4,405.5,404.2,404.7,83589,404.01,403.27,402.02,,,67.95,0.91,406.25,402.0,True,,False,False,False
2025-05-16 09:35:00+05:30,404.7,404.75,403.1,403.45,80930,403.82,403.29,402.07,,,53.27,0.96,406.25,402.15,True,,False,False,False
2025-05-16 09:40:00+05:30,403.45,405.3,403.1,405.3,62145,404.32,403.48,402.17,,,65.24,1.05,406.25,402.15,True,,False,False,False
2025-05-16 09:45:00+05:30,405.25,405.85,405.25,405.85,60172,404.83,403.71,402.28,,,67.87,1.02,406.25,402.15,True,,False,False,False
2025-05-16 09:50:00+05:30,405.6,406.0,405.25,405.75,59289,405.13,403.9,402.39,,,66.88,1.0,406.25,402.15,True,,False,False,False
2025-05-16 09:55:00+05:30,405.7,406.25,405.55,406.1,33165,405.46,404.11,402.51,,,68.61,0.98,406.25,402.15,True,,False,False,False
2025-05-16 10:00:00+05:30,406.15,407.85,406.1,407.4,115727,406.1,404.42,402.66,,,74.04,1.03,407.85,402.15,True,89.14,True,False,False
2025-05-16 10:05:00+05:30,407.5,407.5,406.5,406.65,44147,406.29,404.64,402.78,,,66.86,1.03,407.85,402.15,True,89.14,True,False,False
2025-05-16 10:10:00+05:30,406.65,407.0,405.8,406.8,39671,406.46,404.84,402.91,,,67.53,1.04,407.85,402.15,True,89.14,True,False,False
2025-05-16 10:15:00+05:30,406.85,407.75,406.7,407.25,55549,406.72,405.07,403.05,,,69.55,1.04,407.85,402.15,True,89.14,True,False,False
2025-05-16 10:20:00+05:30,407.35,407.85,406.5,406.75,54080,406.73,405.23,403.16,,,64.74,1.07,407.85,402.15,True,89.14,True,False,False
2025-05-16 10:25:00+05:30,406.6,406.8,406.25,406.5,18936,406.65,405.35,403.27,,,62.42,1.03,407.85,402.15,True,89.14,True,False,False
2025-05-16 10:30:00+05:30,406.4,406.85,406.4,406.7,15692,406.67,405.48,403.37,,,63.55,0.99,407.85,402.15,True,90.41,True,False,False
2025-05-16 10:35:00+05:30,406.55,407.05,406.15,406.65,118003,406.66,405.59,403.48,,,63.04,0.98,407.85,402.15,True,90.41,True,False,False
2025-05-16 10:40:00+05:30,406.65,407.0,406.2,406.25,30664,406.53,405.65,403.56,,,58.97,0.97,407.85,402.15,True,90.41,True,False,False
2025-05-16 10:45:00+05:30,406.25,406.7,405.8,406.0,56595,406.35,405.69,403.64,,,56.52,0.96,407.85,402.15,True,90.41,True,False,False
2025-05-16 10:50:00+05:30,406.0,406.65,405.4,406.3,191241,406.33,405.75,403.72,,,58.74,0.98,407.85,402.15,True,90.41,True,False,False
2025-05-16 10:55:00+05:30,406.45,406.9,406.4,406.8,8144,406.49,405.85,403.82,,,62.2,0.96,407.85,402.15,True,90.41,True,False,False
2025-05-16 11:00:00+05:30,406.8,406.95,404.6,405.65,344329,406.21,405.83,403.88,,,51.5,1.06,407.85,402.15,True,91.16,True,False,False
2025-05-16 11:05:00+05:30,405.7,406.25,404.85,406.0,329222,406.14,405.84,403.94,,,54.09,1.08,407.85,402.15,True,91.16,True,False,False
2025-05-16 11:10:00+05:30,406.0,406.1,405.65,405.95,68718,406.08,405.85,404.0,,,53.65,1.04,407.85,402.15,True,91.16,True,False,False
2025-05-16 11:15:00+05:30,405.95,407.1,405.75,406.7,61791,406.28,405.93,404.09,,,59.04,1.06,407.85,402.15,True,91.16,True,False,False
2025-05-16 11:20:00+05:30,406.85,407.05,406.45,406.75,23538,406.44,406.01,404.17,,,59.38,1.03,407.85,402.15,True,91.16,True,False,False
2025-05-16 11:25:00+05:30,406.75,407.0,406.65,407.0,30669,406.63,406.11,404.26,,,61.11,0.98,407.85,402.15,True,91.16,True,False,False
2025-05-16 11:30:00+05:30,406.7,407.05,406.65,406.65,32076,406.63,406.16,404.33,,,57.42,0.94,407.85,402.4,True,89.29,True,False,False
2025-05-16 11:35:00+05:30,406.65,406.9,406.2,406.8,19435,406.69,406.22,404.41,,,58.57,0.92,407.85,402.45,True,89.29,True,False,False
2025-05-16 11:40:00+05:30,406.8,407.0,406.65,406.95,22379,406.78,406.29,404.49,,,59.75,0.88,407.85,402.65,True,89.29,True,False,False
2025-05-16 11:45:00+05:30,406.95,407.0,406.5,406.95,21523,406.83,406.35,404.57,,,59.75,0.85,407.85,403.1,True,89.29,True,False,False
2025-05-16 11:50:00+05:30,406.7,407.0,406.45,406.8,31876,406.82,406.39,404.64,,,57.84,0.83,407.85,403.1,True,89.29,True,False,False
2025-05-16 11:55:00+05:30,406.75,407.0,406.75,406.95,19140,406.87,406.45,404.71,,,59.24,0.79,407.85,403.1,True,89.29,True,False,False
2025-05-16 12:00:00+05:30,406.85,407.15,406.85,406.9,27944,406.88,406.49,404.78,,,58.54,0.75,407.85,403.1,True,85.51,True,False,False
2025-05-16 12:05:00+05:30,406.95,407.2,406.7,406.75,20015,406.83,406.52,404.84,,,56.4,0.74,407.85,403.1,True,85.51,True,False,False
2025-05-16 12:10:00+05:30,406.75,407.0,406.6,406.8,21588,406.82,406.54,404.9,,,56.96,0.71,407.85,404.6,True,85.51,True,False,False
2025-05-16 12:15:00+05:30,406.8,406.85,406.45,406.7,24423,406.78,406.56,404.96,,,55.41,0.69,407.85,404.6,True,85.51,True,False,False
2025-05-16 12:20:00+05:30,406.5,406.9,406.45,406.85,15874,406.8,406.59,405.02,,,57.29,0.67,407.85,404.6,True,85.51,True,False,False
2025-05-16 12:25:00+05:30,406.85,407.0,406.75,406.85,16638,406.82,406.61,405.07,,,57.29,0.64,407.85,404.6,True,85.51,True,False,False
2025-05-16 12:30:00+05:30,406.9,407.15,406.5,407.05,46221,406.9,406.65,405.14,,,59.9,0.64,407.85,404.6,True,91.39,True,False,False
2025-05-16 12:35:00+05:30,407.05,407.2,406.9,406.95,26140,406.91,406.68,405.19,,,57.99,0.62,407.85,404.6,True,91.39,True,False,False
2025-05-16 12:40:00+05:30,406.95,409.25,406.9,409.1,161749,407.64,406.91,405.31,,,75.83,0.74,409.25,404.6,True,91.39,True,False,False
2025-05-16 12:45:00+05:30,409.15,410.9,409.1,409.4,246899,408.23,407.15,405.44,,,77.28,0.82,410.9,404.6,True,91.39,True,False,False
2025-05-16 12:50:00+05:30,409.45,409.6,408.8,409.1,35717,408.52,407.33,405.56,,,72.59,0.82,410.9,404.6,True,91.39,True,False,False
2025-05-16 12:55:00+05:30,409.15,409.2,408.1,408.35,33645,408.46,407.43,405.64,403.35,,62.4,0.84,410.9,404.6,True,91.39,True,False,False
2025-05-16 13:00:00+05:30,408.35,409.4,408.3,409.25,40504,408.73,407.6,405.76,403.45,,68.17,0.86,410.9,404.6,True,92.77,True,False,False
2025-05-16 13:05:00+05:30,409.3,409.7,408.95,409.05,39628,408.83,407.74,405.86,403.54,,65.76,0.85,410.9,404.6,True,92.77,True,False,False
2025-05-16 13:10:00+05:30,409.05,409.25,408.85,409.2,24451,408.96,407.88,405.96,403.63,,66.71,0.82,410.9,404.6,True,92.77,True,False,False
2025-05-16 13:15:00+05:30,409.2,409.35,408.7,408.95,25604,408.95,407.98,406.06,403.72,,63.54,0.8,410.9,404.6,True,92.77,True,False,False
2025-05-16 13:20:00+05:30,408.85,409.0,408.7,408.7,22284,408.87,408.05,406.14,403.8,,60.44,0.77,410.9,404.6,True,92.77,True,False,False
2025-05-16 13:25:00+05:30,408.7,409.25,408.7,409.0,24701,408.91,408.14,406.23,403.89,,62.78,0.75,410.9,404.6,True,92.77,True,False,False
2025-05-16 13:30:00+05:30,409.0,409.75,408.9,409.6,62566,409.14,408.28,406.33,403.98,,67.0,0.76,410.9,404.85,True,81.95,True,False,False
2025-05-16 13:35:00+05:30,409.65,409.7,408.95,409.0,54998,409.09,408.35,406.42,404.07,,59.72,0.76,410.9,405.65,True,81.95,True,False,False
2025-05-16 13:40:00+05:30,408.95,409.4,408.7,409.2,41215,409.13,408.43,406.5,404.15,,61.23,0.75,410.9,405.75,True,81.95,True,False,False
2025-05-16 13:45:00+05:30,409.25,409.45,408.65,409.25,37341,409.17,408.51,406.59,404.24,,61.62,0.76,410.9,406.2,True,81.95,True,False,False
2025-05-16 13:50:00+05:30,409.25,409.3,408.6,409.0,30217,409.11,408.55,406.67,404.31,,58.47,0.75,410.9,406.2,True,81.95,True,False,False
2025-05-16 13:55:00+05:30,409.2,409.2,408.15,408.5,54950,408.91,408.55,406.72,404.38,,52.67,0.77,410.9,406.2,True,81.95,True,False,False
2025-05-16 14:00:00+05:30,408.5,408.95,408.4,408.6,36123,408.81,408.55,406.78,404.45,,53.66,0.76,410.9,406.2,True,88.47,True,False,False
2025-05-16 14:05:00+05:30,408.65,409.4,408.6,409.25,32133,408.95,408.62,406.86,404.53,,59.58,0.76,410.9,406.45,True,88.47,True,False,False
2025-05-16 14:10:00+05:30,409.15,410.85,409.15,409.9,163133,409.27,408.74,406.95,404.62,,64.46,0.83,410.9,406.45,True,88.47,True,False,False
2025-05-16 14:15:00+05:30,409.85,410.55,409.65,410.35,166970,409.63,408.9,407.06,404.72,,67.4,0.83,410.9,406.45,True,88.47,True,False,False
2025-05-16 14:20:00+05:30,410.25,411.2,410.25,411.0,121146,410.09,409.1,407.18,404.82,,71.12,0.84,411.2,406.45,True,88.47,True,False,False
2025-05-16 14:25:00+05:30,410.9,411.2,410.5,410.75,38933,410.31,409.25,407.29,404.92,,67.91,0.83,411.2,406.45,True,88.47,True,False,False
2025-05-16 14:30:00+05:30,410.6,410.8,409.7,409.95,52594,410.19,409.32,407.38,405.0,,58.78,0.85,411.2,406.45,True,79.53,True,False,False
2025-05-16 14:35:00+05:30,409.85,410.45,409.4,410.4,38625,410.26,409.42,407.47,405.09,,61.88,0.87,411.2,406.45,True,79.53,True,False,False
2025-05-16 14:40:00+05:30,410.3,410.55,409.7,409.9,63466,410.14,409.47,407.55,405.17,,56.77,0.86,411.2,406.45,True,79.53,True,False,False
2025-05-16 14:45:00+05:30,409.75,411.0,409.1,410.15,94086,410.14,409.53,407.63,405.25,,58.61,0.94,411.2,406.45,True,79.53,True,False,False
2025-05-16 14:50:00+05:30,410.15,410.85,409.65,410.65,62632,410.31,409.64,407.72,405.34,,62.09,0.96,411.2,406.5,True,79.53,True,False,False
2025-05-16 14:55:00+05:30,410.65,410.85,409.6,410.1,83387,410.24,409.68,407.8,405.42,,56.47,0.98,411.2,406.5,True,79.53,True,False,False
2025-05-16 15:00:00+05:30,410.1,410.75,409.8,410.6,140544,410.36,409.77,407.89,405.51,,60.01,0.98,411.2,406.9,True,62.73,True,False,False
2025-05-16 15:05:00+05:30,410.55,410.65,410.2,410.35,148395,410.36,409.83,407.96,405.59,,57.49,0.94,411.2,406.9,True,62.73,True,False,False
2025-05-16 15:10:00+05:30,410.35,410.9,410.1,410.35,180359,410.35,409.88,408.04,405.66,,57.49,0.93,411.2,408.1,True,62.73,True,False,False
2025-05-16 15:15:00+05:30,410.3,410.35,409.7,409.9,145529,410.2,409.88,408.1,405.73,,52.85,0.91,411.2,408.1,True,62.73,True,False,False
2025-05-16 15:20:00+05:30,410.0,410.0,409.3,409.4,130172,409.94,409.83,408.14,405.8,,48.2,0.89,411.2,408.1,True,62.73,True,False,False
2025-05-16 15:25:00+05:30,409.4,409.6,408.0,408.5,131071,409.46,409.71,408.15,405.84,,41.18,0.94,411.2,408.0,True,62.73,True,False,False
2025-05-19 09:15:00+05:30,410.75,411.5,408.65,409.6,82474,409.5,409.7,408.19,405.9,,50.65,1.09,411.5,408.0,True,62.73,True,False,False
2025-05-19 09:20:00+05:30,410.0,410.6,409.0,409.95,67524,409.65,409.72,408.25,405.97,,53.23,1.13,411.5,408.0,True,62.73,True,False,False
2025-05-19 09:25:00+05:30,409.85,410.05,407.65,408.45,56110,409.25,409.6,408.25,406.01,,42.88,1.22,411.5,407.65,True,62.73,True,False,False
2025-05-19 09:30:00+05:30,408.35,408.7,407.45,408.55,46481,409.02,409.5,408.26,406.05,,43.67,1.22,411.5,407.45,True,0.08,False,True,False
2025-05-19 09:35:00+05:30,408.55,408.55,406.3,406.3,51452,408.11,409.19,408.2,406.06,,32.75,1.29,411.5,406.3,True,0.08,False,True,False
2025-05-19 09:40:00+05:30,406.3,407.9,405.75,407.8,60780,408.01,409.06,408.19,406.08,,42.98,1.36,411.5,405.75,True,0.08,False,True,False
2025-05-19 09:45:00+05:30,407.8,408.65,407.4,408.3,41156,408.11,408.99,408.19,406.12,,45.94,1.35,411.5,405.75,True,0.08,False,True,False
2025-05-19 09:50:00+05:30,408.3,408.75,407.55,408.15,25640,408.12,408.91,408.19,406.15,,45.18,1.34,411.5,405.75,True,0.08,False,True,False
2025-05-19 09:55:00+05:30,408.1,408.3,407.8,408.15,15494,408.13,408.84,408.19,406.19,,45.18,1.28,411.5,405.75,True,0.08,False,True,False
2025-05-19 10:00:00+05:30,408.2,409.25,408.05,409.2,18151,408.49,408.87,408.22,406.24,,51.64,1.27,411.5,405.75,True,66.38,True,False,False
2025-05-19 10:05:00+05:30,409.25,409.75,409.05,409.5,25432,408.82,408.93,408.26,406.29,,53.34,1.23,411.5,405.75,True,66.38,True,False,False
2025-05-19 10:10:00+05:30,409.6,409.7,409.35,409.5,6230,409.05,408.99,408.3,406.34,,53.34,1.17,411.5,405.75,True,66.38,True,False,False
2025-05-19 10:15:00+05:30,409.45,409.7,408.95,409.15,21162,409.08,409.0,408.33,406.39,,50.92,1.14,411.5,405.75,True,66.38,True,False,False
2025-05-19 10:20:00+05:30,409.05,409.5,409.0,409.25,12395,409.14,409.02,408.36,406.44,,51.6,1.09,411.5,405.75,True,66.38,True,False,False
2025-05-19 10:25:00+05:30,409.25,409.35,408.5,408.7,9465,408.99,408.99,408.37,406.48,,47.72,1.08,411.5,405.75,True,66.38,True,False,False
2025-05-19 10:30:00+05:30,408.7,408.9,408.15,408.8,9426,408.93,408.98,408.38,406.51,,48.48,1.05,411.5,405.75,True,16.92,False,True,False
2025-05-19 10:35:00+05:30,408.75,408.75,407.65,407.8,21639,408.55,408.86,408.36,406.54,,41.93,1.06,411.5,405.75,True,16.92,False,True,False
2025-05-19 10:40:00+05:30,407.8,407.95,407.1,407.1,49694,408.07,408.7,408.32,406.54,,38.05,1.04,411.5,405.75,True,16.92,False,True,False
2025-05-19 10:45:00+05:30,407.2,407.45,406.35,407.35,31041,407.83,408.57,408.29,406.56,,40.18,1.05,411.5,405.75,True,16.92,False,True,False
2025-05-19 10:50:00+05:30,407.35,407.5,407.1,407.3,25685,407.65,408.45,408.26,406.57,,39.88,1.0,411.5,405.75,True,16.92,False,True,False
2025-05-19 10:55:00+05:30,407.35,407.5,406.45,406.45,16779,407.25,408.26,408.2,406.57,,35.16,1.01,411.5,405.75,True,16.92,False,True,False
2025-05-19 11:00:00+05:30,406.4,407.0,406.35,407.0,13333,407.17,408.14,408.17,406.58,,40.1,0.98,411.5,405.75,True,31.56,False,True,False
2025-05-19 11:05:00+05:30,407.0,407.1,406.15,406.7,29760,407.01,408.0,408.12,406.58,,38.38,0.98,411.5,405.75,True,31.56,False,True,False
2025-05-19 11:10:00+05:30,406.8,406.8,406.0,406.2,15465,406.74,407.83,408.06,406.57,,35.64,0.97,411.5,405.75,True,31.56,False,True,False
2025-05-19 11:15:00+05:30,406.25,407.0,406.2,406.9,7553,406.79,407.74,408.02,406.58,,41.9,0.95,411.5,405.75,True,31.56,False,True,False
2025-05-19 11:20:00+05:30,406.95,407.5,406.45,406.9,33317,406.83,407.66,407.99,406.58,,41.9,0.96,411.5,405.75,True,31.56,False,True,False
2025-05-19 11:25:00+05:30,406.9,407.15,406.7,407.05,7008,406.9,407.6,407.96,406.59,,43.27,0.92,411.5,405.75,True,31.56,False,True,False
2025-05-19 11:30:00+05:30,407.25,407.3,406.55,406.6,14149,406.8,407.51,407.92,406.59,,40.21,0.91,411.5,405.75,True,39.25,False,True,False
2025-05-19 11:35:00+05:30,406.6,407.4,406.55,407.25,12405,406.95,407.48,407.9,406.6,,46.14,0.91,411.5,405.75,True,39.25,False,True,False
2025-05-19 11:40:00+05:30,407.25,407.5,407.0,407.2,18585,407.03,407.46,407.88,406.61,,45.77,0.88,411.5,405.75,True,39.25,False,True,False
2025-05-19 11:45:00+05:30,407.15,407.55,407.1,407.2,14536,407.09,407.43,407.85,406.62,,45.77,0.85,410.6,405.75,True,39.25,False,True,False
2025-05-19 11:50:00+05:30,407.2,407.95,407.15,407.5,42094,407.23,407.44,407.84,406.63,,48.68,0.84,410.05,405.75,True,39.25,False,True,False
2025-05-19 11:55:00+05:30,407.45,407.5,407.2,407.45,17732,407.3,407.44,407.83,406.65,,48.21,0.81,409.75,405.75,True,39.25,False,True,False
2025-05-19 12:00:00+05:30,407.3,407.45,407.2,407.25,8549,407.28,407.42,407.81,406.66,,46.31,0.77,409.75,405.75,True,33.65,False,True,False
2025-05-19 12:05:00+05:30,407.25,408.2,407.25,407.3,54557,407.29,407.41,407.8,406.67,,46.87,0.78,409.75,405.75,True,33.65,False,True,False
2025-05-19 12:10:00+05:30,407.35,407.7,407.25,407.5,67898,407.36,407.42,407.79,406.68,,49.18,0.76,409.75,406.0,True,33.65,False,True,False
2025-05-19 12:15:00+05:30,407.45,407.65,407.15,407.65,39522,407.46,407.44,407.78,406.7,,50.9,0.74,409.75,406.0,True,33.65,False,True,False
2025-05-19 12:20:00+05:30,407.6,407.65,406.9,407.05,63718,407.32,407.4,407.76,406.7,,44.42,0.74,409.75,406.0,True,33.65,False,True,False
2025-05-19 12:25:00+05:30,406.95,407.1,406.85,406.9,33211,407.18,407.35,407.73,406.71,,42.95,0.7,409.75,406.0,True,33.65,False,True,False
2025-05-19 12:30:00+05:30,406.85,407.6,406.7,407.2,170107,407.19,407.34,407.72,406.72,,46.75,0.72,409.75,406.0,True,48.14,False,True,False
2025-05-19 12:35:00+05:30,407.05,407.45,406.75,406.9,38413,407.09,407.3,407.69,406.72,,43.62,0.72,409.7,406.0,True,48.14,False,True,False
2025-05-19 12:40:00+05:30,406.95,407.0,406.9,407.0,18119,407.06,407.27,407.67,406.72,,44.94,0.67,409.7,406.0,True,48.14,False,True,False
2025-05-19 12:45:00+05:30,406.95,407.0,406.9,406.95,9778,407.02,407.24,407.65,406.73,,44.38,0.63,409.5,406.0,True,48.14,False,True,False
2025-05-19 12:50:00+05:30,407.0,407.6,406.9,407.55,13104,407.2,407.27,407.64,406.74,,52.1,0.64,409.35,406.0,True,48.14,False,True,False
2025-05-19 12:55:00+05:30,407.55,407.9,407.55,407.9,13046,407.43,407.33,407.65,406.76,,55.94,0.62,408.9,406.0,True,48.14,False,True,False
2025-05-19 13:00:00+05:30,407.9,408.45,407.55,408.05,34026,407.64,407.4,407.66,406.78,,57.52,0.64,408.75,406.0,True,49.33,False,True,False
2025-05-19 13:05:00+05:30,408.05,408.25,407.85,408.05,11260,407.78,407.46,407.68,406.8,,57.52,0.62,408.45,406.0,True,49.33,False,True,False
2025-05-19 13:10:00+05:30,408.1,408.15,407.5,407.65,8963,407.73,407.48,407.68,406.82,,51.8,0.62,408.45,406.0,True,49.33,False,True,False
2025-05-19 13:15:00+05:30,407.75,407.95,407.1,407.3,12972,407.59,407.46,407.66,406.82,,47.36,0.64,408.45,406.0,True,49.33,False,True,False
2025-05-19 13:20:00+05:30,407.35,407.95,407.35,407.75,8070,407.64,407.49,407.67,406.84,,52.94,0.64,408.45,406.0,True,49.33,False,True,False
2025-05-19 13:25:00+05:30,407.75,408.0,407.6,408.0,7820,407.76,407.54,407.68,406.86,,55.75,0.62,408.45,406.0,True,49.33,False,True,False
2025-05-19 13:30:00+05:30,408.0,408.25,407.65,407.75,11116,407.76,407.56,407.68,406.87,,52.38,0.62,408.45,406.0,True,42.95,False,True,False
2025-05-19 13:35:00+05:30,407.8,407.9,407.35,407.55,13823,407.69,407.56,407.68,406.88,,49.8,0.61,408.45,406.0,True,42.95,False,True,False
2025-05-19 13:40:00+05:30,407.55,407.6,407.1,407.55,17984,407.64,407.56,407.67,406.9,,49.8,0.61,408.45,406.2,True,42.95,False,True,False
2025-05-19 13:45:00+05:30,407.6,407.6,407.05,407.3,12785,407.53,407.53,407.66,406.9,,46.47,0.6,408.45,406.45,True,42.95,False,True,False
2025-05-19 13:50:00+05:30,407.2,407.65,407.0,407.55,8515,407.54,407.53,407.66,406.91,,50.06,0.61,408.45,406.55,True,42.95,False,True,False
2025-05-19 13:55:00+05:30,407.55,407.65,407.1,407.4,8733,407.49,407.52,407.65,406.92,,47.98,0.6,408.45,406.55,True,42.95,False,True,False
2025-05-19 14:00:00+05:30,407.4,407.45,406.75,406.85,13038,407.28,407.46,407.62,406.92,,41.21,0.61,408.45,406.55,True,37.71,False,True,False
2025-05-19 14:05:00+05:30,406.95,407.15,406.25,406.8,35566,407.12,407.39,407.6,406.92,,40.65,0.63,408.45,406.25,True,37.71,False,True,False
2025-05-19 14:10:00+05:30,406.8,406.85,406.1,406.65,39698,406.96,407.32,407.57,406.91,,38.93,0.64,408.45,406.1,True,37.71,False,True,False
2025-05-19 14:15:00+05:30,406.65,407.35,406.3,407.2,18863,407.04,407.31,407.56,406.92,,47.65,0.67,408.45,406.1,True,37.71,False,True,False
2025-05-19 14:20:00+05:30,407.15,407.25,406.45,406.7,45569,406.93,407.25,407.53,406.91,,41.81,0.68,408.45,406.1,True,37.71,False,True,False
2025-05-19 14:25:00+05:30,406.75,407.2,406.5,406.8,25586,406.89,407.21,407.51,406.91,,43.3,0.68,408.45,406.1,True,37.71,False,True,False
2025-05-19 14:30:00+05:30,406.85,407.0,406.3,406.4,18069,406.72,407.13,407.47,406.9,,38.98,0.68,408.45,406.1,True,30.11,False,True,False
2025-05-19 14:35:00+05:30,406.35,406.35,405.5,405.8,45745,406.42,407.01,407.42,406.89,,33.57,0.7,408.45,405.5,True,30.11,False,True,False
2025-05-19 14:40:00+05:30,405.8,406.0,405.5,405.8,38086,406.21,406.89,407.37,406.87,,33.57,0.68,408.45,405.5,True,30.11,False,True,False
2025-05-19 14:45:00+05:30,405.65,405.8,405.25,405.45,12681,405.96,406.75,407.31,406.84,,30.69,0.67,408.45,405.25,True,30.11,False,True,False
2025-05-19 14:50:00+05:30,405.45,406.3,405.4,405.9,25395,405.94,406.67,407.27,406.83,,38.05,0.69,408.45,405.25,True,30.11,False,True,False
2025-05-19 14:55:00+05:30,405.9,406.3,405.5,405.65,21754,405.84,406.58,407.21,406.81,,35.78,0.7,408.45,405.25,True,30.11,False,True,False
2025-05-19 15:00:00+05:30,405.65,405.95,405.25,405.35,44750,405.68,406.46,407.16,406.79,,33.22,0.7,408.45,405.25,True,28.76,False,True,False
2025-05-19 15:05:00+05:30,405.35,405.45,404.7,405.35,54593,405.57,406.35,407.1,406.76,,33.22,0.7,408.45,404.7,True,28.76,False,True,False
2025-05-19 15:10:00+05:30,405.4,405.55,404.85,405.05,60014,405.4,406.23,407.04,406.73,,30.67,0.7,408.45,404.7,True,28.76,False,True,False
2025-05-19 15:15:00+05:30,405.05,405.65,404.35,405.1,130536,405.3,406.12,406.98,406.71,,31.61,0.74,408.45,404.35,True,28.76,False,True,False
2025-05-19 15:20:00+05:30,405.1,405.1,404.1,404.75,119940,405.11,405.99,406.91,406.67,,28.67,0.76,408.45,404.1,True,28.76,False,True,False
2025-05-19 15:25:00+05:30,404.75,405.5,404.1,405.4,123015,405.21,405.93,406.86,406.65,,39.85,0.81,408.45,404.1,True,28.76,False,True,False
2025-05-20 09:15:00+05:30,406.0,408.3,404.6,404.6,49156,405.01,405.81,406.79,406.62,,33.0,1.01,408.3,404.1,True,28.76,False,True,False
2025-05-20 09:20:00+05:30,404.65,406.2,403.3,405.3,69164,405.1,405.76,406.74,406.6,,42.34,1.15,408.3,403.3,True,28.76,False,True,False
2025-05-20 09:25:00+05:30,405.05,406.0,404.45,406.0,25969,405.4,405.78,406.72,406.59,,49.87,1.18,408.3,403.3,True,28.76,False,True,False
2025-05-20 09:30:00+05:30,405.8,407.4,405.1,406.4,54550,405.74,405.84,406.71,406.58,,53.6,1.26,408.3,403.3,True,84.62,True,False,False
2025-05-20 09:35:00+05:30,406.3,407.8,406.1,407.4,18271,406.29,405.99,406.73,406.6,,61.34,1.29,408.3,403.3,True,84.62,True,False,False
2025-05-20 09:40:00+05:30,407.3,407.75,405.7,407.2,73167,406.59,406.1,406.75,406.61,,59.21,1.34,408.3,403.3,True,84.62,True,False,False
2025-05-20 09:45:00+05:30,407.2,407.3,405.85,406.4,25534,406.53,406.13,406.73,406.6,,51.52,1.35,408.3,403.3,True,84.62,True,False,False
2025-05-20 09:50:00+05:30,406.4,406.8,405.4,406.0,27346,406.35,406.12,406.71,406.59,405.52,48.14,1.35,408.3,403.3,True,84.62,True,False,False
2025-05-20 09:55:00+05:30,405.95,407.5,405.5,407.3,37677,406.67,406.23,406.73,406.61,405.53,57.81,1.4,408.3,403.3,True,84.62,True,False,False
2025-05-20 10:00:00+05:30,407.3,409.85,407.3,409.85,110237,407.73,406.58,406.83,406.66,405.57,69.72,1.48,409.85,403.3,True,91.51,True,False,False
2025-05-20 10:05:00+05:30,409.8,410.5,408.5,409.05,124373,408.17,406.81,406.9,406.7,405.6,63.65,1.52,410.5,403.3,True,91.51,True,False,False
2025-05-20 10:10:00+05:30,409.3,409.35,408.5,408.8,33979,408.38,407.0,406.96,406.73,405.63,61.84,1.47,410.5,403.3,True,91.51,True,False,False
2025-05-20 10:15:00+05:30,409.0,409.35,408.4,409.2,28128,408.65,407.21,407.03,406.77,405.66,63.62,1.43,410.5,403.3,True,91.51,True,False,False
2025-05-20 10:20:00+05:30,409.05,409.5,408.95,409.0,22948,408.77,407.38,407.09,406.81,405.69,62.06,1.37,410.5,403.3,True,91.51,True,False,False
2025-05-20 10:25:00+05:30,409.0,409.9,408.55,408.55,29772,408.7,407.49,407.13,406.84,405.71,58.57,1.37,410.5,403.3,True,91.51,True,False,False
2025-05-20 10:30:00+05:30,408.65,408.75,408.1,408.1,17286,408.5,407.55,407.16,406.86,405.73,55.23,1.32,410.5,403.3,True,93.42,True,False,False
2025-05-20 10:35:00+05:30,408.15,409.5,408.1,409.1,20341,408.7,407.7,407.22,406.9,405.76,60.61,1.32,410.5,403.3,True,93.42,True,False,False
2025-05-20 10:40:00+05:30,409.0,409.25,408.85,408.85,16411,408.75,407.81,407.28,406.93,405.79,58.71,1.26,410.5,403.3,True,93.42,True,False,False
2025-05-20 10:45:00+05:30,408.85,409.2,408.85,409.05,15313,408.85,407.93,407.33,406.97,405.81,59.8,1.19,410.5,403.3,True,93.42,True,False,False
2025-05-20 10:50:00+05:30,408.9,409.0,408.5,408.65,23057,408.78,408.0,407.37,406.99,405.84,56.59,1.15,410.5,403.3,True,93.42,True,False,False
2025-05-20 10:55:00+05:30,408.65,409.3,408.55,409.3,20240,408.96,408.12,407.43,407.03,405.87,60.31,1.12,410.5,403.3,True,93.42,True,False,False
2025-05-20 11:00:00+05:30,409.3,409.75,408.45,408.5,40128,408.8,408.16,407.47,407.06,405.89,54.16,1.13,410.5,403.3,True,72.41,True,False,False
2025-05-20 11:05:00+05:30,408.5,408.9,408.45,408.75,9727,408.79,408.21,407.51,407.08,405.91,55.68,1.08,410.5,403.3,True,72.41,True,False,False
2025-05-20 11:10:00+05:30,408.7,408.8,408.3,408.6,15014,408.72,408.25,407.54,407.11,405.94,54.51,1.04,410.5,403.3,True,72.41,True,False,False
2025-05-20 11:15:00+05:30,408.6,408.75,408.3,408.55,11835,408.67,408.28,407.57,407.13,405.96,54.1,1.0,410.5,403.3,True,72.41,True,False,False
2025-05-20 11:20:00+05:30,408.55,408.75,408.0,408.4,40270,408.58,408.29,407.6,407.15,405.98,52.83,0.98,410.5,403.3,True,72.41,True,False,False
2025-05-20 11:25:00+05:30,408.15,408.8,408.15,408.4,15497,408.52,408.3,407.62,407.17,406.0,52.83,0.96,410.5,403.3,True,72.41,True,False,False
2025-05-20 11:30:00+05:30,408.4,408.65,408.0,408.6,21005,408.55,408.33,407.65,407.2,406.02,54.49,0.94,410.5,403.3,True,55.87,True,False,False
2025-05-20 11:35:00+05:30,408.45,408.95,408.3,408.4,27599,408.5,408.34,407.68,407.22,406.04,52.5,0.92,410.5,403.3,True,55.87,True,False,False
2025-05-20 11:40:00+05:30,408.4,408.55,408.05,408.25,11239,408.41,408.33,407.69,407.23,406.06,50.99,0.89,410.5,403.3,True,55.87,True,False,False
2025-05-20 11:45:00+05:30,408.05,408.25,407.7,407.7,10675,408.18,408.27,407.69,407.24,406.08,45.81,0.86,410.5,403.3,True,55.87,True,False,False
2025-05-20 11:50:00+05:30,407.7,407.85,407.0,407.25,15989,407.87,408.17,407.68,407.24,406.09,42.04,0.86,410.5,404.45,True,55.87,True,False,False
2025-05-20 11:55:00+05:30,407.1,407.45,407.05,407.3,6216,407.68,408.09,407.67,407.24,406.1,42.61,0.83,410.5,405.1,True,55.87,True,False,False
2025-05-20 12:00:00+05:30,407.3,407.75,407.15,407.5,6957,407.62,408.03,407.66,407.25,406.11,44.92,0.81,410.5,405.4,True,50.25,True,False,False
2025-05-20 12:05:00+05:30,407.35,407.75,407.2,407.3,8293,407.51,407.96,407.65,407.25,406.12,43.05,0.79,410.5,405.4,True,50.25,True,False,False
2025-05-20 12:10:00+05:30,407.3,407.4,406.8,406.8,19243,407.28,407.85,407.63,407.24,406.12,38.72,0.78,410.5,405.4,True,50.25,True,False,False
2025-05-20 12:15:00+05:30,406.8,407.25,406.6,406.85,32009,407.13,407.76,407.6,407.23,406.13,39.37,0.77,410.5,405.4,True,50.25,True,False,False
2025-05-20 12:20:00+05:30,406.85,407.15,406.75,406.9,9083,407.06,407.67,407.58,407.23,406.14,40.07,0.74,410.5,405.5,True,50.25,True,False,False
2025-05-20 12:25:00+05:30,407.0,407.0,406.7,406.8,6365,406.97,407.59,407.55,407.22,406.14,39.1,0.71,410.5,406.6,True,50.25,True,False,False
2025-05-20 12:30:00+05:30,406.9,407.0,406.7,406.95,3865,406.96,407.53,407.54,407.22,406.15,41.38,0.68,410.5,406.6,True,43.63,False,True,False
2025-05-20 12:35:00+05:30,406.85,407.55,406.8,407.3,21553,407.08,407.51,407.53,407.22,406.16,46.4,0.69,409.9,406.6,True,43.63,False,True,False
2025-05-20 12:40:00+05:30,407.3,407.5,406.85,407.15,18190,407.1,407.47,407.52,407.22,406.17,44.64,0.68,409.9,406.6,True,43.63,False,True,False
2025-05-20 12:45:00+05:30,407.15,407.3,406.7,406.8,12039,407.0,407.41,407.49,407.21,406.17,40.74,0.68,409.9,406.6,True,43.63,False,True,False
2025-05-20 12:50:00+05:30,406.8,406.95,405.8,405.8,30968,406.6,407.26,407.44,407.19,406.17,32.11,0.71,409.9,405.8,True,43.63,False,True,False
2025-05-20 12:55:00+05:30,405.8,406.4,405.5,406.1,16646,406.43,407.15,407.4,407.17,406.17,36.46,0.73,409.75,405.5,True,43.63,False,True,False
2025-05-20 13:00:00+05:30,406.1,406.45,405.45,405.5,38705,406.12,406.99,407.34,407.14,406.16,32.04,0.75,409.75,405.45,True,44.2,False,True,False
2025-05-20 13:05:00+05:30,405.5,406.0,405.4,405.6,10494,405.95,406.86,407.29,407.12,406.16,33.49,0.73,409.75,405.4,True,44.2,False,True,False
2025-05-20 13:10:00+05:30,405.75,406.0,405.35,405.4,10633,405.77,406.72,407.23,407.09,406.15,32.02,0.73,409.75,405.35,True,44.2,False,True,False
2025-05-20 13:15:00+05:30,405.4,405.4,404.8,405.0,24799,405.51,406.55,407.16,407.05,406.14,29.26,0.72,409.75,404.8,True,44.2,False,True,False
2025-05-20 13:20:00+05:30,404.8,405.3,404.6,405.0,21406,405.34,406.41,407.09,407.02,406.13,29.26,0.72,409.75,404.6,True,44.2,False,True,False
2025-05-20 13:25:00+05:30,405.0,406.3,404.8,406.15,16131,405.61,406.38,407.06,407.01,406.13,45.06,0.77,409.75,404.6,True,44.2,False,True,False
2025-05-20 13:30:00+05:30,406.15,406.35,405.65,405.65,15305,405.62,406.31,407.02,406.98,406.13,40.8,0.77,408.95,404.6,True,41.94,False,True,False
2025-05-20 13:35:00+05:30,405.65,406.0,405.55,405.7,18676,405.65,406.25,406.98,406.96,406.13,41.39,0.75,408.95,404.6,True,41.94,False,True,False
2025-05-20 13:40:00+05:30,405.7,406.05,405.5,405.9,15713,405.73,406.22,406.94,406.94,406.12,43.84,0.73,408.95,404.6,True,41.94,False,True,False
2025-05-20 13:45:00+05:30,405.9,406.5,405.6,406.3,15768,405.92,406.23,406.92,406.93,406.13,48.46,0.74,408.95,404.6,True,41.94,False,True,False
2025-05-20 13:50:00+05:30,406.55,406.55,405.85,406.0,11064,405.95,406.21,406.89,406.92,406.12,45.44,0.74,408.95,404.6,True,41.94,False,True,False
2025-05-20 13:55:00+05:30,405.8,406.0,405.7,405.9,8431,405.93,406.18,406.86,406.9,406.12,44.44,0.71,408.95,404.6,True,41.94,False,True,False
2025-05-20 14:00:00+05:30,405.9,406.0,404.65,405.45,50877,405.77,406.11,406.82,406.88,406.12,40.18,0.76,408.95,404.6,True,22.54,False,True,False
2025-05-20 14:05:00+05:30,405.45,405.6,404.4,404.55,23099,405.36,405.96,406.75,406.84,406.1,33.3,0.79,408.55,404.4,True,22.54,False,True,False
2025-05-20 14:10:00+05:30,404.55,404.95,404.2,404.25,16605,404.99,405.8,406.67,406.8,406.09,31.37,0.78,408.25,404.2,True,22.54,False,True,False
2025-05-20 14:15:00+05:30,404.3,404.65,404.0,404.15,21983,404.71,405.64,406.59,406.75,406.07,30.73,0.77,407.85,404.0,True,22.54,False,True,False
2025-05-20 14:20:00+05:30,404.15,404.2,402.75,403.1,38182,404.17,405.4,406.48,406.69,406.05,24.98,0.82,407.75,402.75,True,22.54,False,True,False
2025-05-20 14:25:00+05:30,403.1,403.35,401.6,402.0,44087,403.45,405.07,406.34,406.61,406.01,20.62,0.89,407.75,401.6,True,22.54,False,True,False
2025-05-20 14:30:00+05:30,402.05,402.4,401.55,402.4,20134,403.1,404.82,406.22,406.54,405.98,25.69,0.89,407.75,401.55,True,16.0,False,True,False
2025-05-20 14:35:00+05:30,402.25,402.85,399.45,399.85,118864,402.02,404.35,406.02,406.43,405.93,17.86,1.07,407.55,399.45,True,16.0,False,True,False
2025-05-20 14:40:00+05:30,399.8,400.7,398.5,398.5,107564,400.84,403.79,405.78,406.3,405.86,15.21,1.15,407.55,398.5,True,16.0,False,True,False
2025-05-20 14:45:00+05:30,398.7,400.65,398.2,400.1,52221,400.6,403.44,405.61,406.2,405.81,28.69,1.24,407.55,398.2,True,16.0,False,True,False
2025-05-20 14:50:00+05:30,400.1,400.9,399.95,400.35,29006,400.51,403.14,405.44,406.1,405.77,30.55,1.22,407.55,398.2,True,16.0,False,True,False
2025-05-20 14:55:00+05:30,400.4,400.5,398.8,398.8,51198,399.94,402.73,405.23,405.98,405.71,26.02,1.25,407.55,398.2,True,16.0,False,True,False
2025-05-20 15:00:00+05:30,398.9,400.45,398.8,400.0,58218,399.96,402.47,405.07,405.88,405.66,34.16,1.28,407.55,398.2,True,11.75,False,True,False
2025-05-20 15:05:00+05:30,400.0,400.3,399.35,400.2,60893,400.04,402.25,404.92,405.79,405.61,35.43,1.26,407.5,398.2,True,11.75,False,True,False
2025-05-20 15:10:00+05:30,400.2,400.5,399.7,400.2,90983,400.09,402.06,404.77,405.7,405.57,35.43,1.23,407.3,398.2,True,11.75,False,True,False
2025-05-20 15:15:00+05:30,400.15,400.25,398.2,398.8,127290,399.66,401.75,404.58,405.58,405.51,30.62,1.28,406.95,398.2,True,11.75,False,True,False
2025-05-20 15:20:00+05:30,398.8,398.8,397.7,397.85,98083,399.06,401.38,404.37,405.46,405.44,27.86,1.27,406.55,397.7,True,11.75,False,True,False
2025-05-20 15:25:00+05:30,397.95,398.4,392.2,395.1,731488,397.74,400.78,404.08,405.28,405.35,21.74,1.62,406.55,392.2,True,11.75,False,True,False
2025-05-21 09:15:00+05:30,395.4,395.45,390.55,395.0,282990,396.83,400.23,403.8,405.11,405.27,21.55,1.86,406.55,390.55,True,11.75,False,True,False
2025-05-21 09:20:00+05:30,395.0,395.35,394.0,394.3,104201,395.98,399.66,403.5,404.94,405.17,20.25,1.82,406.55,390.55,True,11.75,False,True,False
2025-05-21 09:25:00+05:30,394.55,395.2,393.3,394.4,84625,395.46,399.16,403.22,404.76,405.08,20.99,1.83,406.55,390.55,True,11.75,False,True,False
2025-05-21 09:30:00+05:30,394.5,395.4,393.8,395.25,50790,395.39,398.79,402.97,404.6,405.0,27.13,1.81,406.55,390.55,True,82.94,True,False,False
2025-05-21 09:35:00+05:30,395.3,398.0,394.65,397.9,90572,396.22,398.71,402.81,404.49,404.94,42.21,1.92,406.55,390.55,True,82.94,True,False,False
2025-05-21 09:40:00+05:30,397.9,399.2,397.6,398.55,64237,397.0,398.69,402.68,404.4,404.88,45.21,1.9,406.55,390.55,True,82.94,True,False,False
2025-05-21 09:45:00+05:30,398.7,399.7,397.6,398.3,36324,397.43,398.65,402.54,404.29,404.83,44.26,1.91,406.55,390.55,True,82.94,True,False,False
2025-05-21 09:50:00+05:30,398.35,398.95,397.55,398.55,36052,397.81,398.64,402.42,404.2,404.77,45.49,1.88,406.55,390.55,True,82.94,True,False,False
2025-05-21 09:55:00+05:30,398.45,399.2,397.5,398.15,33354,397.92,398.6,402.28,404.1,404.71,43.82,1.86,406.55,390.55,True,82.94,True,False,False
2025-05-21 10:00:00+05:30,398.15,398.95,397.8,398.05,48466,397.96,398.54,402.15,404.0,404.66,43.39,1.81,406.55,390.55,True,72.09,True,False,False
2025-05-21 10:05:00+05:30,398.3,398.45,397.35,397.4,59993,397.78,398.44,402.0,403.89,404.6,40.6,1.76,406.0,390.55,True,72.09,True,False,False
2025-05-21 10:10:00+05:30,397.5,398.9,397.5,398.4,129015,397.98,398.43,401.89,403.8,404.54,46.31,1.74,406.0,390.55,True,72.09,True,False,False
2025-05-21 10:15:00+05:30,398.55,399.0,397.0,397.05,48677,397.67,398.3,401.74,403.69,404.48,40.64,1.76,405.6,390.55,True,72.09,True,False,False
2025-05-21 10:20:00+05:30,397.0,397.55,396.95,397.4,20771,397.58,398.21,401.6,403.58,404.42,42.6,1.68,404.95,390.55,True,72.09,True,False,False
2025-05-21 10:25:00+05:30,397.8,398.0,397.35,397.5,21671,397.55,398.15,401.48,403.48,404.36,43.18,1.6,404.65,390.55,True,72.09,True,False,False
2025-05-21 10:30:00+05:30,397.6,398.35,397.3,397.6,53615,397.57,398.09,401.35,403.39,404.3,43.79,1.56,404.2,390.55,True,64.41,True,False,False
2025-05-21 10:35:00+05:30,397.7,398.0,397.5,397.75,15888,397.63,398.06,401.24,403.29,404.25,44.75,1.49,403.35,390.55,True,64.41,True,False,False
2025-05-21 10:40:00+05:30,397.75,398.0,397.3,397.45,17319,397.57,398.0,401.12,403.2,404.19,43.16,1.43,402.85,390.55,True,64.41,True,False,False
2025-05-21 10:45:00+05:30,397.55,397.95,397.5,397.85,12016,397.66,397.99,401.02,403.11,404.13,45.91,1.37,402.85,390.55,True,64.41,True,False,False
2025-05-21 10:50:00+05:30,397.85,398.0,397.3,397.4,19667,397.58,397.93,400.91,403.01,404.08,43.37,1.32,400.9,390.55,True,64.41,True,False,False
2025-05-21 10:55:00+05:30,397.3,397.5,396.8,396.95,17145,397.37,397.84,400.78,402.91,404.01,40.93,1.27,400.9,390.55,True,64.41,True,False,False
2025-05-21 11:00:00+05:30,396.95,396.95,395.35,395.5,44431,396.74,397.62,400.62,402.79,403.94,34.24,1.3,400.9,390.55,True,55.19,True,False,False
2025-05-21 11:05:00+05:30,395.4,396.0,394.7,395.4,39711,396.3,397.41,400.46,402.67,403.87,33.83,1.3,400.5,390.55,True,55.19,True,False,False
2025-05-21 11:10:00+05:30,395.35,395.85,395.0,395.75,32663,396.11,397.25,400.31,402.55,403.8,36.69,1.27,400.5,390.55,True,55.19,True,False,False
2025-05-21 11:15:00+05:30,395.7,396.4,395.15,396.25,46459,396.16,397.15,400.18,402.45,403.74,40.64,1.26,400.5,390.55,True,55.19,True,False,False
2025-05-21 11:20:00+05:30,396.25,396.4,395.45,395.5,21170,395.94,397.0,400.04,402.34,403.66,36.92,1.24,400.5,390.55,True,55.19,True,False,False
2025-05-21 11:25:00+05:30,395.45,396.6,395.45,396.15,21087,396.01,396.91,399.91,402.23,403.6,41.89,1.24,400.25,390.55,True,55.19,True,False,False
2025-05-21 11:30:00+05:30,396.1,396.45,395.7,395.9,16053,395.97,396.82,399.79,402.13,403.53,40.56,1.2,399.7,390.55,True,67.88,True,False,False
2025-05-21 11:35:00+05:30,395.9,396.75,395.1,396.55,32847,396.17,396.79,399.69,402.04,403.47,45.39,1.23,399.7,390.55,True,67.88,True,False,False
2025-05-21 11:40:00+05:30,396.6,397.3,396.35,396.65,27504,396.33,396.78,399.59,401.95,403.42,46.12,1.21,399.7,390.55,True,67.88,True,False,False
2025-05-21 11:45:00+05:30,396.6,397.6,396.4,397.6,19538,396.75,396.86,399.53,401.88,403.37,52.56,1.21,399.7,393.3,True,67.88,True,False,False
2025-05-21 11:50:00+05:30,397.35,397.8,397.05,397.55,26321,397.02,396.92,399.47,401.8,403.32,52.21,1.18,399.7,393.3,True,67.88,True,False,False
2025-05-21 11:55:00+05:30,397.55,399.0,397.55,398.2,96621,397.41,397.04,399.43,401.74,403.27,56.32,1.2,399.7,393.8,True,67.88,True,False,False
2025-05-21 12:00:00+05:30,398.05,398.95,397.4,397.65,38150,397.49,397.1,399.37,401.68,403.23,52.22,1.22,399.7,394.65,True,73.41,True,False,False
2025-05-21 12:05:00+05:30,397.55,398.0,397.45,397.6,51324,397.53,397.15,399.32,401.61,403.18,51.85,1.18,399.7,394.7,True,73.41,True,False,False
2025-05-21 12:10:00+05:30,397.55,398.0,397.0,397.3,80637,397.45,397.16,399.25,401.54,403.13,49.59,1.16,399.7,394.7,True,73.41,True,False,False
2025-05-21 12:15:00+05:30,397.35,398.8,397.35,397.7,60903,397.53,397.22,399.21,401.47,403.08,52.57,1.19,399.2,394.7,True,73.41,True,False,False
2025-05-21 12:20:00+05:30,397.75,398.9,397.7,398.8,60614,397.96,397.37,399.19,401.43,403.04,59.63,1.19,399.2,394.7,True,73.41,True,False,False
2025-05-21 12:25:00+05:30,398.85,399.75,398.35,399.6,57630,398.5,397.58,399.21,401.4,403.01,63.84,1.2,399.75,394.7,True,73.41,True,False,False
2025-05-21 12:30:00+05:30,399.5,401.0,399.4,400.5,96330,399.17,397.86,399.25,401.39,402.99,67.91,1.23,401.0,394.7,True,77.94,True,False,False
2025-05-21 12:35:00+05:30,400.35,401.35,400.3,401.0,52552,399.78,398.16,399.3,401.38,402.98,69.93,1.22,401.35,394.7,True,77.94,True,False,False
2025-05-21 12:40:00+05:30,401.0,401.15,400.0,400.5,24159,400.02,398.38,399.34,401.36,402.95,65.49,1.21,401.35,394.7,True,77.94,True,False,False
2025-05-21 12:45:00+05:30,400.45,400.7,399.45,400.35,72506,400.13,398.57,399.37,401.35,402.93,64.17,1.22,401.35,394.7,True,77.94,True,False,False
2025-05-21 12:50:00+05:30,400.35,400.75,400.2,400.4,23882,400.22,398.74,399.4,401.33,402.91,64.43,1.17,401.35,394.7,True,77.94,True,False,False
2025-05-21 12:55:00+05:30,400.25,401.4,400.25,401.15,28897,400.53,398.97,399.46,401.33,402.9,68.12,1.17,401.4,394.7,True,77.94,True,False,False
2025-05-21 13:00:00+05:30,401.15,401.35,400.65,401.25,25564,400.77,399.19,399.51,401.33,402.88,68.58,1.13,401.4,394.7,True,81.64,True,False,False
2025-05-21 13:05:00+05:30,401.35,401.9,401.25,401.75,44012,401.1,399.43,399.58,401.33,402.87,70.89,1.1,401.9,394.7,True,81.64,True,False,False
2025-05-21 13:10:00+05:30,401.65,402.5,401.65,402.35,31123,401.51,399.71,399.67,401.35,402.87,73.4,1.08,402.5,394.7,True,81.64,True,False,False
2025-05-21 13:15:00+05:30,402.3,403.85,402.3,403.75,59757,402.26,400.09,399.8,401.39,402.88,78.15,1.11,403.85,394.7,True,81.64,True,False,False
2025-05-21 13:20:00+05:30,403.7,404.1,402.9,403.05,75881,402.52,400.38,399.9,401.42,402.88,71.3,1.12,404.1,394.7,True,81.64,True,False,False
2025-05-21 13:25:00+05:30,403.0,403.4,402.75,402.85,20138,402.63,400.61,399.99,401.44,402.88,69.42,1.09,404.1,394.7,True,81.64,True,False,False
2025-05-21 13:30:00+05:30,402.75,403.75,402.75,403.6,39795,402.95,400.9,400.1,401.48,402.88,72.36,1.08,404.1,394.7,True,83.07,True,False,False
2025-05-21 13:35:00+05:30,403.6,404.1,402.95,403.3,46666,403.07,401.13,400.2,401.51,402.89,69.49,1.09,404.1,395.0,True,83.07,True,False,False
2025-05-21 13:40:00+05:30,403.3,403.5,402.5,403.1,39325,403.08,401.31,400.29,401.53,402.89,67.56,1.08,404.1,395.1,True,83.07,True,False,False
2025-05-21 13:45:00+05:30,403.05,403.9,402.85,403.65,30723,403.27,401.54,400.4,401.57,402.89,70.02,1.08,404.1,395.1,True,83.07,True,False,False
2025-05-21 13:50:00+05:30,403.65,403.8,403.35,403.5,17462,403.35,401.72,400.5,401.6,402.9,68.5,1.03,404.1,395.1,True,83.07,True,False,False
2025-05-21 13:55:00+05:30,403.45,403.75,403.3,403.65,22648,403.45,401.91,400.59,401.64,402.91,69.22,0.99,404.1,395.1,True,83.07,True,False,False
2025-05-21 14:00:00+05:30,403.65,404.2,403.1,403.25,40742,403.38,402.03,400.68,401.66,402.91,64.94,1.0,404.2,395.1,True,84.76,True,False,False
2025-05-21 14:05:00+05:30,403.15,403.8,403.15,403.45,30088,403.4,402.17,400.76,401.69,402.91,66.07,0.97,404.2,396.35,True,84.76,True,False,False
2025-05-21 14:10:00+05:30,403.45,404.7,403.1,404.5,72619,403.77,402.39,400.88,401.74,402.93,71.29,1.02,404.7,396.4,True,84.76,True,False,False
2025-05-21 14:15:00+05:30,404.55,404.55,403.75,404.3,30945,403.95,402.57,400.99,401.78,402.94,69.11,1.0,404.7,397.0,True,84.76,True,False,False
2025-05-21 14:20:00+05:30,404.3,404.8,404.15,404.25,25245,404.05,402.73,401.09,401.82,402.95,68.55,0.98,404.8,397.0,True,84.76,True,False,False
2025-05-21 14:25:00+05:30,404.2,404.85,404.0,404.7,30185,404.27,402.92,401.2,401.87,402.97,70.86,0.97,404.85,397.0,True,84.76,True,False,False
2025-05-21 14:30:00+05:30,404.8,405.2,404.45,404.65,48968,404.39,403.08,401.31,401.91,402.98,70.24,0.95,405.2,397.0,True,83.9,True,False,False
2025-05-21 14:35:00+05:30,404.65,405.15,404.5,404.85,21202,404.55,403.25,401.42,401.96,403.0,71.32,0.93,405.2,397.0,True,83.9,True,False,False
2025-05-21 14:40:00+05:30,404.9,405.3,404.3,404.45,42152,404.51,403.37,401.52,402.0,403.01,66.16,0.94,405.3,397.35,True,83.9,True,False,False
2025-05-21 14:45:00+05:30,404.45,405.5,404.45,405.0,67537,404.68,403.52,401.62,402.05,403.03,69.43,0.94,405.5,397.7,True,83.9,True,False,False
2025-05-21 14:50:00+05:30,404.95,405.15,404.55,404.85,26879,404.73,403.65,401.73,402.1,403.04,67.52,0.92,405.5,398.35,True,83.9,True,False,False
2025-05-21 14:55:00+05:30,404.85,404.95,404.45,404.6,33042,404.69,403.74,401.81,402.14,403.05,64.33,0.89,405.5,399.4,True,83.9,True,False,False
2025-05-21 15:00:00+05:30,404.6,405.9,404.5,404.9,79515,404.76,403.85,401.91,402.19,403.07,66.38,0.93,405.9,399.45,True,84.16,True,False,False
2025-05-21 15:05:00+05:30,404.9,405.2,404.5,405.1,84738,404.87,403.97,402.01,402.23,403.09,67.71,0.91,405.9,399.45,True,84.16,True,False,False
2025-05-21 15:10:00+05:30,405.1,405.1,404.8,404.95,51385,404.9,404.06,402.1,402.28,403.1,65.61,0.87,405.9,399.45,True,84.16,True,False,False
2025-05-21 15:15:00+05:30,404.95,405.25,404.65,404.95,74619,404.92,404.15,402.19,402.32,403.12,65.61,0.85,405.9,400.2,True,84.16,True,False,False
2025-05-21 15:20:00+05:30,404.95,405.0,404.6,404.9,86231,404.91,404.22,402.28,402.37,403.13,64.83,0.82,405.9,400.25,True,84.16,True,False,False
2025-05-21 15:25:00+05:30,404.85,404.95,404.4,404.75,76516,404.86,404.27,402.35,402.41,403.15,62.44,0.8,405.9,400.65,True,84.16,True,False,False
2025-05-22 09:15:00+05:30,405.0,406.95,403.25,404.45,140770,404.72,404.29,402.42,402.44,403.16,57.85,1.0,406.95,401.25,True,84.16,True,False,False
2025-05-22 09:20:00+05:30,404.45,405.75,402.6,403.0,55038,404.15,404.16,402.44,402.45,403.16,41.83,1.16,406.95,401.65,True,84.16,True,False,False
2025-05-22 09:25:00+05:30,403.0,404.9,402.85,403.85,43915,404.05,404.13,402.48,402.47,403.16,50.49,1.22,406.95,402.3,True,84.16,True,False,False
2025-05-22 09:30:00+05:30,403.7,403.85,402.7,403.0,23422,403.7,404.03,402.5,402.48,403.16,43.51,1.22,406.95,402.5,True,88.81,True,False,False
2025-05-22 09:35:00+05:30,403.0,405.1,403.0,404.45,35692,403.95,404.07,402.56,402.51,403.17,54.94,1.28,406.95,402.5,True,88.81,True,False,False
2025-05-22 09:40:00+05:30,404.4,406.2,404.2,404.9,20218,404.27,404.15,402.63,402.55,403.19,57.8,1.33,406.95,402.5,True,88.81,True,False,False
2025-05-22 09:45:00+05:30,404.95,405.45,404.55,404.9,16922,404.48,404.22,402.7,402.59,403.2,57.8,1.3,406.95,402.5,True,88.81,True,False,False
2025-05-22 09:50:00+05:30,404.9,404.9,403.7,404.2,20992,404.38,404.22,402.75,402.62,403.21,51.87,1.29,406.95,402.5,True,88.81,True,False,False
2025-05-22 09:55:00+05:30,404.1,404.4,403.55,404.1,18088,404.29,404.2,402.79,402.64,403.22,51.06,1.26,406.95,402.6,True,88.81,True,False,False
2025-05-22 10:00:00+05:30,404.0,404.0,402.6,402.85,30897,403.81,404.08,402.79,402.65,403.22,42.23,1.28,406.95,402.6,True,41.53,False,True,False
2025-05-22 10:05:00+05:30,402.85,403.5,402.35,403.3,19052,403.64,404.0,402.81,402.66,403.22,45.86,1.27,406.95,402.35,True,41.53,False,True,False
2025-05-22 10:10:00+05:30,403.25,403.55,402.9,403.35,10654,403.54,403.94,402.83,402.67,403.22,46.27,1.22,406.95,402.35,True,41.53,False,True,False
2025-05-22 10:15:00+05:30,403.3,403.95,403.2,403.45,10169,403.51,403.89,402.85,402.68,403.22,47.12,1.19,406.95,402.35,True,41.53,False,True,False
2025-05-22 10:20:00+05:30,403.45,403.5,402.95,403.1,15595,403.37,403.82,402.85,402.69,403.22,44.47,1.15,406.95,402.35,True,41.53,False,True,False
2025-05-22 10:25:00+05:30,403.1,403.35,402.8,403.2,16138,403.32,403.76,402.86,402.7,403.22,45.41,1.1,406.95,402.35,True,41.53,False,True,False
2025-05-22 10:30:00+05:30,403.2,404.0,402.8,403.35,17789,403.33,403.72,402.88,402.71,403.22,46.87,1.11,406.95,402.35,True,66.25,True,False,False
2025-05-22 10:35:00+05:30,403.3,404.05,403.25,403.3,6818,403.32,403.68,402.89,402.72,403.22,46.43,1.09,406.95,402.35,True,66.25,True,False,False
2025-05-22 10:40:00+05:30,403.25,403.75,402.65,402.65,13300,403.1,403.58,402.89,402.72,403.22,40.97,1.09,406.95,402.35,True,66.25,True,False,False
2025-05-22 10:45:00+05:30,402.7,403.35,402.45,403.1,13389,403.1,403.54,402.89,402.72,403.21,45.72,1.07,406.95,402.35,True,66.25,True,False,False
2025-05-22 10:50:00+05:30,403.1,404.05,403.1,403.9,17889,403.36,403.57,402.92,402.74,403.22,52.98,1.07,406.95,402.35,True,66.25,True,False,False
2025-05-22 10:55:00+05:30,403.9,404.55,403.8,404.35,14272,403.69,403.64,402.97,402.77,403.23,56.5,1.04,406.95,402.35,True,66.25,True,False,False
2025-05-22 11:00:00+05:30,404.35,404.5,404.0,404.2,9144,403.86,403.7,403.01,402.79,403.24,55.02,1.0,406.95,402.35,True,41.57,False,True,False
2025-05-22 11:05:00+05:30,404.2,404.3,403.95,403.95,5078,403.89,403.72,403.04,402.81,403.24,52.55,0.96,406.95,402.35,True,41.57,False,True,False
2025-05-22 11:10:00+05:30,403.85,403.95,402.4,402.6,24274,403.46,403.61,403.02,402.81,403.24,41.67,1.0,406.95,402.35,True,41.57,False,True,False
2025-05-22 11:15:00+05:30,402.55,403.2,402.55,402.95,16970,403.29,403.55,403.02,402.81,403.24,44.86,0.98,406.95,402.35,True,41.57,False,True,False
2025-05-22 11:20:00+05:30,402.95,402.95,402.1,402.2,11557,402.93,403.42,402.99,402.8,403.23,39.84,0.97,406.95,402.1,True,41.57,False,True,False
2025-05-22 11:25:00+05:30,402.2,402.85,402.1,402.85,7659,402.9,403.37,402.99,402.8,403.22,45.53,0.95,406.95,402.1,True,41.57,False,True,False
2025-05-22 11:30:00+05:30,402.85,402.85,402.15,402.15,9123,402.65,403.25,402.96,402.79,403.21,41.03,0.93,406.95,402.1,True,38.48,False,True,False
2025-05-22 11:35:00+05:30,402.15,402.45,401.75,402.35,21417,402.55,403.17,402.94,402.78,403.21,42.77,0.92,406.95,401.75,True,38.48,False,True,False
2025-05-22 11:40:00+05:30,402.35,402.65,401.8,402.65,7693,402.58,403.12,402.94,402.78,403.2,45.37,0.91,406.95,401.75,True,38.48,False,True,False
2025-05-22 11:45:00+05:30,402.55,402.8,402.05,402.6,7076,402.59,403.07,402.92,402.78,403.2,45.01,0.9,406.2,401.75,True,38.48,False,True,False
2025-05-22 11:50:00+05:30,402.65,403.2,402.65,403.1,7633,402.76,403.07,402.93,402.78,403.2,49.42,0.88,406.2,401.75,True,38.48,False,True,False
2025-05-22 11:55:00+05:30,403.1,403.1,402.2,402.55,11127,402.69,403.02,402.92,402.78,403.19,45.13,0.88,406.2,401.75,True,38.48,False,True,False
2025-05-22 12:00:00+05:30,402.65,402.75,402.1,402.3,11226,402.56,402.95,402.9,402.77,403.18,43.29,0.86,406.2,401.75,True,64.78,True,False,False
2025-05-22 12:05:00+05:30,402.3,402.3,401.05,401.1,53482,402.07,402.78,402.84,402.74,403.17,35.75,0.89,406.2,401.05,True,64.78,True,False,False
2025-05-22 12:10:00+05:30,401.1,401.55,401.05,401.55,6767,401.9,402.66,402.8,402.72,403.15,39.97,0.86,405.45,401.05,True,64.78,True,False,False
2025-05-22 12:15:00+05:30,401.55,402.85,401.4,402.2,13992,402.0,402.62,402.78,402.72,403.14,45.54,0.91,404.9,401.05,True,64.78,True,False,False
2025-05-22 12:20:00+05:30,402.2,403.0,402.2,402.75,21718,402.25,402.63,402.78,402.72,403.14,49.78,0.9,404.55,401.05,True,64.78,True,False,False
2025-05-22 12:25:00+05:30,402.75,405.6,402.75,405.35,119571,403.28,402.89,402.86,402.76,403.16,64.04,1.04,405.6,401.05,True,64.78,True,False,False
2025-05-22 12:30:00+05:30,405.15,405.9,404.75,405.8,48291,404.12,403.17,402.95,402.81,403.18,65.85,1.05,405.9,401.05,True,55.63,True,False,False
2025-05-22 12:35:00+05:30,405.8,405.9,404.1,404.75,31219,404.33,403.32,403.01,402.84,403.2,58.46,1.1,405.9,401.05,True,55.63,True,False,False
2025-05-22 12:40:00+05:30,404.8,405.35,404.5,404.55,15078,404.4,403.43,403.06,402.87,403.21,57.15,1.08,405.9,401.05,True,55.63,True,False,False
2025-05-22 12:45:00+05:30,404.55,404.75,404.1,404.3,18701,404.37,403.52,403.1,402.89,403.22,55.47,1.05,405.9,401.05,True,55.63,True,False,False
2025-05-22 12:50:00+05:30,404.35,405.0,404.1,404.1,19429,404.28,403.57,403.13,402.91,403.22,54.1,1.04,405.9,401.05,True,55.63,True,False,False
2025-05-22 12:55:00+05:30,404.15,404.35,403.8,404.35,11717,404.3,403.65,403.17,402.94,403.23,55.58,1.0,405.9,401.05,True,55.63,True,False,False
2025-05-22 13:00:00+05:30,404.35,404.45,403.3,403.4,22125,404.0,403.62,403.17,402.94,403.23,49.11,1.02,405.9,401.05,True,42.66,False,True,False
2025-05-22 13:05:00+05:30,403.4,403.6,402.25,402.4,34961,403.47,403.51,403.15,402.94,403.23,43.39,1.04,405.9,401.05,True,42.66,False,True,False
2025-05-22 13:10:00+05:30,402.4,402.4,401.55,401.95,26365,402.96,403.36,403.11,402.92,403.22,41.07,1.03,405.9,401.05,True,42.66,False,True,False
2025-05-22 13:15:00+05:30,401.95,402.45,401.8,402.15,15604,402.69,403.24,403.08,402.91,403.21,42.54,1.0,405.9,401.05,True,42.66,False,True,False
2025-05-22 13:20:00+05:30,402.15,402.8,402.05,402.3,4968,402.56,403.15,403.06,402.9,403.2,43.68,0.98,405.9,401.05,True,42.66,False,True,False
2025-05-22 13:25:00+05:30,402.4,402.5,402.3,402.35,4709,402.49,403.08,403.04,402.89,403.19,44.07,0.93,405.9,401.05,True,42.66,False,True,False
2025-05-22 13:30:00+05:30,402.4,402.5,401.6,401.8,12758,402.26,402.95,403.0,402.87,403.18,40.68,0.92,405.9,401.05,True,31.41,False,True,False
2025-05-22 13:35:00+05:30,401.8,401.8,400.6,400.6,17219,401.71,402.73,402.92,402.83,403.16,34.45,0.94,405.9,400.6,True,31.41,False,True,False
2025-05-22 13:40:00+05:30,400.6,400.7,399.2,399.4,43471,400.94,402.41,402.81,402.78,403.13,29.57,0.98,405.9,399.2,True,31.41,False,True,False
2025-05-22 13:45:00+05:30,399.5,399.9,399.25,399.5,7093,400.46,402.14,402.71,402.72,403.1,30.46,0.96,405.9,399.2,True,31.41,False,True,False
2025-05-22 13:50:00+05:30,399.35,399.7,399.35,399.4,7360,400.11,401.88,402.61,402.67,403.06,30.05,0.92,405.9,399.2,True,31.41,False,True,False
2025-05-22 13:55:00+05:30,399.4,399.75,399.3,399.5,11908,399.9,401.65,402.51,402.61,403.03,31.04,0.88,405.9,399.2,True,31.41,False,True,False
2025-05-22 14:00:00+05:30,399.5,399.9,399.35,399.85,14828,399.89,401.48,402.43,402.57,403.01,34.53,0.86,405.9,399.2,True,28.06,False,True,False
2025-05-22 14:05:00+05:30,399.9,399.9,398.7,398.9,15500,399.56,401.23,402.32,402.51,402.97,30.08,0.88,405.9,398.7,True,28.06,False,True,False
2025-05-22 14:10:00+05:30,398.9,399.35,398.85,399.1,11211,399.4,401.03,402.21,402.45,402.94,32.07,0.86,405.9,398.7,True,28.06,False,True,False
2025-05-22 14:15:00+05:30,399.1,399.2,397.8,398.2,27913,399.0,400.76,402.09,402.38,402.9,28.19,0.89,405.9,397.8,True,28.06,False,True,False
2025-05-22 14:20:00+05:30,398.25,399.0,398.0,398.05,20364,398.69,400.5,401.96,402.31,402.86,27.59,0.9,405.9,397.8,True,28.06,False,True,False
2025-05-22 14:25:00+05:30,398.05,398.6,398.0,398.3,26801,398.56,400.29,401.85,402.24,402.82,30.25,0.88,405.9,397.8,True,28.06,False,True,False
2025-05-22 14:30:00+05:30,398.3,399.55,398.15,399.4,45567,398.84,400.21,401.77,402.2,402.79,40.59,0.92,405.9,397.8,True,44.74,False,True,False
2025-05-22 14:35:00+05:30,399.4,400.55,399.15,400.55,32113,399.41,400.24,401.73,402.17,402.77,49.09,0.95,405.9,397.8,True,44.74,False,True,False
2025-05-22 14:40:00+05:30,400.5,400.9,399.6,400.75,37999,399.86,400.29,401.7,402.15,402.75,50.42,0.98,405.9,397.8,True,44.74,False,True,False
2025-05-22 14:45:00+05:30,400.75,401.05,400.05,401.05,28875,400.25,400.36,401.68,402.13,402.74,52.43,0.98,405.9,397.8,True,44.74,False,True,False
2025-05-22 14:50:00+05:30,401.0,401.3,400.75,401.2,33015,400.57,400.44,401.67,402.11,402.72,53.44,0.95,405.9,397.8,True,44.74,False,True,False
2025-05-22 14:55:00+05:30,401.15,401.8,400.7,401.45,39246,400.86,400.54,401.66,402.1,402.71,55.16,0.96,405.9,397.8,True,44.74,False,True,False
2025-05-22 15:00:00+05:30,401.45,401.45,400.4,400.55,47932,400.76,400.54,401.63,402.08,402.69,48.26,0.97,405.9,397.8,True,48.23,False,True,False
2025-05-22 15:05:00+05:30,400.55,401.75,400.55,401.65,49999,401.06,400.64,401.63,402.07,402.69,55.57,0.98,405.35,397.8,True,48.23,False,True,False
2025-05-22 15:10:00+05:30,401.55,401.65,401.2,401.5,50030,401.2,400.73,401.62,402.06,402.68,54.44,0.94,405.0,397.8,True,48.23,False,True,False
2025-05-22 15:15:00+05:30,401.5,401.5,401.05,401.45,68059,401.29,400.79,401.62,402.05,402.67,54.05,0.91,405.0,397.8,True,48.23,False,True,False
2025-05-22 15:20:00+05:30,401.4,401.45,401.0,401.1,62654,401.22,400.82,401.6,402.03,402.65,51.25,0.88,404.45,397.8,True,48.23,False,True,False
2025-05-22 15:25:00+05:30,401.05,402.95,401.0,402.3,59871,401.58,400.96,401.62,402.04,402.65,59.08,0.95,404.45,397.8,True,48.23,False,True,False
2025-05-23 09:15:00+05:30,404.3,409.05,404.05,407.0,190892,403.39,401.54,401.79,402.12,,75.6,1.37,409.05,397.8,True,48.23,False,True,
2025-05-23 09:20:00+05:30,407.0,411.0,406.9,410.9,266894,405.89,402.43,402.08,402.27,,82.07,1.56,411.0,397.8,True,48.23,False,True,
2025-05-23 09:25:00+05:30,411.0,411.75,410.7,410.8,336460,407.53,403.23,402.35,402.41,,81.47,1.53,411.75,397.8,True,48.23,False,True,
2025-05-23 09:30:00+05:30,411.0,411.3,408.65,409.85,225901,408.3,403.86,402.58,402.53,,75.83,1.61,411.75,397.8,True,23.02,False,True,
2025-05-23 09:35:00+05:30,409.7,410.0,409.05,409.4,88367,408.67,404.39,402.8,402.64,,73.25,1.56,411.75,397.8,True,18.46,False,True,
2025-05-23 09:40:00+05:30,409.15,409.75,408.3,409.55,115351,408.96,404.88,403.01,402.76,,73.57,1.55,411.75,397.8,True,19.76,False,True,
2025-05-23 09:45:00+05:30,409.5,409.9,408.75,408.8,48786,408.91,405.25,403.19,402.86,,69.07,1.52,411.75,397.8,True,14.59,False,True,
2025-05-23 09:50:00+05:30,408.8,410.45,408.7,410.0,144972,409.27,405.7,403.4,402.97,,72.02,1.54,411.75,397.8,True,25.09,False,True,
2025-05-23 09:55:00+05:30,410.0,410.05,407.3,407.85,102929,408.8,405.91,403.54,403.06,,60.83,1.63,411.75,397.8,True,10.96,False,True,
2025-05-23 10:00:00+05:30,407.85,408.0,407.0,407.6,77560,408.4,406.07,403.67,403.13,,59.67,1.58,411.75,397.8,True,10.24,False,True,
2025-05-23 10:05:00+05:30,407.55,407.95,407.0,407.25,40288,408.02,406.18,403.78,403.2,,58.0,1.54,411.75,397.8,True,9.38,False,True,
2025-05-23 10:10:00+05:30,407.45,407.7,405.8,406.4,111599,407.48,406.2,403.86,403.25,,54.05,1.56,411.75,397.8,True,7.78,False,True,
2025-05-23 10:15:00+05:30,406.3,407.85,405.3,405.4,195064,406.78,406.13,403.91,403.29,,49.76,1.63,411.75,397.8,True,6.48,False,True,
2025-05-23 10:20:00+05:30,405.3,405.75,404.5,404.55,81845,406.04,405.98,403.93,403.31,,46.38,1.6,411.75,397.8,True,5.68,False,True,
2025-05-23 10:25:00+05:30,404.7,405.3,404.1,404.35,43459,405.48,405.82,403.94,403.33,,45.6,1.58,411.75,397.8,True,5.52,False,True,
2025-05-23 10:30:00+05:30,404.2,405.3,404.0,405.15,45818,405.37,405.76,403.98,403.36,,49.29,1.56,411.75,398.0,True,15.81,False,True,
2025-05-23 10:35:00+05:30,405.2,406.55,404.95,406.5,61681,405.75,405.83,404.06,403.41,,54.85,1.56,411.75,398.0,True,28.89,False,True,
2025-05-23 10:40:00+05:30,406.5,406.9,406.25,406.35,31363,405.95,405.88,404.13,403.46,,54.14,1.49,411.75,398.15,True,27.64,False,True,
2025-05-23 10:45:00+05:30,406.45,408.15,406.2,408.15,110675,406.68,406.09,404.26,403.53,,60.72,1.53,411.75,399.15,True,40.23,False,True,
2025-05-23 10:50:00+05:30,408.15,408.3,407.9,408.1,94570,407.15,406.29,404.38,403.61,,60.46,1.45,411.75,399.6,True,39.94,False,True,
2025-05-23 10:55:00+05:30,408.05,408.2,407.9,408.2,100601,407.5,406.47,404.5,403.68,,60.82,1.36,411.75,400.05,True,40.52,False,True,
2025-05-23 11:00:00+05:30,408.2,408.5,408.05,408.05,31366,407.69,406.62,404.61,403.76,,59.94,1.3,411.75,400.4,True,39.9,False,True,
2025-05-23 11:05:00+05:30,408.05,408.5,408.0,408.4,28043,407.92,406.79,404.73,403.83,,61.35,1.24,411.75,400.4,True,41.73,False,True,
2025-05-23 11:10:00+05:30,408.4,408.7,408.15,408.65,24912,408.17,406.97,404.85,403.91,,62.37,1.19,411.75,400.4,True,43.17,False,True,
2025-05-23 11:15:00+05:30,408.7,408.85,408.45,408.65,46605,408.33,407.13,404.97,403.99,,62.37,1.14,411.75,400.55,True,43.17,False,True,
2025-05-23 11:20:00+05:30,408.5,408.65,407.45,407.8,97431,408.15,407.19,405.06,404.05,,56.5,1.14,411.75,401.0,True,38.91,False,True,
2025-05-23 11:25:00+05:30,407.65,408.8,407.35,408.75,95676,408.35,407.34,405.17,404.13,,60.93,1.16,411.75,401.0,True,43.73,False,True,
2025-05-23 11:30:00+05:30,408.8,409.6,408.6,408.65,176401,408.45,407.46,405.28,404.21,,60.23,1.15,411.75,401.0,True,43.27,False,True,
2025-05-23 11:35:00+05:30,408.7,408.8,407.5,408.2,31266,408.37,407.53,405.37,404.27,,57.07,1.16,411.75,401.0,True,41.33,False,True,
2025-05-23 11:40:00+05:30,408.0,408.0,407.5,407.75,12802,408.16,407.55,405.44,404.33,,54.03,1.13,411.75,404.0,True,39.55,False,True,
2025-05-23 11:45:00+05:30,407.7,408.0,407.45,407.7,34134,408.01,407.57,405.52,404.39,,53.68,1.09,411.75,404.0,True,39.36,False,True,
2025-05-23 11:50:00+05:30,407.7,408.4,407.5,408.3,18206,408.11,407.64,405.6,404.45,,57.2,1.07,411.75,404.0,True,41.74,False,True,
2025-05-23 11:55:00+05:30,408.15,408.2,407.55,407.7,33543,407.97,407.64,405.67,404.5,,52.88,1.05,411.3,404.0,True,39.36,False,True,
2025-05-23 12:00:00+05:30,407.7,408.45,407.55,408.15,24876,408.03,407.69,405.75,404.56,,55.59,1.04,410.45,404.0,True,42.03,False,True,
2025-05-23 12:05:00+05:30,408.05,408.9,407.5,407.6,54861,407.89,407.68,405.8,404.61,,51.68,1.07,410.45,404.0,True,38.97,False,True,
2025-05-23 12:10:00+05:30,407.5,407.75,406.7,406.8,79331,407.52,407.6,405.83,404.65,,46.55,1.06,410.45,404.0,True,36.04,False,True,
2025-05-23 12:15:00+05:30,406.8,407.25,405.75,405.8,48063,406.95,407.43,405.83,404.67,,41.06,1.1,410.45,404.0,True,32.95,False,True,
2025-05-23 12:20:00+05:30,405.8,406.0,405.5,405.55,47622,406.48,407.25,405.82,404.68,,39.8,1.05,410.05,404.0,True,32.26,False,True,
2025-05-23 12:25:00+05:30,405.5,405.55,405.1,405.2,21609,406.06,407.05,405.81,404.69,,38.03,1.01,409.6,404.0,True,31.34,False,True,
2025-05-23 12:30:00+05:30,405.25,406.45,405.25,405.75,21198,405.95,406.93,405.8,404.71,,42.36,1.03,409.6,404.0,True,34.51,False,True,
2025-05-23 12:35:00+05:30,405.75,406.15,405.75,405.75,12338,405.89,406.82,405.8,404.73,,42.36,0.98,409.6,404.0,True,34.51,False,True,
2025-05-23 12:40:00+05:30,405.75,406.05,405.4,405.4,12477,405.72,406.68,405.79,404.74,,40.28,0.96,409.6,404.0,True,32.53,False,True,
2025-05-23 12:45:00+05:30,405.4,405.8,405.2,405.5,221870,405.65,406.57,405.78,404.75,,41.17,0.93,409.6,404.0,True,33.1,False,True,
2025-05-23 12:50:00+05:30,405.6,405.85,405.5,405.55,12837,405.62,406.47,405.77,404.76,,41.64,0.89,409.6,404.0,True,33.39,False,True,
2025-05-23 12:55:00+05:30,405.6,405.75,405.4,405.45,12521,405.56,406.38,405.76,404.78,,40.94,0.85,409.6,404.0,True,32.82,False,True,
2025-05-23 13:00:00+05:30,405.45,406.5,405.45,406.05,22221,405.72,406.34,405.77,404.8,,46.72,0.87,409.6,404.95,True,36.35,False,True,
2025-05-23 13:05:00+05:30,406.2,407.6,406.05,407.3,30430,406.25,406.44,405.82,404.84,,56.31,0.92,409.6,405.1,True,42.63,False,True,
2025-05-23 13:10:00+05:30,407.2,408.3,407.05,408.0,90756,406.83,406.58,405.89,404.89,,60.59,0.94,409.6,405.1,True,45.64,False,True,
2025-05-23 13:15:00+05:30,408.0,408.55,407.9,408.55,95265,407.41,406.77,405.97,404.95,,63.61,0.92,409.6,405.1,True,47.79,False,True,
2025-05-23 13:20:00+05:30,408.5,409.6,408.5,409.25,69522,408.02,407.01,406.07,405.02,,67.06,0.93,409.6,405.1,True,50.29,True,False,
2025-05-23 13:25:00+05:30,409.25,409.6,408.75,408.9,25862,408.31,407.19,406.16,405.09,,63.8,0.93,409.6,405.1,True,49.07,False,True,
2025-05-23 13:30:00+05:30,408.9,409.5,408.2,408.45,46380,408.36,407.31,406.23,405.14,,59.78,0.95,409.6,405.1,True,47.46,False,True,
2025-05-23 13:35:00+05:30,408.4,408.6,408.15,408.4,222439,408.37,407.41,406.3,405.2,,59.33,0.92,409.6,405.1,True,47.28,False,True,
2025-05-23 13:40:00+05:30,408.35,408.55,407.4,407.6,19684,408.12,407.43,406.34,405.24,,52.54,0.93,409.6,405.1,True,44.68,False,True,
2025-05-23 13:45:00+05:30,407.6,408.4,407.5,408.25,13955,408.16,407.51,406.4,405.29,,56.86,0.93,409.6,405.1,True,46.77,False,True,
2025-05-23 13:50:00+05:30,408.25,408.75,408.2,408.4,9237,408.24,407.59,406.46,405.34,,57.81,0.9,409.6,405.1,True,47.28,False,True,
2025-05-23 13:55:00+05:30,408.25,408.5,408.25,408.5,8199,408.33,407.68,406.53,405.39,,58.47,0.86,409.6,405.1,True,47.63,False,True,
2025-05-23 14:00:00+05:30,408.5,409.45,408.25,409.2,30313,408.62,407.82,406.61,405.45,,62.85,0.88,409.6,405.1,True,50.37,True,False,
2025-05-23 14:05:00+05:30,409.2,409.2,408.7,408.95,6839,408.73,407.93,406.68,405.51,,60.4,0.85,409.6,405.1,True,49.43,False,True,
2025-05-23 14:10:00+05:30,408.9,409.2,408.5,408.95,11047,408.8,408.03,406.75,405.57,,60.4,0.84,409.6,405.1,True,49.43,False,True,
2025-05-23 14:15:00+05:30,408.9,409.15,408.7,409.0,19594,408.87,408.12,406.82,405.62,,60.75,0.82,409.6,405.1,True,49.62,False,True,
2025-05-23 14:20:00+05:30,408.9,409.1,408.25,408.45,28831,408.73,408.15,406.88,405.67,,54.93,0.82,409.6,405.1,True,47.44,False,True,
2025-05-23 14:25:00+05:30,408.45,408.8,407.8,407.9,246667,408.45,408.13,406.91,405.71,,49.79,0.83,409.6,405.1,True,45.48,False,True,
2025-05-23 14:30:00+05:30,407.8,408.8,407.8,408.5,53496,408.47,408.16,406.96,405.75,,54.76,0.84,409.6,405.1,True,48.01,False,True,
2025-05-23 14:35:00+05:30,408.5,408.5,408.0,408.35,19101,408.43,408.18,407.0,405.8,,53.34,0.82,409.6,405.1,True,47.4,False,True,
2025-05-23 14:40:00+05:30,408.35,408.5,407.5,407.9,32781,408.25,408.15,407.03,405.83,,49.21,0.83,409.6,405.1,True,45.48,False,True,
2025-05-23 14:45:00+05:30,407.85,408.6,407.75,408.35,88103,408.29,408.17,407.07,405.87,,53.12,0.83,409.6,405.1,True,47.4,False,True,
2025-05-23 14:50:00+05:30,408.35,408.35,407.35,407.8,47248,408.12,408.14,407.09,405.9,,48.23,0.84,409.6,405.1,True,45.11,False,True,
2025-05-23 14:55:00+05:30,407.7,408.0,407.2,407.85,27444,408.03,408.11,407.12,405.94,,48.69,0.84,409.6,405.2,True,45.29,False,True,
2025-05-23 15:00:00+05:30,407.7,408.0,407.65,407.95,52942,408.0,408.1,407.14,405.97,,49.66,0.81,409.6,405.2,True,45.77,False,True,
2025-05-23 15:05:00+05:30,407.95,408.0,407.65,407.9,62972,407.97,408.08,407.17,406.0,,49.16,0.77,409.6,405.2,True,45.53,False,True,
2025-05-23 15:10:00+05:30,407.95,408.0,407.75,407.95,87840,407.96,408.06,407.19,406.03,,49.71,0.74,409.6,405.2,True,45.77,False,True,
2025-05-23 15:15:00+05:30,407.9,408.4,407.65,408.15,121917,408.03,408.07,407.22,406.07,,51.93,0.74,409.6,405.4,True,46.69,False,True,
2025-05-23 15:20:00+05:30,408.15,408.5,408.05,408.45,77249,408.17,408.11,407.26,406.11,,55.12,0.72,409.6,405.4,True,48.01,False,True,
2025-05-23 15:25:00+05:30,408.45,408.95,407.75,408.05,138229,408.13,408.1,407.28,406.14,,50.32,0.75,409.6,405.45,True,46.23,False,True,
