timestamp,open,high,low,close,volume,short,middle,long,buy,sell,buy_exit,sell_exit
2025-04-22 09:15:00+05:30,821.1,821.1,817.0,818.8,201959,818.8,818.8,818.8,,,,
2025-04-22 09:16:00+05:30,818.75,818.75,814.6,814.6,144512,817.4,818.4181818181817,818.6687499999999,,,,
2025-04-22 09:17:00+05:30,814.6,816.0,814.0,815.35,75172,816.7166666666667,818.139256198347,818.5650390624999,,,,
2025-04-22 09:18:00+05:30,815.3,816.0,814.75,815.5,53821,816.3111111111111,817.899323816679,818.4692565917967,,,,
2025-04-22 09:19:00+05:30,815.55,815.75,814.5,814.6,48479,815.7407407407408,817.5993852878901,818.348342323303,,,,
2025-04-22 09:20:00+05:30,814.65,815.45,814.5,815.45,70047,815.6438271604939,817.4039866253546,818.2577691256997,,,,
2025-04-22 09:21:00+05:30,815.45,817.0,815.1,815.8,49854,815.6958847736626,817.2581696594132,818.1809638405216,,,,
2025-04-22 09:22:00+05:30,816.05,816.8,815.5,815.8,55311,815.7305898491084,817.1256087812847,818.1065587205053,,,,
2025-04-22 09:23:00+05:30,815.9,817.95,815.8,817.05,54611,816.1703932327389,817.1187352557133,818.0735412604895,,,,
2025-04-22 09:24:00+05:30,817.0,817.05,815.8,816.35,41977,816.2302621551594,817.0488502324666,818.0196805960992,,,,
2025-04-22 09:25:00+05:30,816.65,817.7,816.25,817.7,50776,816.7201747701063,817.1080456658788,818.0096905774711,,,,
2025-04-22 09:26:00+05:30,817.6,817.8,816.3,816.3,47435,816.5801165134042,817.0345869689808,817.9562627469252,,,,
2025-04-22 09:27:00+05:30,816.35,816.95,815.8,816.1,43162,816.4200776756028,816.9496245172553,817.8982545360838,,,,
2025-04-22 09:28:00+05:30,816.25,816.65,815.8,816.5,41732,816.4467184504019,816.9087495611412,817.8545590818311,,,,
2025-04-22 09:29:00+05:30,816.25,816.65,815.85,816.0,30593,816.297812300268,816.8261359646738,817.7966041105238,,,,
2025-04-22 09:30:00+05:30,816.35,817.0,816.0,816.95,27890,816.5152082001787,816.8373963315215,817.77014773207,,,,
2025-04-22 09:31:00+05:30,816.95,817.95,816.75,817.55,38549,816.8601388001192,816.9021784832014,817.7632681154428,,,,
2025-04-22 09:32:00+05:30,817.6,818.5,817.5,818.35,47141,817.3567592000795,817.0337986210922,817.7816034868351,,,,
2025-04-22 09:33:00+05:30,818.35,818.4,817.3,817.5,27780,817.4045061333865,817.0761805646292,817.7728033778716,,,,
2025-04-22 09:34:00+05:30,817.3,817.9,817.2,817.5,16007,817.4363374222577,817.1147096042084,817.764278272313,,,,
2025-04-22 09:35:00+05:30,817.8,817.8,816.9,817.5,40499,817.4575582815052,817.1497360038259,817.7560195763033,,,,
2025-04-22 09:36:00+05:30,817.35,818.0,817.3,817.55,17597,817.4883721876702,817.1861236398418,817.7495814645438,,,,
2025-04-22 09:37:00+05:30,817.85,818.0,816.9,817.05,23841,817.3422481251134,817.1737487634924,817.7277195437767,,,,
2025-04-22 09:38:00+05:30,816.9,817.1,816.2,816.35,37655,817.0114987500757,817.0988625122659,817.6846658080336,,,,
2025-04-22 09:39:00+05:30,816.35,817.85,816.05,816.85,153273,816.9576658333839,817.0762386475144,817.6585825015326,,,,
2025-04-22 09:40:00+05:30,816.85,817.15,816.1,816.3,28628,816.7384438889226,817.0056714977404,817.6161267983597,,,,
2025-04-22 09:41:00+05:30,816.35,816.65,815.6,816.0,63374,816.4922959259485,816.9142468161276,817.565622835911,,,,
2025-04-22 09:42:00+05:30,816.0,816.25,815.65,816.2,18373,816.3948639506325,816.8493152873888,817.5229471222888,,,,
2025-04-22 09:43:00+05:30,816.2,817.0,816.15,816.95,18126,816.5799093004218,816.8584684430807,817.5050425247173,,,,
2025-04-22 09:44:00+05:30,816.9,818.0,816.8,817.9,34986,817.0199395336147,816.9531531300734,817.5173849458199,,,,
2025-04-22 09:45:00+05:30,817.85,818.0,817.0,817.05,27111,817.0299596890766,816.9619573909757,817.502779166263,,,,
2025-04-22 09:46:00+05:30,817.1,817.75,817.05,817.75,15544,817.2699731260511,817.0335976281598,817.5105048173174,,,,
2025-04-22 09:47:00+05:30,817.5,817.75,817.0,817.15,10701,817.2299820840342,817.0441796619634,817.4992390417763,,,,
2025-04-22 09:48:00+05:30,817.2,817.4,816.5,816.7,47549,817.0533213893563,817.0128906017849,817.4742628217208,,,,
2025-04-22 09:49:00+05:30,816.7,816.85,816.45,816.7,18234,816.9355475929043,816.9844460016226,817.450067108542,,,,
2025-04-22 09:50:00+05:30,816.7,817.0,816.45,816.8,17313,816.8903650619362,816.9676781832933,817.4297525114001,,,,
2025-04-22 09:51:00+05:30,816.95,817.0,816.2,816.25,26751,816.676910041291,816.9024347120849,817.3928852454188,,,,
2025-04-22 09:52:00+05:30,816.25,816.55,815.5,815.7,70023,816.3512733608607,816.7931224655316,817.3399825814995,,,,
2025-04-22 09:53:00+05:30,815.7,816.35,815.7,816.15,40101,816.2841822405738,816.7346567868469,817.3027956258277,,,,
2025-04-22 09:54:00+05:30,816.1,816.65,815.65,816.55,69433,816.3727881603826,816.7178698062245,817.2792707625206,,,,
2025-04-22 09:55:00+05:30,816.45,816.65,816.0,816.2,17726,816.3151921069218,816.6707907329313,817.2455435511919,,,,
2025-04-22 09:56:00+05:30,816.1,817.4,816.1,816.8,41761,816.4767947379479,816.6825370299375,817.2316203152171,,,,
2025-04-22 09:57:00+05:30,816.75,817.2,816.25,816.3,41582,816.4178631586319,816.6477609363069,817.2025071803665,,,,
2025-04-22 09:58:00+05:30,816.5,816.75,816.3,816.5,19132,816.4452421057547,816.6343281239153,817.1805538309801,,,,
2025-04-22 09:59:00+05:30,816.6,817.15,816.35,817.1,37141,816.6634947371699,816.6766619308321,817.1780365237619,,,,
2025-04-22 10:00:00+05:30,817.2,818.5,817.0,818.35,68543,817.2256631581133,816.8287835734836,817.2146603823943,,,,
2025-04-22 10:01:00+05:30,818.4,819.75,818.2,819.65,109076,818.0337754387422,817.085257794076,817.2907647454446,,,,
2025-04-22 10:02:00+05:30,819.6,821.0,819.5,820.85,225779,818.9725169591616,817.4275070855236,817.4019908471494,,,,
2025-04-22 10:03:00+05:30,820.8,821.5,820.35,821.1,136632,819.6816779727744,817.7613700777488,817.5175536331759,,,,
2025-04-22 10:04:00+05:30,820.95,822.8,820.05,821.95,195719,820.4377853151831,818.1421546161353,817.6560675821391,,,,
2025-04-22 10:05:00+05:30,822.0,822.6,821.3,821.55,277670,820.8085235434555,818.4519587419411,817.7777529701973,,,,
2025-04-22 10:06:00+05:30,821.85,822.15,821.0,821.5,83076,821.0390156956371,818.7290534017645,817.8940731898787,,,,
2025-04-22 10:07:00+05:30,821.4,821.8,821.0,821.35,33480,821.1426771304248,818.9673212743313,818.0020709026949,,,,
2025-04-22 10:08:00+05:30,821.3,821.8,821.15,821.65,69856,821.3117847536166,819.211201158483,818.1160686869857,,,,
2025-04-22 10:09:00+05:30,821.4,821.65,821.1,821.5,45393,821.3745231690777,819.4192737804392,818.2218165405175,,,,
2025-04-22 10:10:00+05:30,821.45,821.75,821.05,821.45,61670,821.3996821127187,819.6038852549448,818.3226972736263,,,,
2025-04-22 10:11:00+05:30,821.45,821.5,821.2,821.5,22542,821.4331214084791,819.7762593226771,818.4219879838255,,,,
2025-04-22 10:12:00+05:30,821.5,821.85,820.4,820.7,66688,821.1887476056529,819.8602357478883,818.493175859331,,,,
2025-04-22 10:13:00+05:30,820.8,820.95,820.4,820.7,40958,821.025831737102,819.9365779526257,818.562139113727,,,,
2025-04-22 10:14:00+05:30,820.55,821.2,819.7,820.55,129348,820.867221158068,819.9923435932961,818.6242597664229,,,,
2025-04-22 10:15:00+05:30,820.4,821.65,820.25,821.5,58360,821.078147438712,820.1294032666328,818.7141266487222,,,,
2025-04-22 10:16:00+05:30,821.5,821.9,821.35,821.45,56285,821.2020982924748,820.2494575151206,818.7996226909496,,,,
2025-04-22 10:17:00+05:30,821.35,821.55,821.0,821.25,25394,821.2180655283166,820.3404159228369,818.8761969818574,,,,
2025-04-22 10:18:00+05:30,821.1,824.0,821.0,823.85,172226,822.0953770188778,820.6594690207608,819.0316283261743,,,,
2025-04-22 10:19:00+05:30,824.0,826.5,823.95,825.9,309273,823.3635846792519,821.1358809279643,819.2462649409814,,,,
2025-04-22 10:20:00+05:30,825.8,826.0,825.15,825.3,71831,824.0090564528346,821.5144372072402,819.4354441615757,,,,
2025-04-22 10:21:00+05:30,825.35,826.95,825.15,826.5,151740,824.8393709685564,821.9676701884002,819.6562115315264,,,,
2025-04-22 10:22:00+05:30,826.7,827.9,826.2,827.7,184799,825.7929139790376,822.4887910803639,819.9075799211663,,,,
2025-04-22 10:23:00+05:30,827.7,829.4,827.7,829.3,350948,826.9619426526917,823.1079918912399,820.2010930486298,,,,
2025-04-22 10:24:00+05:30,829.05,830.45,829.0,830.0,400111,827.9746284351279,823.7345380829454,820.5073088908601,,,,
2025-04-22 10:25:00+05:30,830.05,830.45,829.35,829.6,210890,828.516418956752,824.2677618935867,820.7914554880207,,,,
2025-04-22 10:26:00+05:30,829.6,830.25,828.75,828.75,189311,828.5942793045014,824.6752380850788,821.0401600040201,,,,
2025-04-22 10:27:00+05:30,829.0,829.5,827.7,829.3,111505,828.8295195363343,825.0956709864353,821.2982800038944,,,,
2025-04-22 10:28:00+05:30,829.3,829.85,828.15,828.2,102161,828.6196796908896,825.377882714941,821.5139587537727,,,,
2025-04-22 10:29:00+05:30,828.2,829.1,827.8,828.0,124854,828.4131197939265,825.6162570135828,821.7166475427173,,,,
2025-04-22 10:30:00+05:30,828.0,828.15,827.05,827.2,86938,828.0087465292844,825.7602336487116,821.8880023070074,,,,
2025-04-22 10:31:00+05:30,827.2,828.0,827.1,827.75,53878,827.9224976861897,825.9411214988287,822.0711897349133,,,,
2025-04-22 10:32:00+05:30,827.95,829.2,827.7,828.95,99548,828.2649984574598,826.2146559080261,822.2861525556973,,,,
2025-04-22 10:33:00+05:30,828.95,829.45,828.35,828.7,79629,828.40999897164,826.4405962800238,822.4865852883318,,,,
2025-04-22 10:34:00+05:30,828.7,829.35,828.7,829.0,46449,828.6066659810933,826.6732693454761,822.6901294980714,,,,
2025-04-22 10:35:00+05:30,829.0,830.0,828.65,829.75,91132,828.987777320729,826.952972132251,822.9107504512567,,,,
2025-04-22 10:36:00+05:30,829.75,831.0,829.7,830.75,261968,829.5751848804861,827.2981564838645,823.1557269996549,,,,
2025-04-22 10:37:00+05:30,830.85,831.25,829.7,830.0,189631,829.7167899203241,827.5437786216951,823.3696105309157,,,,
2025-04-22 10:38:00+05:30,830.1,830.35,829.35,829.85,144827,829.7611932802162,827.7534351106319,823.5721227018245,,,,
2025-04-22 10:39:00+05:30,829.8,830.4,829.3,829.6,212638,829.7074621868109,827.921304646029,823.7604938673924,,,,
2025-04-22 10:40:00+05:30,829.6,829.75,829.0,829.3,91595,829.571641457874,828.046640587299,823.9336034340363,,,,
2025-04-22 10:41:00+05:30,829.35,829.6,829.2,829.3,52987,829.4810943052494,828.1605823520899,824.1013033267226,,,,
2025-04-22 10:42:00+05:30,829.3,829.9,829.0,829.6,66391,829.520729536833,828.2914385018998,824.2731375977625,,,,
2025-04-22 10:43:00+05:30,829.6,830.2,829.6,830.0,58443,829.6804863578886,828.4467622744544,824.4521020478323,,,,
2025-04-22 10:44:00+05:30,830.0,830.15,829.75,830.1,106634,829.8203242385925,828.5970566131404,824.6285988588376,,,,
2025-04-22 10:45:00+05:30,830.1,830.45,830.0,830.25,42269,829.9635494923951,828.7473241937639,824.8042676444989,,,,
2025-04-22 10:46:00+05:30,830.2,830.4,830.05,830.2,25603,830.0423663282635,828.8793856306945,824.9728842806082,,,,
2025-04-22 10:47:00+05:30,830.2,830.2,829.4,829.95,124618,830.0115775521757,828.9767142097223,825.1284191468393,,,,
2025-04-22 10:48:00+05:30,829.9,830.0,829.4,829.85,136244,829.9577183681172,829.0561038270204,825.2759685485005,,,,
2025-04-22 10:49:00+05:30,829.9,830.0,829.3,829.6,108284,829.8384789120781,829.1055489336549,825.4110945313598,,,,
2025-04-22 10:50:00+05:30,829.6,830.15,829.4,830.0,64137,829.8923192747188,829.186862666959,825.5544978272549,,,,
2025-04-22 10:51:00+05:30,830.1,830.15,829.1,829.5,170584,829.7615461831459,829.2153296972353,825.6777947701531,,,,
2025-04-22 10:52:00+05:30,829.75,830.1,829.5,830.05,40462,829.8576974554306,829.2912088156685,825.8144261835859,,,,
2025-04-22 10:53:00+05:30,830.05,830.05,829.25,829.35,33711,829.6884649702872,829.2965534687895,825.9249128653488,,,,
2025-04-22 10:54:00+05:30,829.35,830.45,828.95,830.3,225094,829.8923099801915,829.3877758807178,826.0616343383066,,,,
2025-04-22 10:55:00+05:30,830.3,830.35,830.0,830.05,56827,829.9448733201277,829.4479780733798,826.1862707652344,,,,
2025-04-22 10:56:00+05:30,830.05,830.4,830.0,830.1,41216,829.9965822134186,829.5072527939816,826.3085748038209,,,,
2025-04-22 10:57:00+05:30,830.15,830.8,830.0,830.5,173813,830.1643881422792,829.5975025399832,826.4395568412015,,,,
2025-04-22 10:58:00+05:30,830.65,831.75,830.45,831.5,85387,830.6095920948528,829.7704568545303,826.597695689914,,,,
2025-04-22 10:59:00+05:30,831.5,831.7,830.6,830.95,68497,830.7230613965686,829.877688049573,826.7337051996042,,,,
2025-04-22 11:00:00+05:30,830.95,832.7,830.3,832.25,189187,831.2320409310457,830.093352772339,826.9060894121166,,,,
2025-04-22 11:01:00+05:30,832.0,833.6,832.0,833.2,136298,831.8880272873639,830.3757752475809,827.1027741179879,,,,
2025-04-22 11:02:00+05:30,833.2,833.9,833.2,833.7,98481,832.492018191576,830.6779774978007,827.3089374268008,,,,
2025-04-22 11:03:00+05:30,833.7,833.75,832.0,832.3,201724,832.4280121277174,830.8254340889097,827.4649081322132,,,,
2025-04-22 11:04:00+05:30,832.05,832.5,831.8,832.3,146903,832.3853414184782,830.9594855353723,827.6160047530815,,,,
2025-04-22 11:05:00+05:30,832.2,832.5,832.0,832.2,37428,832.3235609456522,831.0722595776111,827.7592546045477,,,,
2025-04-22 11:06:00+05:30,832.2,832.4,832.05,832.05,29544,832.2323739637682,831.1611450705556,827.8933403981555,,,,
2025-04-22 11:07:00+05:30,832.1,832.4,831.05,831.2,157215,831.888249309179,831.1646773368687,827.9966735107131,,,,
2025-04-22 11:08:00+05:30,831.2,831.65,830.8,830.9,84543,831.5588328727861,831.1406157607897,828.0874024635034,,,,
2025-04-22 11:09:00+05:30,830.95,831.45,830.05,830.65,93376,831.2558885818574,831.0960143279906,828.1674836365189,,,,
2025-04-22 11:10:00+05:30,830.65,831.05,830.25,830.5,40417,831.0039257212384,831.0418312072642,828.2403747728777,,,,
2025-04-22 11:11:00+05:30,830.5,830.95,830.0,830.4,90604,830.8026171474922,830.9834829156947,828.3078630612252,,,,
2025-04-22 11:12:00+05:30,830.4,831.0,829.65,830.45,244787,830.6850780983282,830.9349844688134,828.374804840562,,,,
2025-04-22 11:13:00+05:30,830.45,830.85,830.1,830.75,19160,830.7067187322189,830.9181676989211,828.4490296892944,,,,
2025-04-22 11:14:00+05:30,830.65,831.55,830.4,831.25,48507,830.887812488146,830.9483342717465,828.536560011504,,,,
2025-04-22 11:15:00+05:30,831.1,831.6,830.55,830.6,60701,830.7918749920974,830.9166675197695,828.6010425111444,,,,
2025-04-22 11:16:00+05:30,830.65,830.95,830.25,830.75,26388,830.7779166613983,830.9015159270631,828.6681974326711,,,,
2025-04-22 11:17:00+05:30,830.65,830.75,829.55,829.85,103471,830.4686111075989,830.8059235700574,828.7051287629001,,,,
2025-04-22 11:18:00+05:30,829.85,831.05,829.8,830.3,209414,830.412407405066,830.759930518234,828.7549684890595,,,,
2025-04-22 11:19:00+05:30,830.3,830.75,830.0,830.75,66431,830.524938270044,830.7590277438491,828.8173132237764,,,,
2025-04-22 11:20:00+05:30,830.5,830.75,830.0,830.3,18401,830.4499588466961,830.7172979489537,828.8636471855334,,,,
2025-04-22 11:21:00+05:30,830.1,830.7,830.0,830.55,22410,830.4833058977974,830.7020890445034,828.9163457109854,,,,
2025-04-22 11:22:00+05:30,830.4,831.0,830.1,830.45,44937,830.4722039318651,830.6791718586394,828.9642724075171,,,,
2025-04-22 11:23:00+05:30,830.4,830.85,830.0,830.5,100547,830.4814692879102,830.662883507854,829.0122638947822,,,,
2025-04-22 11:24:00+05:30,830.5,830.5,830.0,830.15,38915,830.3709795252735,830.6162577344127,829.0478181480703,,,,
2025-04-22 11:25:00+05:30,830.15,830.5,830.0,830.25,203190,830.330653016849,830.5829615767387,829.085386330943,,,,
2025-04-22 11:26:00+05:30,830.25,830.4,829.45,829.6,73073,830.0871020112328,830.4936014333988,829.101468008101,,,,
2025-04-22 11:27:00+05:30,829.6,829.65,828.5,828.9,177519,829.6914013408219,830.3487285758171,829.0951721328479,,,,
2025-04-22 11:28:00+05:30,828.75,829.0,828.0,828.2,56023,829.194267560548,830.1533896143791,829.0671980036964,,,,
2025-04-22 11:29:00+05:30,828.2,828.75,828.05,828.25,72080,828.8795117070322,829.98035419489,829.0416605660809,,,,
2025-04-22 11:30:00+05:30,828.25,828.25,827.05,827.35,114452,828.3696744713549,829.7412310862636,828.9887961733908,,,,
2025-04-22 11:31:00+05:30,827.35,827.8,827.25,827.5,49164,828.0797829809032,829.5374828056941,828.9422712929724,,,,
2025-04-22 11:32:00+05:30,827.55,828.95,827.4,828.65,65206,828.2698553206021,829.4568025506311,828.933137815067,,,,
2025-04-22 11:33:00+05:30,828.65,828.8,828.05,828.1,60899,828.2132368804015,829.33345686421,828.9071022583461,,,,
2025-04-22 11:34:00+05:30,828.05,828.05,827.0,827.1,86681,827.8421579202677,829.1304153311,828.8506303127728,,,,
2025-04-22 11:35:00+05:30,827.05,827.7,826.25,826.5,55123,827.3947719468453,828.8912866646364,828.7771731154986,,,,
2025-04-22 11:36:00+05:30,826.5,827.7,826.3,827.6,46342,827.4631812978969,828.7738969678512,828.7403864556393,,,,
2025-04-22 11:37:00+05:30,827.6,828.6,827.4,828.5,13422,827.8087875319313,828.7489972435011,828.7328743789005,,,,
2025-04-22 11:38:00+05:30,828.5,828.8,828.25,828.6,21450,828.0725250212877,828.7354520395464,828.7287220545599,,,,
2025-04-22 11:39:00+05:30,828.6,828.75,828.15,828.7,16948,828.2816833475252,828.7322291268604,828.7278244903549,,,,
2025-04-22 11:40:00+05:30,828.55,829.0,828.4,828.9,32574,828.4877888983502,828.7474810244186,828.7332049750314,,,,
2025-04-22 11:41:00+05:30,828.95,829.85,828.8,829.75,49222,828.9085259322335,828.8386191131078,828.7649798195616,,,,
2025-04-22 11:42:00+05:30,829.85,830.65,829.55,830.2,91372,829.3390172881558,828.9623810119162,828.8098242002003,,,,
2025-04-22 11:43:00+05:30,830.35,830.5,830.0,830.5,28966,829.7260115254373,829.1021645562874,828.862642193944,,,,
2025-04-22 11:44:00+05:30,830.5,830.5,830.0,830.2,29139,829.884007683625,829.2019677784432,828.9044346253833,,,,
2025-04-22 11:45:00+05:30,830.15,830.45,829.4,829.7,46446,829.8226717890834,829.2472434349484,828.9292960433401,,,,
2025-04-22 11:46:00+05:30,829.7,831.0,829.5,830.8,33893,830.148447859389,829.3884031226803,828.9877555419856,,,,
2025-04-22 11:47:00+05:30,831.0,831.35,830.85,831.1,58388,830.4656319062593,829.5440028388002,829.0537631812986,,,,
2025-04-22 11:48:00+05:30,831.1,832.0,831.1,832.0,81462,830.9770879375062,829.7672753080002,829.145833081883,,,,
2025-04-22 11:49:00+05:30,831.8,832.0,831.55,831.9,43269,831.2847252916708,829.9611593709093,829.2319007980742,,,,
2025-04-22 11:50:00+05:30,831.95,832.95,831.9,832.85,85523,831.8064835277806,830.2237812462812,829.3449663981344,,,,
2025-04-22 11:51:00+05:30,832.75,832.95,831.55,832.2,60881,831.9376556851871,830.4034374966192,829.4341861981927,,,,
2025-04-22 11:52:00+05:30,832.15,832.25,831.55,831.95,29913,831.9417704567916,830.5440340878356,829.5128053794992,,,,
2025-04-22 11:53:00+05:30,831.95,832.1,831.7,831.7,22368,831.8611803045278,830.6491218980324,829.58115521139,,,,
2025-04-22 11:54:00+05:30,831.7,831.95,831.45,831.9,20970,831.8741202030186,830.7628380891204,829.6536191110341,,,,
2025-04-22 11:55:00+05:30,831.85,832.5,831.7,832.35,30193,832.0327468020125,830.9071255355639,829.7378810138142,,,,
2025-04-22 11:56:00+05:30,832.35,832.4,831.9,832.25,33840,832.105164534675,831.0292050323308,829.8163847321325,,,,
2025-04-22 11:57:00+05:30,832.2,833.0,832.15,832.7,34274,832.3034430231169,831.181095483937,829.9064977092534,,,,
2025-04-22 11:58:00+05:30,832.65,833.8,832.6,833.5,96029,832.7022953487447,831.3919049853972,830.0187946558392,,,,
2025-04-22 11:59:00+05:30,833.4,833.5,833.1,833.3,65771,832.9015302324965,831.5653681685429,830.1213323228442,,,,
2025-04-22 12:00:00+05:30,833.3,833.4,832.9,833.15,46126,832.984353488331,831.7094256077663,830.2159781877554,,,,
2025-04-22 12:01:00+05:30,833.15,833.2,832.35,832.95,61931,832.9729023255541,831.8222050979693,830.301416369388,,,,
2025-04-22 12:02:00+05:30,832.85,833.4,832.7,833.4,43468,833.115268217036,831.965640998154,830.3982471078447,,,,
2025-04-22 12:03:00+05:30,833.3,833.8,833.05,833.7,41884,833.3101788113574,832.1233099983217,830.5014268857245,,,,
2025-04-22 12:04:00+05:30,833.7,833.7,833.3,833.45,19557,833.3567858742383,832.2439181802924,830.5935697955457,,,,
2025-04-22 12:05:00+05:30,833.4,833.5,833.15,833.45,47127,833.3878572494923,832.353561982084,830.6828332394349,,,,
2025-04-22 12:06:00+05:30,833.3,833.45,833.0,833.1,36588,833.291904832995,832.4214199837127,830.7583697007025,,,,
2025-04-22 12:07:00+05:30,833.15,833.25,832.6,833.0,47303,833.1946032219967,832.4740181670115,830.8284206475555,,,,
2025-04-22 12:08:00+05:30,833.0,834.3,832.75,834.15,199882,833.5130688146645,832.6263801518287,830.9322200023195,,,,
2025-04-22 12:09:00+05:30,834.15,834.5,833.3,833.5,206506,833.5087125431098,832.705800138026,831.012463127247,,,,
2025-04-22 12:10:00+05:30,833.4,833.85,833.3,833.3,36072,833.4391416954066,832.7598183072963,831.0839486545204,,,,
2025-04-22 12:11:00+05:30,833.3,833.75,832.85,833.35,107000,833.4094277969378,832.8134711884512,831.1547627590667,,,,
2025-04-22 12:12:00+05:30,833.3,833.55,833.0,833.35,44154,833.389618531292,832.8622465349556,831.2233639228458,,,,
2025-04-22 12:13:00+05:30,833.35,833.45,833.0,833.25,40895,833.3430790208614,832.8974968499596,831.2866963002568,,,,
2025-04-22 12:14:00+05:30,833.2,833.5,833.1,833.1,25150,833.2620526805742,832.915906227236,831.3433620408738,,,,
2025-04-22 12:15:00+05:30,833.2,833.45,832.0,832.25,116984,832.9247017870496,832.8553692974872,831.3716944770965,,,,
2025-04-22 12:16:00+05:30,832.15,833.0,832.05,832.35,56362,832.7331345246998,832.8094266340792,831.4022665246872,,,,
2025-04-22 12:17:00+05:30,832.25,833.0,832.15,832.5,42869,832.6554230164667,832.781296940072,831.4365706957907,,,,
2025-04-22 12:18:00+05:30,832.5,832.75,832.2,832.4,60077,832.5702820109777,832.7466335818835,831.4666778615473,,,,
2025-04-22 12:19:00+05:30,832.35,832.7,832.0,832.25,65700,832.4635213406518,832.7014850744396,831.491156678374,,,,
2025-04-22 12:20:00+05:30,832.25,832.8,832.2,832.4,27737,832.4423475604347,832.6740773403995,831.5195580321748,,,,
2025-04-22 12:21:00+05:30,832.35,832.85,831.65,831.75,75172,832.2115650402899,832.5900703094542,831.5267593436694,,,,
2025-04-22 12:22:00+05:30,831.7,832.6,831.6,832.5,81697,832.30771002686,832.5818820995037,831.5571731141797,,,,
2025-04-22 12:23:00+05:30,832.45,833.55,832.45,833.5,49041,832.7051400179068,832.6653473631851,831.6178864543616,,,,
2025-04-22 12:24:00+05:30,833.5,834.2,833.2,834.2,74336,833.2034266786047,832.8048612392593,831.6985775026628,,,,
2025-04-22 12:25:00+05:30,834.1,835.5,834.05,834.75,332552,833.7189511190699,832.9816920356902,831.7939344557046,,,,
2025-04-22 12:26:00+05:30,834.8,834.9,834.0,834.05,70955,833.8293007460467,833.0788109415366,831.8644365039638,,,,
2025-04-22 12:27:00+05:30,834.0,834.3,833.45,833.95,37951,833.8695338306978,833.1580099468515,831.9296103632149,,,,
2025-04-22 12:28:00+05:30,833.9,834.8,833.8,834.7,32934,834.146355887132,833.2981908607741,832.0161850393645,,,,
2025-04-22 12:29:00+05:30,834.7,835.1,834.65,835.1,57703,834.4642372580881,833.4619916916128,832.1125542568843,,,,
2025-04-22 12:30:00+05:30,835.0,835.1,834.3,834.35,71160,834.4261581720589,833.542719719648,832.1824744363566,,,,
2025-04-22 12:31:00+05:30,834.35,834.8,834.0,834.5,54900,834.450772114706,833.62974519968,832.2548971102206,,,,
2025-04-22 12:32:00+05:30,834.5,834.85,833.6,833.7,38334,834.2005147431373,833.636131999709,832.3000565755261,,,,
2025-04-22 12:33:00+05:30,833.7,833.9,833.0,833.0,36150,833.8003431620916,833.5783018179173,832.321929807541,,,,
2025-04-22 12:34:00+05:30,833.05,833.6,833.0,833.25,32928,833.6168954413945,833.5484561981067,832.3509320010553,,,,
2025-04-22 12:35:00+05:30,833.25,833.35,832.6,832.9,71308,833.377930294263,833.4895056346425,832.3680903760223,,,,
2025-04-22 12:36:00+05:30,832.85,833.2,832.2,832.25,175892,833.0019535295087,833.3768233042204,832.3644000517717,,,,
2025-04-22 12:37:00+05:30,832.25,833.2,832.05,832.9,55092,832.9679690196725,833.3334757311094,832.3811375501539,,,,
2025-04-22 12:38:00+05:30,832.7,833.0,831.7,831.75,56765,832.5619793464484,833.1895233919176,832.3614145017116,,,,
2025-04-22 12:39:00+05:30,831.75,832.75,831.75,832.65,29810,832.5913195642989,833.1404758108342,832.3704327985331,,,,
2025-04-22 12:40:00+05:30,832.6,832.75,831.4,831.5,50080,832.2275463761994,832.991341646213,832.343231773579,,,,
2025-04-22 12:41:00+05:30,831.5,831.6,829.65,830.35,176214,831.6016975841329,832.7512196783754,832.2809432806546,,,,
2025-04-22 12:42:00+05:30,830.25,830.5,829.35,830.1,146697,831.1011317227553,832.510199707614,832.2127888031341,,,,
2025-04-22 12:43:00+05:30,830.1,830.9,830.0,830.65,17440,830.950754481837,832.3410906432854,832.1639516530362,,,,
2025-04-22 12:44:00+05:30,830.9,830.95,830.0,830.05,27211,830.6505029878913,832.132809675714,832.0978906638787,,,,
2025-04-22 12:45:00+05:30,830.15,830.95,829.1,829.35,117537,830.2170019919276,831.8798269779218,832.0120190806325,,,,
2025-04-22 12:46:00+05:30,829.35,829.45,828.0,828.2,156195,829.5446679946185,831.545297252656,831.8928934843627,,,,
2025-04-22 12:47:00+05:30,828.15,829.0,827.9,828.9,44466,829.3297786630791,831.3048156842327,831.7993655629764,,,,
2025-04-22 12:48:00+05:30,828.85,830.3,828.8,829.95,47307,829.5365191087194,831.1816506220298,831.7415728891334,,,,
2025-04-22 12:49:00+05:30,829.65,830.65,829.35,830.1,34045,829.7243460724796,831.0833187472998,831.690273736348,,,,
2025-04-22 12:50:00+05:30,830.05,830.75,830.0,830.65,56731,830.0328973816531,831.0439261339089,831.6577651820871,,,,
2025-04-22 12:51:00+05:30,830.5,831.05,829.85,829.9,85003,829.9885982544355,830.9399328490082,831.6028350201469,,,,
2025-04-22 12:52:00+05:30,830.0,830.5,829.4,830.0,69034,829.9923988362904,830.8544844081893,831.5527464257673,,,,
2025-04-22 12:53:00+05:30,829.85,830.5,829.85,830.25,20552,830.0782658908603,830.799531280172,831.512035599962,,,,
2025-04-22 12:54:00+05:30,830.2,830.5,830.15,830.25,17561,830.1355105939069,830.7495738910654,831.4725969874632,,,,
2025-04-22 12:55:00+05:30,830.25,830.75,830.25,830.5,17708,830.2570070626048,830.726885355514,831.442203331605,,,,
2025-04-22 12:56:00+05:30,830.45,830.5,830.0,830.4,16532,830.3046713750699,830.6971685050128,831.4096344774924,,,,
2025-04-22 12:57:00+05:30,830.1,830.5,829.65,829.75,34467,830.1197809167134,830.6110622772844,831.3577709000708,,,,
2025-04-22 12:58:00+05:30,829.7,829.95,829.35,829.35,107275,829.863187277809,830.4964202520767,831.2950280594436,,,,
2025-04-22 12:59:00+05:30,829.35,829.5,829.05,829.5,17981,829.7421248518727,830.405836592797,831.2389334325859,,,,
2025-04-22 13:00:00+05:30,829.5,830.0,829.45,829.75,55449,829.7447499012485,830.3462150843609,831.1924042628176,,,,
2025-04-22 13:01:00+05:30,829.7,830.05,829.65,830.05,20560,829.8464999341656,830.3192864403281,831.1567041296046,,,,
2025-04-22 13:02:00+05:30,830.0,830.35,830.0,830.1,17013,829.9309999561106,830.2993513093892,831.1236821255544,,,,
2025-04-22 13:03:00+05:30,830.0,830.1,828.6,828.8,114824,829.5539999707404,830.1630466448993,831.0510670591308,,,,
2025-04-22 13:04:00+05:30,828.8,829.0,828.7,828.95,55663,829.3526666471603,830.0527696771811,830.9854087135329,,,,
2025-04-22 13:05:00+05:30,828.95,829.6,828.95,829.45,25147,829.3851110981069,829.997972433801,830.9374271912351,,,,
2025-04-22 13:06:00+05:30,829.55,829.65,829.0,829.6,34381,829.4567407320714,829.9617931216372,830.895632591509,,,,
2025-04-22 13:07:00+05:30,829.55,829.75,829.25,829.55,21736,829.4878271547143,829.9243573833065,830.8535815730243,,,,
2025-04-22 13:08:00+05:30,829.55,829.85,829.35,829.7,30172,829.5585514364764,829.9039612575514,830.8175321488673,,,,
2025-04-22 13:09:00+05:30,829.55,829.7,828.95,829.4,42194,829.505700957651,829.858146597774,830.7732342692152,,,,
2025-04-22 13:10:00+05:30,829.25,829.5,828.9,828.9,35757,829.303800638434,829.7710423616127,830.7146956983023,,,,
2025-04-22 13:11:00+05:30,828.95,829.45,828.9,829.3,26153,829.3025337589561,829.7282203287388,830.6704864577304,,,,
2025-04-22 13:12:00+05:30,829.25,829.35,829.2,829.3,13567,829.3016891726375,829.6892912079443,830.6276587559263,,,,
2025-04-22 13:13:00+05:30,829.3,829.45,829.1,829.45,25973,829.3511261150917,829.6675374617674,830.5908569198036,,,,
2025-04-22 13:14:00+05:30,829.45,829.6,828.7,828.95,44007,829.2174174100612,829.602306783425,830.5395801410598,,,,
2025-04-22 13:15:00+05:30,828.8,829.0,828.65,828.9,18173,829.1116116067075,829.5384607122045,830.4883432616517,,,,
2025-04-22 13:16:00+05:30,828.9,829.0,828.3,828.5,13917,828.9077410711384,829.4440551929132,830.4262075347251,,,,
2025-04-22 13:17:00+05:30,828.5,828.75,828.0,828.7,46218,828.8384940474257,829.3764138117393,830.372263549265,,,,
2025-04-22 13:18:00+05:30,828.55,828.9,828.45,828.5,21524,828.7256626982838,829.296739828854,830.3137553133504,,,,
2025-04-22 13:19:00+05:30,828.45,828.7,828.2,828.45,20228,828.6337751321893,829.2197634807765,830.2555129598082,,,,
2025-04-22 13:20:00+05:30,828.4,828.7,828.35,828.4,22342,828.5558500881262,829.1452395279787,830.1975281798143,,,,
2025-04-22 13:21:00+05:30,828.4,828.75,828.05,828.2,32411,828.4372333920842,829.0593086617987,830.1351054241951,,,,
2025-04-22 13:22:00+05:30,828.25,829.0,828.2,829.0,19861,828.6248222613895,829.0539169652716,830.099633379689,,,,
2025-04-22 13:23:00+05:30,829.0,829.15,828.75,829.05,43238,828.7665481742597,829.0535608775197,830.0668323365736,,,,
2025-04-22 13:24:00+05:30,829.05,829.15,828.6,828.9,76366,828.8110321161731,829.0396007977452,830.0303688260557,,,,
2025-04-22 13:25:00+05:30,828.9,829.0,828.45,828.45,18696,828.6906880774488,828.9860007252229,829.9809823002414,,,,
2025-04-22 13:26:00+05:30,828.5,828.9,828.25,828.55,17109,828.6437920516325,828.9463642956572,829.9362641033589,,,,
2025-04-22 13:27:00+05:30,828.55,828.7,828.2,828.4,21029,828.5625280344218,828.8966948142338,829.888255850129,,,,
2025-04-22 13:28:00+05:30,828.4,828.45,828.05,828.3,27288,828.4750186896147,828.8424498311216,829.8386228548125,,,,
2025-04-22 13:29:00+05:30,828.3,829.0,828.2,828.7,20635,828.5500124597432,828.8294998464742,829.8030408905996,,,,
2025-04-22 13:30:00+05:30,828.7,829.0,828.6,828.8,23411,828.6333416398289,828.8268180422492,829.7716958627684,,,,
2025-04-22 13:31:00+05:30,828.8,829.0,828.5,828.55,17173,828.6055610932193,828.8016527656812,829.7335178670569,,,,
2025-04-22 13:32:00+05:30,828.5,828.8,828.2,828.4,22755,828.5370407288129,828.765138877892,829.6918454337114,,,,
2025-04-22 13:33:00+05:30,828.4,828.4,826.9,827.15,155325,828.0746938192087,828.6183080708109,829.612412763908,,,,
2025-04-22 13:34:00+05:30,827.05,827.6,826.7,826.8,41290,827.6497958794725,828.4530073371008,829.5245248650358,,,,
2025-04-22 13:35:00+05:30,827.0,827.75,826.8,827.45,32673,827.5831972529818,828.3618248519098,829.4596959630035,,,,
2025-04-22 13:36:00+05:30,827.3,827.9,827.25,827.7,41743,827.622131501988,828.3016589562816,829.4047054641596,,,,
2025-04-22 13:37:00+05:30,827.55,827.8,827.2,827.3,53925,827.5147543346587,828.2105990511651,829.3389334184046,,,,
2025-04-22 13:38:00+05:30,827.3,827.7,827.1,827.4,15364,827.4765028897725,828.1369082283319,829.2783417490796,,,,
2025-04-22 13:39:00+05:30,827.4,827.7,826.95,826.95,38899,827.301001926515,828.0290074803017,829.2055810694209,,,,
2025-04-22 13:40:00+05:30,827.15,827.75,826.9,827.75,41686,827.45066795101,828.0036431639106,829.1600941610014,,,,
2025-04-22 13:41:00+05:30,827.65,828.15,827.6,827.7,35862,827.5337786340067,827.9760392399187,829.1144662184702,,,,
2025-04-22 13:42:00+05:30,827.85,827.95,827.25,827.7,59703,827.5891857560046,827.9509447635625,829.070264149143,,,,
2025-04-22 13:43:00+05:30,827.65,828.0,827.65,828.0,22878,827.7261238373364,827.9554043305113,829.0368183944822,,,,
2025-04-22 13:44:00+05:30,827.9,828.3,827.65,827.85,52571,827.7674158915577,827.9458221186467,828.9997303196546,,,,
2025-04-22 13:45:00+05:30,827.8,827.85,827.2,827.55,86747,827.6949439277053,827.9098382896788,828.9544262471654,,,,
2025-04-22 13:46:00+05:30,827.5,828.0,827.45,827.7,42476,827.6966292851369,827.8907620815261,828.9152254269416,,,,
2025-04-22 13:47:00+05:30,827.65,828.0,827.4,827.9,36736,827.7644195234245,827.8916018922964,828.8834996323496,,,,
2025-04-22 13:48:00+05:30,827.8,828.0,827.2,827.7,70197,827.7429463489498,827.8741835384512,828.8465152688387,,,,
2025-04-22 13:49:00+05:30,828.0,828.0,827.55,827.6,46083,827.6952975659666,827.8492577622284,828.8075616666874,,,,
2025-04-22 13:50:00+05:30,827.6,827.8,827.1,827.7,68512,827.6968650439778,827.835688874753,828.7729503646035,,,,
2025-04-22 13:51:00+05:30,827.55,827.9,827.4,827.65,36140,827.6812433626519,827.8188080679573,828.7378581657097,,,,
2025-04-22 13:52:00+05:30,827.65,827.8,826.9,827.3,82933,827.554162241768,827.7716436981431,828.6929250980312,,,,
2025-04-22 13:53:00+05:30,827.3,827.5,826.8,827.3,42917,827.4694414945121,827.7287669983119,828.6493961887177,,,,
2025-04-22 13:54:00+05:30,827.05,827.4,827.0,827.2,26934,827.3796276630081,827.6806972711927,828.6041025578203,,,,
2025-04-22 13:55:00+05:30,827.05,827.8,827.05,827.8,38279,827.5197517753388,827.6915429738115,828.5789743528884,,,,
2025-04-22 13:56:00+05:30,827.5,827.9,826.8,827.0,50806,827.3465011835592,827.6286754307378,828.5296314043607,,,,
2025-04-22 13:57:00+05:30,826.85,827.5,826.8,826.9,32338,827.1976674557062,827.5624322097615,828.4787054229745,,,,
2025-04-22 13:58:00+05:30,826.9,827.35,826.05,826.75,76447,827.0484449704709,827.4885747361468,828.4246833785065,,,,
2025-04-22 13:59:00+05:30,826.5,826.85,826.25,826.75,44993,826.9489633136473,827.4214315783153,828.3723495229282,,,,
2025-04-22 14:00:00+05:30,826.75,826.85,825.1,825.15,148853,826.3493088757649,827.2149377984684,828.2716511003367,,,,
2025-04-22 14:01:00+05:30,825.2,826.5,824.55,826.15,159873,826.2828725838433,827.118125271335,828.2053495034512,,,,
2025-04-22 14:02:00+05:30,826.15,826.5,826.05,826.5,32619,826.3552483892289,827.06193206485,828.1520573314683,,,,
2025-04-22 14:03:00+05:30,826.5,826.85,826.35,826.5,30104,826.4034989261527,827.0108473316818,828.1004305398599,,,,
2025-04-22 14:04:00+05:30,826.5,826.8,826.2,826.65,31720,826.4856659507685,826.9780430288016,828.0551045854893,,,,
2025-04-22 14:05:00+05:30,826.65,827.0,826.35,826.95,47739,826.6404439671791,826.9754936625468,828.0205700671928,,,,
2025-04-22 14:06:00+05:30,827.0,827.2,826.25,826.8,46749,826.6936293114527,826.9595396932243,827.982427252593,,,,
2025-04-22 14:07:00+05:30,826.8,827.15,826.5,827.05,27317,826.8124195409684,826.9677633574765,827.9532889009494,,,,
2025-04-22 14:08:00+05:30,827.05,827.2,826.45,827.0,97237,826.8749463606457,826.9706939613422,827.9234986227947,,,,
2025-04-22 14:09:00+05:30,827.1,827.75,827.05,827.7,150948,827.1499642404306,827.0369945103112,827.9165142908324,,,,
2025-04-22 14:10:00+05:30,827.6,828.35,827.5,828.05,109267,827.4499761602871,827.1290859184646,827.9206857192439,,,,
2025-04-22 14:11:00+05:30,828.05,828.2,827.0,827.5,86815,827.4666507735249,827.1628053804224,827.9075392905175,,,,
2025-04-22 14:12:00+05:30,827.5,827.6,826.25,826.3,38598,827.0777671823499,827.0843685276567,827.8573036876888,,,,
2025-04-22 14:13:00+05:30,826.25,826.5,825.35,826.15,101513,826.7685114549,826.9994259342334,827.8039504474486,,,,
2025-04-22 14:14:00+05:30,826.2,826.5,825.75,826.0,47256,826.5123409699333,826.9085690311213,827.7475769959659,,,,
2025-04-22 14:15:00+05:30,825.8,826.5,825.6,825.7,164576,826.2415606466224,826.7986991192012,827.683590214842,,,,
2025-04-22 14:16:00+05:30,825.65,826.2,825.3,826.05,42641,826.1777070977482,826.7306355629102,827.6325405206281,,,,
2025-04-22 14:17:00+05:30,826.05,826.45,825.75,826.35,21774,826.2351380651655,826.6960323299184,827.5924611293584,,,,
2025-04-22 14:18:00+05:30,826.4,826.5,825.7,825.85,29247,826.1067587101104,826.6191202999258,827.5380092190659,,,,
2025-04-22 14:19:00+05:30,825.8,826.2,825.4,825.45,57173,825.8878391400737,826.5128366362961,827.4727589309701,,,,
2025-04-22 14:20:00+05:30,825.45,826.15,825.4,825.85,46135,825.8752260933825,826.4525787602693,827.4220477143773,,,,
2025-04-22 14:21:00+05:30,825.85,826.25,825.5,825.9,55429,825.883484062255,826.4023443275175,827.374483723303,,,,
2025-04-22 14:22:00+05:30,825.9,826.7,825.8,826.7,35007,826.1556560415033,826.4294039341069,827.3534061069498,,,,
2025-04-22 14:23:00+05:30,826.7,826.85,826.45,826.8,23515,826.3704373610024,826.4630944855517,827.3361121661076,,,,
2025-04-22 14:24:00+05:30,826.8,826.8,826.2,826.45,38133,826.3969582406684,826.4619040777742,827.3084211609167,,,,
2025-04-22 14:25:00+05:30,826.3,826.95,826.2,826.9,26821,826.5646388271123,826.5017309797946,827.2956579996381,,,,
2025-04-22 14:26:00+05:30,826.7,827.0,826.4,826.5,37127,826.5430925514082,826.5015736179951,827.2707936871494,,,,
2025-04-22 14:27:00+05:30,826.8,827.0,826.4,826.7,29956,826.5953950342723,826.5196123799955,827.252956384426,,,,
2025-04-22 14:28:00+05:30,826.55,827.0,826.25,826.95,31852,826.7135966895149,826.5587385272686,827.2434889974128,,,,
2025-04-22 14:29:00+05:30,826.75,827.05,826.3,826.7,39971,826.7090644596767,826.571580479335,827.2265049662436,,,,
2025-04-22 14:30:00+05:30,827.0,827.0,826.1,826.7,45736,826.706042973118,826.5832549812136,827.2100516860486,,,,
2025-04-22 14:31:00+05:30,826.6,826.8,826.2,826.5,25148,826.6373619820787,826.5756863465577,827.1878625708596,,,,
2025-04-22 14:32:00+05:30,826.75,826.95,826.1,826.35,37628,826.5415746547192,826.5551694059616,827.1616793655202,,,,
2025-04-22 14:33:00+05:30,826.35,826.65,825.95,826.6,54888,826.5610497698128,826.5592449145105,827.1441268853476,,,,
2025-04-22 14:34:00+05:30,826.4,826.8,826.25,826.35,32283,826.4906998465419,826.540222649555,827.1193104201805,,,,
2025-04-22 14:35:00+05:30,826.35,826.75,826.1,826.75,47033,826.577133231028,826.5592933177771,827.1077694695498,,,,
2025-04-22 14:36:00+05:30,826.5,827.0,826.25,827.0,34176,826.7180888206854,826.5993575616155,827.1044016736264,,,,
2025-04-22 14:37:00+05:30,827.0,827.2,826.75,827.2,35034,826.878725880457,826.6539614196505,827.1073891213256,,,,
2025-04-22 14:38:00+05:30,827.1,827.45,826.75,826.95,115005,826.9024839203047,826.680874017864,827.1024707112841,,,,
2025-04-22 14:39:00+05:30,826.9,827.5,826.8,827.25,35287,827.0183226135365,826.7326127435127,827.1070810015565,,,,
2025-04-22 14:40:00+05:30,827.15,827.4,826.85,827.1,46517,827.0455484090244,826.7660115850116,827.1068597202578,,,,
2025-04-22 14:41:00+05:30,827.1,827.5,826.7,826.95,36477,827.0136989393496,826.7827378045561,827.1019578539998,,,,
2025-04-22 14:42:00+05:30,826.95,827.25,826.6,826.75,42570,826.9257992928999,826.7797616405055,827.0909591710623,,,,
2025-04-22 14:43:00+05:30,826.7,827.15,826.6,826.7,37167,826.8505328619333,826.7725105822777,827.0787416969666,,,,
2025-04-22 14:44:00+05:30,826.7,827.2,826.6,826.6,51787,826.7670219079556,826.7568278020706,827.0637810189364,,,,
2025-04-22 14:45:00+05:30,826.65,826.95,826.25,826.85,72453,826.7946812719705,826.7652980018822,827.0571003620946,,,,
2025-04-22 14:46:00+05:30,826.6,826.8,826.0,826.0,79671,826.5297875146471,826.6957254562566,827.0240659757792,,,,
2025-04-22 14:47:00+05:30,826.0,826.0,824.35,824.35,126233,825.8031916764314,826.482477687506,826.940501414036,,,,
2025-04-22 14:48:00+05:30,824.5,824.55,823.2,823.2,77472,824.935461117621,826.1840706250055,826.8236107448474,,,,
2025-04-22 14:49:00+05:30,823.2,823.5,822.65,823.1,94130,824.3236407450808,825.9037005681868,826.7072479090709,,,,
2025-04-22 14:50:00+05:30,823.05,823.5,823.05,823.45,36654,824.0324271633873,825.6806368801698,826.6054589119125,,,,
2025-04-22 14:51:00+05:30,823.45,824.25,823.3,824.15,47245,824.0716181089249,825.5414880728815,826.5287258209153,,,,
2025-04-22 14:52:00+05:30,823.95,824.3,823.55,824.2,55557,824.1144120726167,825.4195346117106,826.4559531390117,,,,
2025-04-22 14:53:00+05:30,824.25,825.75,824.2,825.6,46353,824.6096080484112,825.4359405561006,826.4292046034176,,,,
2025-04-22 14:54:00+05:30,825.6,825.8,824.75,824.95,52969,824.7230720322742,825.3917641419097,826.3829794595608,,,,
2025-04-22 14:55:00+05:30,824.8,825.7,824.75,825.2,33339,824.8820480215163,825.3743310380996,826.3460113514495,,,,
2025-04-22 14:56:00+05:30,825.1,825.2,824.4,824.4,37067,824.7213653476775,825.2857554891815,826.2851984967168,,,,
2025-04-22 14:57:00+05:30,824.4,825.5,824.2,825.3,45300,824.9142435651183,825.2870504447104,826.2544110436944,,,,
2025-04-22 14:58:00+05:30,825.1,825.95,825.05,825.7,33477,825.1761623767457,825.3245913133732,826.237085698579,,,,
2025-04-22 14:59:00+05:30,825.7,825.95,825.2,825.55,28987,825.3007749178305,825.3450830121574,826.2156142704983,,,,
2025-04-22 15:00:00+05:30,825.5,825.55,825.05,825.3,29064,825.3005166118871,825.3409845565067,826.1870013245452,,,,
2025-04-22 15:01:00+05:30,825.05,825.5,824.8,824.95,34351,825.1836777412582,825.3054405059152,826.1483450331532,,,,
2025-04-22 15:02:00+05:30,824.8,825.0,824.35,824.6,27266,824.9891184941722,825.2413095508319,826.0999592508671,,,,
2025-04-22 15:03:00+05:30,824.45,825.0,824.4,824.8,45055,824.9260789961148,825.2011905007563,826.0593355242775,,,,
2025-04-22 15:04:00+05:30,824.75,825.15,824.2,824.7,118945,824.8507193307432,825.1556277279602,826.0168562891438,,,,
2025-04-22 15:05:00+05:30,824.7,825.0,824.4,824.45,66129,824.7171462204956,825.0914797526912,825.967892030108,,,,
2025-04-22 15:06:00+05:30,824.45,824.6,823.9,823.9,46934,824.4447641469972,824.9831634115374,825.9032704041672,,,,
2025-04-22 15:07:00+05:30,823.95,823.95,823.4,823.4,35944,824.0965094313315,824.839239465034,825.825043204037,,,,
2025-04-22 15:08:00+05:30,823.4,823.5,823.2,823.3,24699,823.8310062875544,824.6993086045763,825.7461356039108,,,,
2025-04-22 15:09:00+05:30,823.2,823.3,822.7,823.1,66088,823.5873375250363,824.5539169132512,825.6634438662886,,,,
2025-04-22 15:10:00+05:30,823.1,823.45,823.05,823.15,48605,823.4415583500243,824.4262881029557,825.5848987454672,,,,
2025-04-22 15:11:00+05:30,823.05,823.3,822.6,822.7,51727,823.1943722333496,824.2693528208688,825.4947456596714,,,,
2025-04-22 15:12:00+05:30,822.7,823.3,822.55,823.2,56485,823.1962481555664,824.1721389280625,825.4230348578067,,,,
2025-04-22 15:13:00+05:30,823.05,823.2,822.85,822.9,51441,823.0974987703777,824.0564899346023,825.3441900185003,,,,
2025-04-22 15:14:00+05:30,823.0,823.0,822.05,822.15,61494,822.7816658469185,823.8831726678202,825.2443715804222,,,,
2025-04-22 15:15:00+05:30,822.25,822.55,821.8,821.9,58269,822.4877772312791,823.7028842434729,825.1398599685341,,,,
2025-04-22 15:16:00+05:30,822.1,822.3,821.05,821.1,71673,822.0251848208527,823.4662584031571,825.0136143445174,,,,
2025-04-22 15:17:00+05:30,821.1,821.2,820.5,820.5,42483,821.5167898805686,823.1965985483247,824.8725638962512,,,,
2025-04-22 15:18:00+05:30,820.6,821.3,820.5,821.1,64024,821.377859920379,823.0059986802951,824.7546712744934,,,,
2025-04-22 15:19:00+05:30,821.05,821.35,821.0,821.35,49806,821.3685732802527,822.8554533457227,824.6482752971654,,,,
2025-04-22 15:20:00+05:30,821.35,822.0,820.85,821.75,93201,821.4957155201685,822.7549575870206,824.557704194129,,,,
2025-04-22 15:21:00+05:30,821.8,821.9,821.15,821.25,33215,821.4138103467791,822.6181432609278,824.4543384380625,,,,
2025-04-22 15:22:00+05:30,821.4,821.4,821.1,821.3,33755,821.3758735645195,822.4983120553889,824.355765361873,,,,
2025-04-22 15:23:00+05:30,821.3,821.3,820.5,820.55,46950,821.1005823763463,822.3211927776263,824.2368351943144,,,,
2025-04-22 15:24:00+05:30,820.5,820.7,820.5,820.65,40350,820.9503882508976,822.1692661614784,824.1247465944921,,,,
2025-04-22 15:25:00+05:30,820.5,820.65,820.05,820.45,48974,820.7835921672652,822.0129692377077,824.0099107634143,,,,
2025-04-22 15:26:00+05:30,820.3,820.55,820.05,820.45,42949,820.6723947781769,821.8708811251888,823.8986635520575,,,,
2025-04-22 15:27:00+05:30,820.45,820.7,819.9,820.35,74913,820.564929852118,821.7326192047171,823.7877678160557,,,,
2025-04-22 15:28:00+05:30,820.15,821.0,820.0,820.4,47100,820.5099532347454,821.6114720042883,823.6819000718041,,,,
2025-04-22 15:29:00+05:30,820.5,821.35,820.25,821.3,35379,820.7733021564969,821.5831563675348,823.6074656945602,,,,
2025-04-23 09:15:00+05:30,826.0,831.0,823.85,828.7,388587,823.4155347709981,822.2301421523043,823.7666073916052,,,,
2025-04-23 09:16:00+05:30,828.75,829.8,828.5,829.0,160911,825.2770231806655,822.8455837748221,823.9301509106176,,,,
2025-04-23 09:17:00+05:30,828.75,829.1,828.15,829.1,124493,826.5513487871104,823.4141670680201,824.0917086946607,,,,
2025-04-23 09:18:00+05:30,829.0,829.3,828.0,828.8,102211,827.300899191407,823.9037882436546,824.2388427979525,,,,
2025-04-23 09:19:00+05:30,828.7,828.95,827.5,828.2,77279,827.6005994609382,824.2943529487769,824.3626289605165,,,,
2025-04-23 09:20:00+05:30,828.15,828.9,827.4,827.8,85654,827.6670663072921,824.6130481352517,824.4700468055004,,,,
2025-04-23 09:21:00+05:30,827.5,827.7,826.4,827.0,49921,827.4447108715281,824.8300437593198,824.5491078428284,,,,
2025-04-23 09:22:00+05:30,827.0,827.25,826.1,826.55,46869,827.1464739143521,824.9864034175635,824.6116357227401,,,,
2025-04-23 09:23:00+05:30,826.55,826.55,825.7,826.5,66007,826.9309826095681,825.1240031068759,824.6706471064044,,,,
2025-04-23 09:24:00+05:30,826.5,826.6,825.9,826.1,41965,826.6539884063789,825.2127300971599,824.7153143843293,,,,
2025-04-23 09:25:00+05:30,826.1,826.35,824.6,824.8,46672,826.0359922709192,825.1752091792363,824.717960809819,,,,
2025-04-23 09:26:00+05:30,824.55,825.0,824.05,824.15,66985,825.4073281806129,825.0820083447602,824.7002120345122,,,,
2025-04-23 09:27:00+05:30,824.3,824.75,823.1,823.35,100478,824.7215521204087,824.9245530406911,824.6580179084336,,,,
2025-04-23 09:28:00+05:30,823.35,823.55,823.05,823.25,54691,824.2310347469391,824.7723209460828,824.6140173487951,,,,
2025-04-23 09:29:00+05:30,823.35,823.95,823.2,823.8,37610,824.0873564979595,824.6839281328025,824.5885793066452,,,,
2025-04-23 09:30:00+05:30,823.8,823.9,822.2,822.3,93210,823.4915709986396,824.4672073934568,824.5170612033126,,,,
2025-04-23 09:31:00+05:30,822.2,822.95,822.05,822.75,35310,823.2443806657599,824.3110976304151,824.4618405407091,,,,
2025-04-23 09:32:00+05:30,822.75,823.55,822.2,822.5,71625,822.9962537771733,824.1464523912864,824.4005330238119,,,,
2025-04-23 09:33:00+05:30,822.4,822.5,820.45,820.5,148799,822.1641691847823,823.8149567193512,824.2786413668179,,,,
2025-04-23 09:34:00+05:30,820.55,820.55,819.0,819.55,99009,821.2927794565215,823.4272333812283,824.1308713241048,,,,
2025-04-23 09:35:00+05:30,819.5,819.6,818.35,819.2,87540,820.5951863043479,823.0429394374803,823.9767815952265,,,,
2025-04-23 09:36:00+05:30,819.1,819.9,818.4,818.75,70967,819.9801242028987,822.6526722158912,823.8134446703757,,,,
2025-04-23 09:37:00+05:30,818.8,818.8,817.05,817.3,96802,819.0867494685991,822.1660656508102,823.6098995244264,,,,
2025-04-23 09:38:00+05:30,817.3,818.0,817.2,817.7,39102,818.6244996457328,821.7600596825547,823.4252151642881,,,,
2025-04-23 09:39:00+05:30,818.0,819.15,817.7,818.5,53659,818.582999763822,821.4636906205042,823.2713021904042,,,,
2025-04-23 09:40:00+05:30,818.4,820.6,818.4,820.15,60450,819.1053331758815,821.3442642004584,823.1737614969541,,,,
2025-04-23 09:41:00+05:30,820.25,821.2,820.15,820.95,53703,819.7202221172544,821.3084220004167,823.1042689501743,,,,
2025-04-23 09:42:00+05:30,820.85,821.5,820.5,821.3,37272,820.2468147448363,821.3076563640152,823.0478855454813,,,,
2025-04-23 09:43:00+05:30,821.3,822.4,821.25,822.4,34266,820.9645431632243,821.4069603309229,823.0276391221851,,,,
2025-04-23 09:44:00+05:30,822.4,822.6,821.7,822.05,35610,821.3263621088163,821.4654184826571,822.9970878996168,,,,
2025-04-23 09:45:00+05:30,822.2,822.2,821.55,822.0,35096,821.5509080725443,821.5140168024155,822.9659289027537,,,,
2025-04-23 09:46:00+05:30,822.1,822.7,822.05,822.65,35801,821.917272048363,821.6172880021959,822.9560561245427,,,,
2025-04-23 09:47:00+05:30,822.65,823.45,822.35,822.6,76266,822.144848032242,821.7066254565417,822.9449293706507,,,,
2025-04-23 09:48:00+05:30,822.6,823.0,822.5,822.85,19134,822.3798986881613,821.810568596856,822.9419628278179,,,,
2025-04-23 09:49:00+05:30,822.85,822.9,821.75,821.75,21460,822.1699324587743,821.8050623607782,822.9047139894485,,,,
2025-04-23 09:50:00+05:30,821.85,821.9,820.05,820.7,47069,821.6799549725163,821.704602146162,822.8358166772782,,,,
2025-04-23 09:51:00+05:30,820.6,821.45,820.45,820.55,20533,821.3033033150109,821.5996383146927,822.7643849061133,,,,
2025-04-23 09:52:00+05:30,820.75,821.0,820.35,821.0,26075,821.2022022100073,821.5451257406297,822.7092478777972,,,,
2025-04-23 09:53:00+05:30,821.15,821.8,821.0,821.35,28163,821.2514681400049,821.527387036936,822.6667713816161,,,,
2025-04-23 09:54:00+05:30,821.25,822.0,821.1,821.85,15514,821.4509787600034,821.5567154881237,822.6412472759405,,,,
2025-04-23 09:55:00+05:30,821.75,821.95,820.95,821.3,15872,821.400652506669,821.533377716476,822.5993332985673,,,,
2025-04-23 09:56:00+05:30,821.3,821.6,820.4,820.45,14300,821.0837683377794,821.43488883316,822.5321666329871,,,,
2025-04-23 09:57:00+05:30,820.8,821.0,820.15,820.15,17621,820.7725122251863,821.3180807574181,822.4577239257063,,,,
2025-04-23 09:58:00+05:30,820.15,820.6,819.55,820.15,52679,820.5650081501243,821.2118915976528,822.3856075530281,,,,
2025-04-23 09:59:00+05:30,820.15,820.4,819.85,820.4,36250,820.5100054334162,821.1380832705935,822.323557316996,,,,
2025-04-23 10:00:00+05:30,820.45,821.1,820.4,820.6,25221,820.5400036222775,821.0891666096304,822.2696961508399,,,,
2025-04-23 10:01:00+05:30,820.6,820.65,819.15,819.3,76768,820.1266690815185,820.926515099664,822.1768931461261,,,,
2025-04-23 10:02:00+05:30,819.4,819.4,818.05,818.3,58974,819.5177793876791,820.6877409996945,822.0557402353096,,,,
2025-04-23 10:03:00+05:30,818.3,818.65,818.05,818.35,44734,819.1285195917861,820.4752190906313,821.9399358529562,,,,
2025-04-23 10:04:00+05:30,818.4,818.6,817.5,818.15,68441,818.8023463945242,820.2638355369376,821.8215003575514,,,,
2025-04-23 10:05:00+05:30,818.15,818.2,817.0,817.0,54530,818.2015642630163,819.9671232153977,821.670828471378,,,,
2025-04-23 10:06:00+05:30,817.1,817.3,816.6,816.6,53130,817.6677095086775,819.661021104907,821.5123650816473,,,,
2025-04-23 10:07:00+05:30,816.75,818.0,816.05,816.3,75147,817.2118063391183,819.3554737317337,821.3494786728459,,,,
2025-04-23 10:08:00+05:30,816.35,816.55,815.0,815.8,110027,816.7412042260789,819.0322488470306,821.1760574643195,,,,
2025-04-23 10:09:00+05:30,815.85,816.75,815.3,815.6,54071,816.360802817386,818.7202262245733,821.0018056685594,,,,
2025-04-23 10:10:00+05:30,815.6,816.0,815.4,815.5,38093,816.0738685449242,818.4274783859756,820.829874241417,,,,
2025-04-23 10:11:00+05:30,815.7,815.95,815.15,815.8,27555,815.9825790299494,818.1886167145233,820.6726906713727,,,,
2025-04-23 10:12:00+05:30,815.65,816.9,815.0,816.2,60765,816.055052686633,818.0078333768394,820.5329190878923,,,,
2025-04-23 10:13:00+05:30,816.4,816.55,815.6,816.4,45579,816.170035124422,817.8616667062176,820.4037653663958,,,,
2025-04-23 10:14:00+05:30,816.35,816.55,815.2,815.55,30157,815.9633567496148,817.6515151874705,820.2520851986959,,,,
2025-04-23 10:15:00+05:30,815.55,816.35,815.3,815.9,23218,815.9422378330767,817.4922865340641,820.1160825362367,,,,
2025-04-23 10:16:00+05:30,815.95,816.5,815.65,816.5,47025,816.1281585553845,817.402078667331,820.0030799569793,,,,
2025-04-23 10:17:00+05:30,816.45,817.45,816.35,817.15,36783,816.4687723702564,817.3791624248463,819.9139212083237,,,,
2025-04-23 10:18:00+05:30,817.15,817.45,816.55,817.0,39002,816.6458482468377,817.3446931134966,819.8228611705636,,,,
2025-04-23 10:19:00+05:30,817.05,817.05,816.25,816.6,33543,816.6305654978919,817.2769937395424,819.7221467589834,,,,
2025-04-23 10:20:00+05:30,816.45,817.0,816.2,816.3,26111,816.5203769985947,817.1881761268568,819.6152046727651,,,,
2025-04-23 10:21:00+05:30,816.3,816.5,816.0,816.15,18382,816.3969179990631,817.0937964789607,819.5069170267412,,,,
2025-04-23 10:22:00+05:30,816.15,816.2,815.15,815.15,22382,815.981278666042,816.9170877081461,819.3707633696556,,,,
2025-04-23 10:23:00+05:30,815.35,815.8,815.05,815.35,38231,815.770852444028,816.7746251892238,819.2451145143539,,,,
2025-04-23 10:24:00+05:30,815.45,816.15,815.15,816.0,18271,815.8472349626854,816.7042047174762,819.1437046857803,,,,
2025-04-23 10:25:00+05:30,816.05,816.15,815.05,815.05,20058,815.5814899751236,816.5538224704329,819.0157764143497,,,,
2025-04-23 10:26:00+05:30,815.1,815.75,815.0,815.55,15888,815.5709933167491,816.4625658822117,818.9074709014012,,,,
2025-04-23 10:27:00+05:30,815.55,816.65,815.5,816.65,19966,815.930662211166,816.4796053474652,818.8369249357324,,,,
2025-04-23 10:28:00+05:30,816.6,817.6,816.5,817.45,37389,816.4371081407775,816.5678230431502,818.7935835314909,,,,
2025-04-23 10:29:00+05:30,817.45,818.0,817.45,817.8,25665,816.891405427185,816.6798391301365,818.7625340461318,,,,
2025-04-23 10:30:00+05:30,817.9,818.45,817.5,818.05,28136,817.2776036181233,816.804399209215,818.7402673571902,,,,
2025-04-23 10:31:00+05:30,818.2,818.35,817.1,817.55,25338,817.3684024120822,816.8721810992864,818.703071502278,,,,
2025-04-23 10:32:00+05:30,817.5,817.6,817.15,817.55,8791,817.4289349413882,816.9338009993513,818.6670380178318,,,,
2025-04-23 10:33:00+05:30,817.5,817.6,816.5,816.7,16604,817.1859566275922,816.9125463630467,818.6055680797746,,,,
2025-04-23 10:34:00+05:30,816.75,816.8,816.2,816.35,11172,816.9073044183949,816.8614057845879,818.5350815772815,,,,
2025-04-23 10:35:00+05:30,816.45,816.75,816.15,816.65,15762,816.8215362789299,816.8421870768981,818.4761727779916,,,,
2025-04-23 10:36:00+05:30,816.7,818.25,816.55,818.15,33682,817.2643575192867,816.9610791608164,818.4659798786794,,,,
2025-04-23 10:37:00+05:30,818.25,818.5,817.4,817.85,42176,817.4595716795245,817.0418901461968,818.4467305074706,,,,
2025-04-23 10:38:00+05:30,817.9,818.2,817.15,817.55,23773,817.4897144530164,817.088081951088,818.4187076791121,,,,
2025-04-23 10:39:00+05:30,817.5,817.55,816.65,816.75,27045,817.2431429686777,817.0573472282618,818.3665605641398,,,,
2025-04-23 10:40:00+05:30,816.6,816.9,816.6,816.9,2158,817.1287619791185,817.0430429347834,818.3207305465105,,,,
