timestamp,open,high,low,close,volume
2025-04-01 09:15:00+05:30,766.5,774.0,763.2,772.5,318625
2025-04-01 09:20:00+05:30,772.45,774.95,772.1,773.2,197189
2025-04-01 09:25:00+05:30,773.2,775.6,772.6,775.15,227544
2025-04-01 09:30:00+05:30,775.15,777.5,774.85,777.35,134596
2025-04-01 09:35:00+05:30,777.5,778.0,776.25,778.0,145385
2025-04-01 09:40:00+05:30,778.0,781.9,777.8,781.9,237165
2025-04-01 09:45:00+05:30,781.65,782.75,780.1,781.0,173245
2025-04-01 09:50:00+05:30,781.0,781.15,778.5,779.05,116358
2025-04-01 09:55:00+05:30,779.0,779.4,778.0,778.7,54773
2025-04-01 10:00:00+05:30,778.45,778.95,776.65,778.45,73700
2025-04-01 10:05:00+05:30,778.3,780.35,777.7,778.95,113298
2025-04-01 10:10:00+05:30,778.95,779.7,777.75,778.3,75063
2025-04-01 10:15:00+05:30,778.3,779.95,777.6,779.85,73691
2025-04-01 10:20:00+05:30,779.85,779.95,776.0,776.05,74110
2025-04-01 10:25:00+05:30,776.05,776.45,773.2,773.75,223726
2025-04-01 10:30:00+05:30,773.7,774.2,772.25,773.55,167370
2025-04-01 10:35:00+05:30,773.55,775.6,773.3,775.0,124418
2025-04-01 10:40:00+05:30,775.05,775.1,773.75,774.3,70993
2025-04-01 10:45:00+05:30,774.45,775.1,773.5,773.55,104866
2025-04-01 10:50:00+05:30,773.5,773.75,772.55,773.4,59747
2025-04-01 10:55:00+05:30,773.4,773.6,770.6,770.7,132621
2025-04-01 11:00:00+05:30,770.95,771.3,770.0,770.0,95694
2025-04-01 11:05:00+05:30,770.2,770.4,769.3,769.4,77462
2025-04-01 11:10:00+05:30,769.3,770.7,769.0,769.55,66705
2025-04-01 11:15:00+05:30,769.55,770.0,768.75,768.8,57965
2025-04-01 11:20:00+05:30,768.75,770.0,768.3,769.55,101492
2025-04-01 11:25:00+05:30,769.7,770.2,768.25,769.55,75947
2025-04-01 11:30:00+05:30,769.55,769.9,768.1,768.45,65688
2025-04-01 11:35:00+05:30,768.7,768.7,767.0,767.15,76639
2025-04-01 11:40:00+05:30,767.4,767.5,766.2,766.6,89732
2025-04-01 11:45:00+05:30,766.6,767.7,765.95,767.3,77734
2025-04-01 11:50:00+05:30,767.6,767.7,766.8,766.95,49773
2025-04-01 11:55:00+05:30,766.95,767.8,766.8,767.8,60199
2025-04-01 12:00:00+05:30,767.8,768.0,766.2,766.95,71922
2025-04-01 12:05:00+05:30,766.7,767.7,766.45,767.6,60947
2025-04-01 12:10:00+05:30,767.6,769.1,767.3,769.0,79349
2025-04-01 12:15:00+05:30,768.8,770.6,768.75,770.4,86185
2025-04-01 12:20:00+05:30,770.55,770.65,768.7,769.25,85093
2025-04-01 12:25:00+05:30,769.25,770.0,769.1,769.45,44278
2025-04-01 12:30:00+05:30,769.5,771.7,769.45,770.75,161696
2025-04-01 12:35:00+05:30,770.75,772.0,770.55,771.7,81237
2025-04-01 12:40:00+05:30,771.7,772.0,770.75,770.95,39092
2025-04-01 12:45:00+05:30,770.95,771.3,770.0,770.15,45774
2025-04-01 12:50:00+05:30,770.15,770.8,769.6,770.3,44703
2025-04-01 12:55:00+05:30,770.4,770.6,769.6,770.5,40303
2025-04-01 13:00:00+05:30,770.55,770.6,769.4,769.55,44331
2025-04-01 13:05:00+05:30,769.55,770.45,769.5,769.8,42827
2025-04-01 13:10:00+05:30,769.9,770.5,769.55,769.85,38691
2025-04-01 13:15:00+05:30,769.8,770.2,768.2,768.9,78172
2025-04-01 13:20:00+05:30,768.9,769.75,768.0,768.05,81226
2025-04-01 13:25:00+05:30,768.1,768.5,767.5,767.8,67709
2025-04-01 13:30:00+05:30,767.8,768.55,767.0,768.35,75974
2025-04-01 13:35:00+05:30,768.4,768.75,767.75,768.3,61580
2025-04-01 13:40:00+05:30,768.55,769.2,768.1,768.6,31036
2025-04-01 13:45:00+05:30,768.65,768.95,767.75,768.3,33412
2025-04-01 13:50:00+05:30,768.35,769.5,768.2,769.05,30108
2025-04-01 13:55:00+05:30,769.1,769.6,768.1,768.25,36911
2025-04-01 14:00:00+05:30,768.3,769.95,768.1,769.85,51538
2025-04-01 14:05:00+05:30,769.9,769.9,768.25,768.8,82280
2025-04-01 14:10:00+05:30,768.95,769.65,768.25,769.4,63147
2025-04-01 14:15:00+05:30,769.4,769.55,768.2,768.9,62385
2025-04-01 14:20:00+05:30,769.15,769.85,768.7,769.0,43943
2025-04-01 14:25:00+05:30,769.0,769.3,768.6,769.2,23985
2025-04-01 14:30:00+05:30,769.2,770.75,768.9,769.9,52413
2025-04-01 14:35:00+05:30,769.95,770.7,769.2,770.6,80439
2025-04-01 14:40:00+05:30,770.55,771.4,770.0,771.25,71026
2025-04-01 14:45:00+05:30,771.1,771.3,770.3,770.75,92770
2025-04-01 14:50:00+05:30,770.75,771.2,770.15,770.7,84524
2025-04-01 14:55:00+05:30,770.75,771.2,770.55,771.1,55055
2025-04-01 15:00:00+05:30,771.1,771.55,770.65,771.1,90654
2025-04-01 15:05:00+05:30,771.0,772.2,770.65,772.1,153998
2025-04-01 15:10:00+05:30,772.05,772.55,771.7,772.0,178321
2025-04-01 15:15:00+05:30,771.9,772.05,771.1,771.85,213804
2025-04-01 15:20:00+05:30,772.0,772.2,771.2,771.55,183070
2025-04-01 15:25:00+05:30,771.45,772.45,771.1,771.25,98690
2025-04-02 09:15:00+05:30,772.25,774.85,768.1,769.3,234302
2025-04-02 09:20:00+05:30,769.5,769.6,765.6,766.75,130616
2025-04-02 09:25:00+05:30,766.75,768.85,765.8,768.8,96911
2025-04-02 09:30:00+05:30,768.85,772.45,768.5,771.7,123435
2025-04-02 09:35:00+05:30,771.7,771.9,769.1,770.25,70419
2025-04-02 09:40:00+05:30,770.1,770.1,768.15,768.15,57416
2025-04-02 09:45:00+05:30,768.25,768.3,765.8,766.1,106951
2025-04-02 09:50:00+05:30,766.1,766.45,764.3,764.95,84057
2025-04-02 09:55:00+05:30,764.85,767.4,764.6,767.15,49634
2025-04-02 10:00:00+05:30,767.15,767.75,765.75,766.65,57703
2025-04-02 10:05:00+05:30,766.65,767.0,766.0,766.8,24890
2025-04-02 10:10:00+05:30,766.55,767.55,766.45,767.4,30500
2025-04-02 10:15:00+05:30,767.4,767.85,766.2,767.6,42593
2025-04-02 10:20:00+05:30,767.55,768.3,766.75,766.9,35689
2025-04-02 10:25:00+05:30,767.0,768.5,766.9,768.4,27201
2025-04-02 10:30:00+05:30,768.35,769.95,768.0,769.95,70611
2025-04-02 10:35:00+05:30,769.95,770.2,768.95,770.15,65107
2025-04-02 10:40:00+05:30,770.15,771.15,770.0,770.2,64958
2025-04-02 10:45:00+05:30,770.2,772.65,770.2,771.8,92512
2025-04-02 10:50:00+05:30,771.85,773.65,771.8,772.95,80662
2025-04-02 10:55:00+05:30,772.8,773.4,771.75,772.6,61577
2025-04-02 11:00:00+05:30,772.6,774.5,772.6,773.3,81150
2025-04-02 11:05:00+05:30,773.3,773.7,772.4,773.1,61428
2025-04-02 11:10:00+05:30,772.95,773.85,772.8,773.1,49054
2025-04-02 11:15:00+05:30,773.4,774.0,771.55,772.15,71430
2025-04-02 11:20:00+05:30,772.15,773.3,772.0,772.65,46512
2025-04-02 11:25:00+05:30,772.9,773.45,772.3,772.5,36817
2025-04-02 11:30:00+05:30,772.5,772.9,771.8,772.7,27778
2025-04-02 11:35:00+05:30,772.8,773.4,772.05,772.25,28756
2025-04-02 11:40:00+05:30,772.2,772.3,771.0,771.15,67425
2025-04-02 11:45:00+05:30,771.15,772.45,770.5,772.0,78321
2025-04-02 11:50:00+05:30,772.0,772.8,771.15,771.45,121235
2025-04-02 11:55:00+05:30,771.5,772.3,771.25,771.45,52404
2025-04-02 12:00:00+05:30,771.4,772.6,771.35,772.25,52832
2025-04-02 12:05:00+05:30,772.5,773.75,772.2,773.15,33420
2025-04-02 12:10:00+05:30,773.15,774.25,772.8,773.95,76690
2025-04-02 12:15:00+05:30,773.95,776.0,773.7,775.0,153874
2025-04-02 12:20:00+05:30,775.0,775.05,774.15,774.45,35019
2025-04-02 12:25:00+05:30,774.35,774.45,773.05,773.85,51449
2025-04-02 12:30:00+05:30,773.8,774.9,773.55,773.9,37679
2025-04-02 12:35:00+05:30,773.9,774.05,773.1,773.45,25431
2025-04-02 12:40:00+05:30,773.4,774.55,773.2,773.4,43109
2025-04-02 12:45:00+05:30,773.7,774.1,772.7,772.95,27291
2025-04-02 12:50:00+05:30,772.7,773.1,771.2,771.2,77416
2025-04-02 12:55:00+05:30,771.2,771.5,770.5,770.95,97024
2025-04-02 13:00:00+05:30,770.9,772.55,770.8,772.55,40369
2025-04-02 13:05:00+05:30,772.35,772.7,772.0,772.45,40261
2025-04-02 13:10:00+05:30,772.45,773.05,772.1,772.9,32896
2025-04-02 13:15:00+05:30,773.05,773.55,772.35,773.4,67926
2025-04-02 13:20:00+05:30,773.5,774.0,772.4,772.75,102483
2025-04-02 13:25:00+05:30,772.7,773.35,772.25,773.0,28509
2025-04-02 13:30:00+05:30,773.0,773.8,772.8,773.6,45270
2025-04-02 13:35:00+05:30,773.6,774.15,772.65,772.8,31973
2025-04-02 13:40:00+05:30,772.75,772.95,771.85,772.6,55363
2025-04-02 13:45:00+05:30,772.6,772.6,771.5,772.3,55593
2025-04-02 13:50:00+05:30,772.2,772.65,771.85,772.05,44441
2025-04-02 13:55:00+05:30,772.15,773.0,771.85,772.7,81855
2025-04-02 14:00:00+05:30,772.65,773.8,772.5,773.5,35389
2025-04-02 14:05:00+05:30,773.55,774.25,773.1,774.2,48864
2025-04-02 14:10:00+05:30,774.2,774.45,773.15,773.45,61939
2025-04-02 14:15:00+05:30,773.45,774.3,773.15,774.0,55001
2025-04-02 14:20:00+05:30,773.9,773.95,773.25,773.8,40736
2025-04-02 14:25:00+05:30,773.8,774.85,773.65,774.75,50369
2025-04-02 14:30:00+05:30,774.75,775.0,773.95,774.4,79823
2025-04-02 14:35:00+05:30,774.4,775.4,774.1,774.7,84853
2025-04-02 14:40:00+05:30,774.65,775.0,774.3,774.9,52297
2025-04-02 14:45:00+05:30,775.0,775.0,774.1,774.35,61897
2025-04-02 14:50:00+05:30,774.35,774.85,773.85,773.95,60133
2025-04-02 14:55:00+05:30,774.0,774.9,773.8,774.8,103260
2025-04-02 15:00:00+05:30,774.85,777.0,774.45,776.0,203452
2025-04-02 15:05:00+05:30,776.0,776.4,775.5,776.25,112128
2025-04-02 15:10:00+05:30,776.1,776.5,775.6,776.1,132657
2025-04-02 15:15:00+05:30,776.1,776.5,775.55,775.7,191789
2025-04-02 15:20:00+05:30,775.7,776.25,775.55,775.85,221607
2025-04-02 15:25:00+05:30,775.75,776.7,775.4,776.6,159816
2025-04-03 09:15:00+05:30,770.45,774.5,769.95,773.15,399251
2025-04-03 09:20:00+05:30,773.15,774.3,772.0,773.4,242298
2025-04-03 09:25:00+05:30,773.45,774.75,773.05,774.4,107472
2025-04-03 09:30:00+05:30,774.45,775.4,772.9,774.15,171890
2025-04-03 09:35:00+05:30,774.2,775.95,774.15,775.5,172878
2025-04-03 09:40:00+05:30,775.5,778.0,775.0,776.75,123800
2025-04-03 09:45:00+05:30,776.5,776.8,775.4,775.75,80073
2025-04-03 09:50:00+05:30,775.95,776.75,775.6,775.85,38767
2025-04-03 09:55:00+05:30,775.95,775.95,773.35,773.55,94407
2025-04-03 10:00:00+05:30,773.55,774.5,773.05,773.6,89627
2025-04-03 10:05:00+05:30,773.55,776.5,773.55,776.5,53161
2025-04-03 10:10:00+05:30,776.5,777.85,775.7,777.2,75049
2025-04-03 10:15:00+05:30,777.2,777.5,776.25,777.4,61243
2025-04-03 10:20:00+05:30,777.4,779.25,777.2,779.25,145432
2025-04-03 10:25:00+05:30,779.2,779.25,778.0,778.9,56085
2025-04-03 10:30:00+05:30,778.75,779.2,777.5,778.5,106155
2025-04-03 10:35:00+05:30,778.5,779.75,778.0,779.5,101342
2025-04-03 10:40:00+05:30,779.35,779.7,778.35,779.15,76070
2025-04-03 10:45:00+05:30,779.1,779.1,778.05,778.5,37155
2025-04-03 10:50:00+05:30,778.3,779.0,778.0,778.75,43328
2025-04-03 10:55:00+05:30,779.0,779.0,778.25,778.35,35411
2025-04-03 11:00:00+05:30,778.35,778.9,777.8,778.0,29940
2025-04-03 11:05:00+05:30,778.0,779.25,777.35,779.0,135391
2025-04-03 11:10:00+05:30,779.0,779.15,778.5,778.7,44133
2025-04-03 11:15:00+05:30,778.7,778.7,776.75,778.0,206213
2025-04-03 11:20:00+05:30,778.0,778.25,777.5,778.0,141866
2025-04-03 11:25:00+05:30,778.0,778.05,777.35,777.8,39322
2025-04-03 11:30:00+05:30,777.75,777.95,777.55,777.9,23448
2025-04-03 11:35:00+05:30,777.9,778.55,777.8,778.5,107927
2025-04-03 11:40:00+05:30,778.5,780.5,778.4,779.4,207644
2025-04-03 11:45:00+05:30,779.4,779.4,778.0,778.05,51035
2025-04-03 11:50:00+05:30,778.35,778.85,777.5,778.0,77115
2025-04-03 11:55:00+05:30,777.85,778.2,777.35,777.4,58348
2025-04-03 12:00:00+05:30,777.5,778.05,777.4,777.95,36725
2025-04-03 12:05:00+05:30,777.95,778.0,777.5,778.0,28686
2025-04-03 12:10:00+05:30,778.0,778.6,777.8,778.6,38894
2025-04-03 12:15:00+05:30,778.6,779.8,778.35,779.55,63086
2025-04-03 12:20:00+05:30,779.55,779.8,778.5,778.7,52726
2025-04-03 12:25:00+05:30,778.7,779.2,777.85,778.35,37094
2025-04-03 12:30:00+05:30,778.4,779.0,778.15,778.75,43318
2025-04-03 12:35:00+05:30,778.9,779.25,778.7,779.0,63400
2025-04-03 12:40:00+05:30,779.0,779.15,778.1,778.25,61926
2025-04-03 12:45:00+05:30,778.5,778.5,777.0,777.05,62981
2025-04-03 12:50:00+05:30,777.4,777.85,777.1,777.45,40697
2025-04-03 12:55:00+05:30,777.7,778.15,777.55,777.95,60080
2025-04-03 13:00:00+05:30,778.0,778.05,777.4,777.45,40565
2025-04-03 13:05:00+05:30,777.75,777.85,777.0,777.4,52620
2025-04-03 13:10:00+05:30,777.65,777.8,777.1,777.65,25778
2025-04-03 13:15:00+05:30,777.8,778.05,777.0,777.05,41569
2025-04-03 13:20:00+05:30,777.3,777.6,776.25,777.25,89201
2025-04-03 13:25:00+05:30,777.25,777.75,776.3,777.55,71323
2025-04-03 13:30:00+05:30,777.7,779.8,777.3,779.8,115360
2025-04-03 13:35:00+05:30,779.8,782.9,779.1,782.85,486320
2025-04-03 13:40:00+05:30,782.85,784.0,781.2,782.0,224079
2025-04-03 13:45:00+05:30,782.0,784.7,781.95,784.45,178549
2025-04-03 13:50:00+05:30,784.45,784.7,782.8,783.0,99420
2025-04-03 13:55:00+05:30,782.9,783.4,782.2,782.5,86389
2025-04-03 14:00:00+05:30,782.55,783.55,782.35,783.3,118367
2025-04-03 14:05:00+05:30,783.3,784.2,783.2,783.6,140283
2025-04-03 14:10:00+05:30,783.6,783.6,782.0,782.05,89318
2025-04-03 14:15:00+05:30,782.0,783.0,782.0,782.4,52697
2025-04-03 14:20:00+05:30,782.4,782.5,780.85,781.5,86615
2025-04-03 14:25:00+05:30,781.65,781.75,780.35,780.5,93684
2025-04-03 14:30:00+05:30,780.55,780.6,778.35,779.1,106972
2025-04-03 14:35:00+05:30,779.0,781.6,778.1,779.9,221995
2025-04-03 14:40:00+05:30,780.0,780.15,778.8,779.1,99993
2025-04-03 14:45:00+05:30,779.1,779.2,778.1,778.3,56655
2025-04-03 14:50:00+05:30,778.3,779.25,778.1,779.0,53774
2025-04-03 14:55:00+05:30,779.0,779.25,778.35,779.0,52833
2025-04-03 15:00:00+05:30,779.05,779.95,778.8,779.6,178441
2025-04-03 15:05:00+05:30,779.6,779.7,778.3,779.15,177474
2025-04-03 15:10:00+05:30,779.2,779.55,778.6,778.95,161209
2025-04-03 15:15:00+05:30,778.9,779.45,778.65,778.9,195688
2025-04-03 15:20:00+05:30,778.9,779.45,778.5,779.15,215833
2025-04-03 15:25:00+05:30,779.15,781.0,778.95,779.9,260875
2025-04-04 09:15:00+05:30,779.1,782.9,776.0,778.0,461452
2025-04-04 09:20:00+05:30,777.95,778.35,774.2,774.25,277671
2025-04-04 09:25:00+05:30,774.4,777.2,773.0,776.6,157633
2025-04-04 09:30:00+05:30,776.6,778.3,774.6,778.25,156906
2025-04-04 09:35:00+05:30,778.25,778.8,777.0,777.15,131460
2025-04-04 09:40:00+05:30,777.15,777.7,775.85,776.75,103685
2025-04-04 09:45:00+05:30,776.8,777.9,776.0,776.05,108121
2025-04-04 09:50:00+05:30,776.0,776.4,773.95,774.05,150629
2025-04-04 09:55:00+05:30,773.95,776.3,773.9,775.2,69394
2025-04-04 10:00:00+05:30,775.35,776.0,774.05,774.4,90541
2025-04-04 10:05:00+05:30,774.5,775.9,774.25,774.5,75678
2025-04-04 10:10:00+05:30,774.75,775.0,774.05,774.05,58313
2025-04-04 10:15:00+05:30,774.05,776.8,773.25,776.4,88196
2025-04-04 10:20:00+05:30,776.3,776.3,774.1,774.2,65458
2025-04-04 10:25:00+05:30,774.25,775.4,774.0,775.1,56981
2025-04-04 10:30:00+05:30,775.2,776.35,775.05,775.1,42923
2025-04-04 10:35:00+05:30,775.2,777.5,775.0,777.2,78509
2025-04-04 10:40:00+05:30,777.15,778.7,776.5,778.0,107407
2025-04-04 10:45:00+05:30,777.75,778.3,777.3,777.4,66900
2025-04-04 10:50:00+05:30,777.5,779.0,777.4,778.65,71551
2025-04-04 10:55:00+05:30,778.75,779.5,778.0,779.5,76382
2025-04-04 11:00:00+05:30,779.5,779.9,778.9,779.6,82595
2025-04-04 11:05:00+05:30,779.6,779.85,778.1,779.0,90181
2025-04-04 11:10:00+05:30,779.1,779.2,778.0,778.45,44829
2025-04-04 11:15:00+05:30,778.45,779.0,777.8,778.15,47887
2025-04-04 11:20:00+05:30,778.2,778.6,776.8,777.45,60546
2025-04-04 11:25:00+05:30,777.45,779.0,777.2,778.95,39217
2025-04-04 11:30:00+05:30,779.0,781.15,778.95,780.2,143096
2025-04-04 11:35:00+05:30,780.05,780.15,778.0,778.05,64507
2025-04-04 11:40:00+05:30,778.05,778.85,777.65,778.3,61034
2025-04-04 11:45:00+05:30,778.35,778.6,777.5,778.3,46453
2025-04-04 11:50:00+05:30,778.3,778.35,776.5,777.0,78532
2025-04-04 11:55:00+05:30,776.95,778.0,776.55,777.55,48200
2025-04-04 12:00:00+05:30,777.55,780.1,777.25,777.8,425486
2025-04-04 12:05:00+05:30,777.8,779.0,777.1,778.55,51314
2025-04-04 12:10:00+05:30,778.55,779.2,778.3,778.9,32647
2025-04-04 12:15:00+05:30,778.9,779.4,778.25,779.15,54007
2025-04-04 12:20:00+05:30,779.15,779.4,778.1,779.3,55704
2025-04-04 12:25:00+05:30,779.3,779.35,778.45,778.8,37238
2025-04-04 12:30:00+05:30,778.8,778.9,778.3,778.7,32892
2025-04-04 12:35:00+05:30,778.7,778.7,777.0,777.85,75946
2025-04-04 12:40:00+05:30,777.7,778.25,777.3,778.0,33070
2025-04-04 12:45:00+05:30,778.0,778.45,777.45,778.2,34272
2025-04-04 12:50:00+05:30,778.2,778.3,777.35,777.95,29532
2025-04-04 12:55:00+05:30,778.0,778.35,777.2,777.65,37637
2025-04-04 13:00:00+05:30,777.65,778.5,777.3,777.6,125703
2025-04-04 13:05:00+05:30,777.35,778.0,777.25,777.75,32782
2025-04-04 13:10:00+05:30,777.75,777.75,776.0,776.2,64280
2025-04-04 13:15:00+05:30,776.25,777.1,775.7,776.95,61558
2025-04-04 13:20:00+05:30,776.95,777.85,776.65,777.4,26789
2025-04-04 13:25:00+05:30,777.55,777.85,776.9,777.4,33007
2025-04-04 13:30:00+05:30,777.4,777.7,776.8,777.0,21631
2025-04-04 13:35:00+05:30,777.0,777.2,775.25,775.35,59973
2025-04-04 13:40:00+05:30,775.65,775.75,773.25,773.55,134966
2025-04-04 13:45:00+05:30,773.65,773.9,772.1,773.8,106480
2025-04-04 13:50:00+05:30,773.75,774.9,773.2,774.55,52917
2025-04-04 13:55:00+05:30,774.55,775.3,774.0,774.6,44726
2025-04-04 14:00:00+05:30,774.7,775.0,774.0,774.55,43814
2025-04-04 14:05:00+05:30,774.55,774.95,774.05,774.7,36330
2025-04-04 14:10:00+05:30,774.7,776.45,774.25,776.15,60003
2025-04-04 14:15:00+05:30,776.15,776.5,775.75,776.25,45905
2025-04-04 14:20:00+05:30,776.25,776.5,774.05,774.45,59834
2025-04-04 14:25:00+05:30,774.45,774.5,772.5,773.3,68047
2025-04-04 14:30:00+05:30,773.3,773.45,768.05,768.2,229817
2025-04-04 14:35:00+05:30,768.45,769.15,767.3,768.0,195606
2025-04-04 14:40:00+05:30,768.0,768.55,766.8,767.75,210356
2025-04-04 14:45:00+05:30,767.8,768.35,766.3,767.0,217213
2025-04-04 14:50:00+05:30,767.0,768.6,766.8,767.7,203111
2025-04-04 14:55:00+05:30,767.7,767.7,765.0,766.0,246857
2025-04-04 15:00:00+05:30,766.1,768.55,765.1,767.5,272436
2025-04-04 15:05:00+05:30,767.5,769.3,767.4,769.0,228842
2025-04-04 15:10:00+05:30,769.0,769.0,766.95,768.1,364634
2025-04-04 15:15:00+05:30,768.05,768.1,766.65,767.35,299687
2025-04-04 15:20:00+05:30,767.3,767.9,766.6,767.45,288683
2025-04-04 15:25:00+05:30,767.4,769.8,767.05,769.0,130876
2025-04-07 09:15:00+05:30,731.0,753.7,731.0,738.45,865012
2025-04-07 09:20:00+05:30,738.1,745.45,735.6,743.55,484675
2025-04-07 09:25:00+05:30,743.15,747.35,740.2,746.3,724680
2025-04-07 09:30:00+05:30,745.75,752.2,745.65,748.6,463451
2025-04-07 09:35:00+05:30,748.6,748.7,742.95,743.65,306267
2025-04-07 09:40:00+05:30,743.6,744.35,741.45,743.85,318342
2025-04-07 09:45:00+05:30,743.95,746.25,742.1,745.05,107320
2025-04-07 09:50:00+05:30,744.8,746.7,743.0,744.2,249645
2025-04-07 09:55:00+05:30,744.2,744.75,742.1,743.3,246902
2025-04-07 10:00:00+05:30,743.3,745.85,742.45,742.95,163843
2025-04-07 10:05:00+05:30,742.95,743.8,740.8,742.45,163320
2025-04-07 10:10:00+05:30,742.45,742.55,738.3,738.4,186720
2025-04-07 10:15:00+05:30,738.4,738.95,736.25,738.15,311588
2025-04-07 10:20:00+05:30,738.1,740.7,738.1,738.85,165716
2025-04-07 10:25:00+05:30,738.85,741.7,737.95,741.35,167700
2025-04-07 10:30:00+05:30,741.35,741.65,738.35,738.55,116629
2025-04-07 10:35:00+05:30,738.5,740.0,737.4,739.5,101042
2025-04-07 10:40:00+05:30,739.3,742.25,738.6,742.05,280072
2025-04-07 10:45:00+05:30,742.05,746.7,740.6,746.7,192943
2025-04-07 10:50:00+05:30,746.6,748.95,746.35,747.35,187103
2025-04-07 10:55:00+05:30,747.3,747.5,744.8,745.0,86679
2025-04-07 11:00:00+05:30,745.0,747.0,745.0,746.25,65370
2025-04-07 11:05:00+05:30,746.25,747.95,745.85,747.6,79859
2025-04-07 11:10:00+05:30,747.55,748.25,746.0,746.5,65262
2025-04-07 11:15:00+05:30,746.5,747.6,746.0,746.55,57271
2025-04-07 11:20:00+05:30,746.6,746.65,744.0,744.5,45244
2025-04-07 11:25:00+05:30,744.5,745.85,744.2,745.35,41772
2025-04-07 11:30:00+05:30,745.7,746.2,744.5,746.0,40984
2025-04-07 11:35:00+05:30,746.0,747.8,744.8,744.9,53943
2025-04-07 11:40:00+05:30,744.9,745.3,742.75,743.6,57670
2025-04-07 11:45:00+05:30,743.65,744.4,743.05,744.4,29862
2025-04-07 11:50:00+05:30,744.3,744.3,741.4,741.65,85191
2025-04-07 11:55:00+05:30,741.65,741.75,740.0,740.5,93228
2025-04-07 12:00:00+05:30,740.45,740.95,739.3,739.3,58008
2025-04-07 12:05:00+05:30,739.3,739.8,736.6,737.2,95819
2025-04-07 12:10:00+05:30,737.4,738.0,735.0,735.45,151837
2025-04-07 12:15:00+05:30,735.3,736.0,732.7,733.3,194144
2025-04-07 12:20:00+05:30,733.35,735.65,733.1,733.1,89517
2025-04-07 12:25:00+05:30,733.05,734.45,732.25,732.95,120952
2025-04-07 12:30:00+05:30,732.95,734.0,731.1,732.0,159888
2025-04-07 12:35:00+05:30,731.95,734.25,731.55,733.7,137664
2025-04-07 12:40:00+05:30,733.65,737.65,733.0,737.4,137126
2025-04-07 12:45:00+05:30,737.6,741.8,737.4,740.5,215618
2025-04-07 12:50:00+05:30,740.4,740.6,737.5,737.8,135044
2025-04-07 12:55:00+05:30,737.55,738.35,736.0,736.0,102984
2025-04-07 13:00:00+05:30,736.3,736.9,735.1,735.45,84906
2025-04-07 13:05:00+05:30,735.45,737.8,735.1,737.8,83478
2025-04-07 13:10:00+05:30,737.55,739.65,736.3,739.25,410105
2025-04-07 13:15:00+05:30,739.25,739.75,737.05,738.1,93948
2025-04-07 13:20:00+05:30,738.0,741.0,737.05,740.6,80749
2025-04-07 13:25:00+05:30,740.6,742.9,740.0,742.0,152699
2025-04-07 13:30:00+05:30,741.8,745.4,741.4,744.95,161895
2025-04-07 13:35:00+05:30,744.75,746.95,743.45,744.15,131361
2025-04-07 13:40:00+05:30,744.15,745.0,743.0,744.55,80282
2025-04-07 13:45:00+05:30,744.25,747.6,744.15,744.4,98741
2025-04-07 13:50:00+05:30,744.55,745.5,744.15,744.95,61607
2025-04-07 13:55:00+05:30,744.95,745.2,743.0,743.25,101041
2025-04-07 14:00:00+05:30,743.2,744.3,741.6,744.3,88877
2025-04-07 14:05:00+05:30,744.2,746.45,743.95,745.4,82304
2025-04-07 14:10:00+05:30,745.25,745.8,743.5,745.0,64142
2025-04-07 14:15:00+05:30,744.8,745.4,743.1,744.45,89781
2025-04-07 14:20:00+05:30,744.45,744.6,742.3,742.5,181031
2025-04-07 14:25:00+05:30,742.6,743.85,741.8,742.2,99330
2025-04-07 14:30:00+05:30,742.15,744.9,741.6,742.8,354683
2025-04-07 14:35:00+05:30,742.8,743.35,741.5,742.0,119252
2025-04-07 14:40:00+05:30,741.95,742.55,739.3,739.45,765488
2025-04-07 14:45:00+05:30,739.5,740.5,737.9,739.85,615883
2025-04-07 14:50:00+05:30,739.75,741.65,739.15,740.1,283759
2025-04-07 14:55:00+05:30,740.1,742.85,740.0,741.9,272103
2025-04-07 15:00:00+05:30,741.9,747.75,741.9,746.35,300108
2025-04-07 15:05:00+05:30,746.4,747.9,745.3,747.75,477235
2025-04-07 15:10:00+05:30,747.65,749.0,746.05,747.6,290314
2025-04-07 15:15:00+05:30,747.6,747.95,745.6,747.25,246441
2025-04-07 15:20:00+05:30,747.25,748.75,745.85,748.55,282074
2025-04-07 15:25:00+05:30,748.35,750.0,748.1,749.0,414239
2025-04-08 09:15:00+05:30,759.95,767.6,758.15,764.9,532713
2025-04-08 09:20:00+05:30,764.95,768.6,764.55,768.5,250531
2025-04-08 09:25:00+05:30,768.6,771.8,767.45,770.8,213282
2025-04-08 09:30:00+05:30,770.7,772.4,768.8,769.25,226326
2025-04-08 09:35:00+05:30,769.25,770.8,768.05,770.45,174960
2025-04-08 09:40:00+05:30,770.45,770.9,768.3,769.65,165607
2025-04-08 09:45:00+05:30,769.55,771.55,768.65,769.1,209206
2025-04-08 09:50:00+05:30,769.0,769.3,767.1,767.85,130114
2025-04-08 09:55:00+05:30,767.75,767.75,765.25,766.25,155148
2025-04-08 10:00:00+05:30,766.2,766.6,764.0,764.0,166945
2025-04-08 10:05:00+05:30,764.0,764.4,762.25,763.0,177669
2025-04-08 10:10:00+05:30,763.0,765.5,762.5,764.15,122386
2025-04-08 10:15:00+05:30,764.1,765.2,761.65,763.0,116956
2025-04-08 10:20:00+05:30,763.0,765.2,762.45,764.95,210979
2025-04-08 10:25:00+05:30,764.8,766.35,764.25,766.35,156645
2025-04-08 10:30:00+05:30,766.35,766.65,762.65,763.1,241288
2025-04-08 10:35:00+05:30,763.0,763.15,760.2,761.4,396498
2025-04-08 10:40:00+05:30,761.25,761.9,759.7,761.05,276843
2025-04-08 10:45:00+05:30,761.1,761.7,759.7,760.45,144012
2025-04-08 10:50:00+05:30,760.45,763.95,760.45,763.85,207529
2025-04-08 10:55:00+05:30,763.9,765.0,762.85,763.15,228121
2025-04-08 11:00:00+05:30,763.4,767.5,763.1,765.3,141326
2025-04-08 11:05:00+05:30,765.15,768.95,765.0,768.6,146525
2025-04-08 11:10:00+05:30,768.7,768.95,767.0,767.1,94145
2025-04-08 11:15:00+05:30,767.0,767.75,765.15,765.4,90209
2025-04-08 11:20:00+05:30,765.4,766.5,764.7,765.8,76359
2025-04-08 11:25:00+05:30,765.8,766.0,763.25,765.2,85233
2025-04-08 11:30:00+05:30,765.35,765.45,763.2,764.25,96212
2025-04-08 11:35:00+05:30,764.2,766.8,763.5,766.15,68662
2025-04-08 11:40:00+05:30,766.05,766.1,763.3,763.35,75375
2025-04-08 11:45:00+05:30,763.45,765.5,763.45,764.65,61273
2025-04-08 11:50:00+05:30,764.5,765.15,763.2,764.3,45896
2025-04-08 11:55:00+05:30,764.3,764.75,763.1,763.85,59117
2025-04-08 12:00:00+05:30,764.0,765.55,763.6,764.6,63285
2025-04-08 12:05:00+05:30,764.65,765.55,764.05,765.25,91454
2025-04-08 12:10:00+05:30,765.25,768.5,765.25,768.5,140415
2025-04-08 12:15:00+05:30,768.55,768.85,766.95,767.3,71877
2025-04-08 12:20:00+05:30,767.35,768.8,767.25,768.7,93939
2025-04-08 12:25:00+05:30,768.75,769.75,768.05,768.95,141265
2025-04-08 12:30:00+05:30,768.95,771.0,768.25,770.9,191712
2025-04-08 12:35:00+05:30,771.0,772.35,769.6,770.45,173335
2025-04-08 12:40:00+05:30,770.5,772.95,769.85,772.85,152837
2025-04-08 12:45:00+05:30,772.9,773.9,772.6,773.1,164311
2025-04-08 12:50:00+05:30,773.1,774.0,773.0,773.5,116041
2025-04-08 12:55:00+05:30,773.35,773.65,772.35,773.0,92427
2025-04-08 13:00:00+05:30,773.05,773.1,771.0,771.85,98720
2025-04-08 13:05:00+05:30,771.8,772.0,771.0,771.6,93619
2025-04-08 13:10:00+05:30,771.55,773.5,771.5,773.15,111442
2025-04-08 13:15:00+05:30,773.3,773.5,771.75,772.2,91567
2025-04-08 13:20:00+05:30,772.2,773.0,771.3,772.7,79574
2025-04-08 13:25:00+05:30,772.75,773.8,772.3,773.7,116637
2025-04-08 13:30:00+05:30,773.7,774.0,772.75,772.9,81340
2025-04-08 13:35:00+05:30,772.9,773.0,769.5,769.9,157612
2025-04-08 13:40:00+05:30,769.9,771.6,769.05,770.15,141241
2025-04-08 13:45:00+05:30,770.1,770.65,767.9,768.25,123950
2025-04-08 13:50:00+05:30,768.25,769.0,765.5,765.85,286908
2025-04-08 13:55:00+05:30,765.85,768.5,765.2,768.4,150724
2025-04-08 14:00:00+05:30,768.5,770.7,767.85,768.25,142478
2025-04-08 14:05:00+05:30,768.15,769.8,766.6,769.1,128283
2025-04-08 14:10:00+05:30,769.1,769.85,768.4,769.05,119084
2025-04-08 14:15:00+05:30,769.05,770.5,769.05,770.05,158299
2025-04-08 14:20:00+05:30,770.05,770.5,769.4,770.45,153221
2025-04-08 14:25:00+05:30,770.45,771.5,770.0,770.8,129549
2025-04-08 14:30:00+05:30,770.8,770.95,768.4,769.75,205730
2025-04-08 14:35:00+05:30,769.8,769.95,767.5,768.2,183241
2025-04-08 14:40:00+05:30,768.1,769.1,767.65,768.55,131846
2025-04-08 14:45:00+05:30,768.55,769.3,766.95,767.5,218412
2025-04-08 14:50:00+05:30,767.5,767.9,766.2,767.65,221883
2025-04-08 14:55:00+05:30,767.7,769.1,767.05,768.25,249000
2025-04-08 15:00:00+05:30,768.2,769.0,767.65,767.65,404128
2025-04-08 15:05:00+05:30,767.75,769.0,767.2,768.95,364541
2025-04-08 15:10:00+05:30,768.95,769.85,768.1,768.5,431582
2025-04-08 15:15:00+05:30,768.55,768.65,767.7,768.5,356346
2025-04-08 15:20:00+05:30,768.45,769.4,768.35,769.0,329854
2025-04-08 15:25:00+05:30,769.0,770.0,768.8,770.0,223900
2025-04-09 09:15:00+05:30,766.6,767.95,762.0,765.35,346444
2025-04-09 09:20:00+05:30,765.3,767.7,765.05,766.35,115815
2025-04-09 09:25:00+05:30,766.2,766.4,762.5,763.0,131883
2025-04-09 09:30:00+05:30,762.95,763.5,761.45,762.45,143499
2025-04-09 09:35:00+05:30,762.6,762.95,760.35,760.8,99275
2025-04-09 09:40:00+05:30,760.75,764.3,759.7,763.8,152763
2025-04-09 09:45:00+05:30,763.6,764.0,760.75,760.75,93135
2025-04-09 09:50:00+05:30,760.75,762.0,760.4,761.05,74394
2025-04-09 09:55:00+05:30,761.05,761.4,759.8,759.8,86414
2025-04-09 10:00:00+05:30,759.9,762.7,759.7,762.6,93548
2025-04-09 10:05:00+05:30,762.55,763.9,761.1,762.3,134156
2025-04-09 10:10:00+05:30,762.0,762.3,756.75,757.0,223196
2025-04-09 10:15:00+05:30,757.0,760.5,756.5,760.15,121128
2025-04-09 10:20:00+05:30,760.0,760.15,758.45,759.45,59707
2025-04-09 10:25:00+05:30,759.45,759.7,758.25,758.5,32256
2025-04-09 10:30:00+05:30,758.5,758.55,757.0,757.15,61968
2025-04-09 10:35:00+05:30,757.5,757.5,755.45,756.35,116381
2025-04-09 10:40:00+05:30,756.35,757.35,755.0,756.2,100767
2025-04-09 10:45:00+05:30,756.2,756.6,755.05,756.45,57902
2025-04-09 10:50:00+05:30,756.55,757.5,756.0,756.35,119596
2025-04-09 10:55:00+05:30,756.5,756.9,755.5,755.75,98739
2025-04-09 11:00:00+05:30,755.6,755.65,752.9,753.25,192345
2025-04-09 11:05:00+05:30,753.25,753.5,751.0,751.75,195753
2025-04-09 11:10:00+05:30,751.65,751.9,750.0,750.95,162140
2025-04-09 11:15:00+05:30,751.2,752.9,750.2,752.65,108319
2025-04-09 11:20:00+05:30,752.65,753.0,751.95,752.5,53615
2025-04-09 11:25:00+05:30,752.5,754.55,752.0,754.5,84891
2025-04-09 11:30:00+05:30,754.5,754.85,753.5,754.4,139689
2025-04-09 11:35:00+05:30,754.4,754.4,752.45,753.55,153204
2025-04-09 11:40:00+05:30,753.55,754.4,752.6,754.4,123651
2025-04-09 11:45:00+05:30,754.2,755.0,753.25,753.65,117949
2025-04-09 11:50:00+05:30,753.6,753.65,752.1,752.85,65951
2025-04-09 11:55:00+05:30,752.85,753.0,752.3,752.85,102473
2025-04-09 12:00:00+05:30,752.85,753.7,752.0,753.45,63485
2025-04-09 12:05:00+05:30,753.45,754.55,753.2,753.5,95604
2025-04-09 12:10:00+05:30,753.5,753.55,752.75,753.45,69764
2025-04-09 12:15:00+05:30,753.4,753.5,752.5,752.7,54274
2025-04-09 12:20:00+05:30,752.65,754.05,752.15,753.75,291268
2025-04-09 12:25:00+05:30,753.75,756.5,753.75,755.45,232039
2025-04-09 12:30:00+05:30,755.4,757.0,754.9,756.4,199109
2025-04-09 12:35:00+05:30,756.15,756.5,754.7,755.35,178948
2025-04-09 12:40:00+05:30,755.1,755.95,754.0,755.35,150935
2025-04-09 12:45:00+05:30,755.35,756.0,754.25,754.6,246366
2025-04-09 12:50:00+05:30,754.55,754.55,751.55,753.5,189521
2025-04-09 12:55:00+05:30,753.5,754.0,752.6,752.8,109652
2025-04-09 13:00:00+05:30,752.8,753.4,751.65,752.95,163470
2025-04-09 13:05:00+05:30,752.95,753.55,752.05,753.5,150381
2025-04-09 13:10:00+05:30,753.35,753.9,752.25,752.65,93948
2025-04-09 13:15:00+05:30,752.65,752.95,750.25,750.75,202888
2025-04-09 13:20:00+05:30,750.65,751.05,747.55,747.85,388364
2025-04-09 13:25:00+05:30,747.85,749.85,747.8,748.85,154029
2025-04-09 13:30:00+05:30,748.85,749.8,747.25,747.45,154867
2025-04-09 13:35:00+05:30,747.45,748.0,746.7,746.8,163589
2025-04-09 13:40:00+05:30,746.65,747.35,746.15,746.95,180875
2025-04-09 13:45:00+05:30,746.9,748.0,746.7,747.9,118952
2025-04-09 13:50:00+05:30,747.85,747.85,745.85,746.3,144525
2025-04-09 13:55:00+05:30,746.3,746.75,745.05,745.45,126313
2025-04-09 14:00:00+05:30,745.45,745.65,744.75,745.05,146085
2025-04-09 14:05:00+05:30,745.0,746.3,744.95,745.55,82402
2025-04-09 14:10:00+05:30,745.55,746.25,745.2,745.5,87506
2025-04-09 14:15:00+05:30,745.5,745.9,744.85,745.7,73211
2025-04-09 14:20:00+05:30,745.7,746.3,744.1,745.8,153327
2025-04-09 14:25:00+05:30,745.8,746.15,744.0,744.05,112004
2025-04-09 14:30:00+05:30,744.0,744.45,743.0,743.85,171433
2025-04-09 14:35:00+05:30,743.85,744.0,743.1,743.35,106481
2025-04-09 14:40:00+05:30,743.35,744.25,742.8,743.15,205650
2025-04-09 14:45:00+05:30,743.15,743.35,742.55,742.85,135681
2025-04-09 14:50:00+05:30,742.85,743.55,742.35,742.8,172693
2025-04-09 14:55:00+05:30,742.7,743.9,742.3,743.65,238808
2025-04-09 15:00:00+05:30,743.6,744.0,742.5,742.55,230969
2025-04-09 15:05:00+05:30,742.55,742.8,741.55,742.65,251370
2025-04-09 15:10:00+05:30,742.65,743.25,742.0,742.1,311388
2025-04-09 15:15:00+05:30,742.1,743.0,741.6,741.9,411418
2025-04-09 15:20:00+05:30,741.9,741.95,741.0,741.65,296737
2025-04-09 15:25:00+05:30,741.55,742.5,741.25,742.45,201079
2025-04-11 09:15:00+05:30,758.1,759.7,749.7,750.55,632426
2025-04-11 09:20:00+05:30,750.2,751.8,748.45,751.8,562161
2025-04-11 09:25:00+05:30,751.8,752.5,749.75,751.2,209548
2025-04-11 09:30:00+05:30,751.1,751.75,749.35,750.3,139363
2025-04-11 09:35:00+05:30,750.25,752.5,750.15,751.85,103452
2025-04-11 09:40:00+05:30,751.85,752.2,751.05,751.85,81398
2025-04-11 09:45:00+05:30,752.0,752.2,750.8,751.95,82692
2025-04-11 09:50:00+05:30,751.95,752.0,750.25,751.15,107266
2025-04-11 09:55:00+05:30,751.3,751.8,749.45,749.6,156069
2025-04-11 10:00:00+05:30,749.6,750.95,749.55,750.4,54993
2025-04-11 10:05:00+05:30,750.4,750.75,750.0,750.2,58047
2025-04-11 10:10:00+05:30,750.15,751.65,749.8,751.25,86972
2025-04-11 10:15:00+05:30,751.25,752.0,750.25,750.4,78350
2025-04-11 10:20:00+05:30,750.4,750.6,748.2,748.65,133378
2025-04-11 10:25:00+05:30,748.75,749.45,748.5,749.1,47619
2025-04-11 10:30:00+05:30,749.15,749.75,748.5,748.7,69150
2025-04-11 10:35:00+05:30,748.7,748.7,746.2,747.05,160822
2025-04-11 10:40:00+05:30,747.05,748.0,746.0,748.0,172064
2025-04-11 10:45:00+05:30,747.95,748.5,747.3,748.3,99703
2025-04-11 10:50:00+05:30,748.25,749.75,748.25,749.55,97583
2025-04-11 10:55:00+05:30,749.5,750.8,749.5,750.4,117939
2025-04-11 11:00:00+05:30,750.45,752.0,749.3,750.8,386791
2025-04-11 11:05:00+05:30,750.75,751.7,749.55,749.65,137375
2025-04-11 11:10:00+05:30,749.9,750.95,749.05,750.85,67368
2025-04-11 11:15:00+05:30,750.9,751.85,750.1,750.45,56444
2025-04-11 11:20:00+05:30,750.35,753.0,750.35,752.65,166637
2025-04-11 11:25:00+05:30,752.6,753.0,751.65,752.05,78028
2025-04-11 11:30:00+05:30,752.35,753.0,752.1,752.65,86939
2025-04-11 11:35:00+05:30,752.65,753.7,752.3,752.5,119089
2025-04-11 11:40:00+05:30,752.35,752.8,751.35,751.7,77681
2025-04-11 11:45:00+05:30,751.6,751.9,750.85,751.35,55901
2025-04-11 11:50:00+05:30,751.25,751.7,750.85,751.0,48710
2025-04-11 11:55:00+05:30,751.1,751.45,750.8,751.1,32221
2025-04-11 12:00:00+05:30,751.1,753.65,750.9,753.2,184776
2025-04-11 12:05:00+05:30,753.2,753.5,753.0,753.15,72183
2025-04-11 12:10:00+05:30,753.15,754.55,753.05,754.1,211273
2025-04-11 12:15:00+05:30,754.35,755.65,754.0,754.6,170095
2025-04-11 12:20:00+05:30,754.65,755.05,753.85,754.95,147844
2025-04-11 12:25:00+05:30,754.95,755.4,754.5,754.9,101434
2025-04-11 12:30:00+05:30,754.9,755.1,754.3,754.4,131315
2025-04-11 12:35:00+05:30,754.45,754.45,753.4,753.75,95129
2025-04-11 12:40:00+05:30,753.7,754.7,753.5,754.2,45383
2025-04-11 12:45:00+05:30,754.55,755.0,754.1,754.7,55482
2025-04-11 12:50:00+05:30,754.95,755.3,754.25,755.2,62632
2025-04-11 12:55:00+05:30,755.15,755.7,754.85,755.0,70248
2025-04-11 13:00:00+05:30,755.15,755.4,754.6,755.3,110945
2025-04-11 13:05:00+05:30,755.4,755.65,755.0,755.4,45313
2025-04-11 13:10:00+05:30,755.35,755.65,755.0,755.3,42969
2025-04-11 13:15:00+05:30,755.3,755.6,754.5,755.2,57343
2025-04-11 13:20:00+05:30,755.2,755.2,754.5,754.65,48145
2025-04-11 13:25:00+05:30,754.6,755.25,754.5,754.9,152592
2025-04-11 13:30:00+05:30,755.0,755.0,753.6,754.1,218416
2025-04-11 13:35:00+05:30,754.25,755.25,754.0,755.15,68811
2025-04-11 13:40:00+05:30,755.25,755.6,755.0,755.6,72640
2025-04-11 13:45:00+05:30,755.6,757.35,755.5,756.5,160256
2025-04-11 13:50:00+05:30,756.45,756.5,754.15,754.3,135247
2025-04-11 13:55:00+05:30,754.45,754.95,754.0,754.8,54948
2025-04-11 14:00:00+05:30,754.9,754.9,752.55,752.6,101880
2025-04-11 14:05:00+05:30,752.65,753.6,752.0,753.3,105888
2025-04-11 14:10:00+05:30,753.35,753.35,751.5,752.3,73757
2025-04-11 14:15:00+05:30,752.45,753.0,751.85,751.95,70932
2025-04-11 14:20:00+05:30,752.05,752.35,751.0,751.95,73447
2025-04-11 14:25:00+05:30,752.0,752.9,751.3,751.75,67550
2025-04-11 14:30:00+05:30,751.85,752.95,751.75,752.65,63850
2025-04-11 14:35:00+05:30,752.85,753.15,752.15,752.7,76488
2025-04-11 14:40:00+05:30,752.75,753.3,752.05,753.05,65317
2025-04-11 14:45:00+05:30,753.25,754.6,753.15,754.6,106405
2025-04-11 14:50:00+05:30,754.6,754.9,753.9,754.45,69613
2025-04-11 14:55:00+05:30,754.45,754.9,754.0,754.4,58471
2025-04-11 15:00:00+05:30,754.4,754.7,753.15,753.5,168217
2025-04-11 15:05:00+05:30,753.5,754.5,753.15,754.5,193024
2025-04-11 15:10:00+05:30,754.5,754.5,753.8,754.25,196960
2025-04-11 15:15:00+05:30,754.3,754.65,753.75,753.9,247235
2025-04-11 15:20:00+05:30,753.9,753.9,753.05,753.6,204188
2025-04-11 15:25:00+05:30,753.6,754.0,753.2,753.85,148377
2025-04-15 09:15:00+05:30,769.7,769.7,757.1,765.35,476452
2025-04-15 09:20:00+05:30,765.15,766.4,764.65,765.8,158265
2025-04-15 09:25:00+05:30,765.85,767.15,763.5,766.5,238259
2025-04-15 09:30:00+05:30,766.65,768.0,765.0,765.1,147288
2025-04-15 09:35:00+05:30,765.0,766.75,765.0,766.0,74526
2025-04-15 09:40:00+05:30,765.95,768.65,765.7,767.5,162193
2025-04-15 09:45:00+05:30,767.65,768.35,767.15,767.3,81256
2025-04-15 09:50:00+05:30,767.55,769.3,767.55,769.1,101316
2025-04-15 09:55:00+05:30,768.85,769.95,767.6,768.2,120225
2025-04-15 10:00:00+05:30,768.45,768.45,767.1,767.35,52363
2025-04-15 10:05:00+05:30,767.15,770.7,767.1,770.4,170254
2025-04-15 10:10:00+05:30,770.15,770.55,768.85,769.6,73503
2025-04-15 10:15:00+05:30,769.4,769.9,768.55,768.85,69119
2025-04-15 10:20:00+05:30,768.9,770.2,768.55,769.1,67789
2025-04-15 10:25:00+05:30,769.1,769.45,768.3,768.45,63600
2025-04-15 10:30:00+05:30,768.55,769.45,768.15,768.35,51723
2025-04-15 10:35:00+05:30,768.45,768.45,767.7,767.8,30909
2025-04-15 10:40:00+05:30,767.85,768.5,767.5,768.35,47298
2025-04-15 10:45:00+05:30,768.35,768.45,767.1,767.5,41457
2025-04-15 10:50:00+05:30,767.55,767.95,767.2,767.8,29157
2025-04-15 10:55:00+05:30,767.55,768.2,767.5,767.65,29184
2025-04-15 11:00:00+05:30,767.65,768.0,767.6,767.85,23441
2025-04-15 11:05:00+05:30,767.8,767.9,767.25,767.25,30290
2025-04-15 11:10:00+05:30,767.3,767.3,766.5,766.9,56023
2025-04-15 11:15:00+05:30,766.75,767.5,766.7,767.0,37043
2025-04-15 11:20:00+05:30,767.0,767.0,766.1,767.0,67539
2025-04-15 11:25:00+05:30,766.95,767.65,766.85,767.5,38776
2025-04-15 11:30:00+05:30,767.35,767.7,766.5,766.55,41405
2025-04-15 11:35:00+05:30,766.55,767.95,766.5,767.9,36888
2025-04-15 11:40:00+05:30,767.85,769.25,767.75,768.75,93120
2025-04-15 11:45:00+05:30,768.9,769.05,767.8,768.0,44687
2025-04-15 11:50:00+05:30,768.0,768.3,767.5,767.85,46163
2025-04-15 11:55:00+05:30,767.9,768.6,767.85,768.2,38642
2025-04-15 12:00:00+05:30,768.35,768.5,767.0,767.25,27589
2025-04-15 12:05:00+05:30,767.15,767.5,766.6,767.5,38857
2025-04-15 12:10:00+05:30,767.5,767.8,767.1,767.45,22945
2025-04-15 12:15:00+05:30,767.6,768.05,767.2,767.55,30034
2025-04-15 12:20:00+05:30,767.55,767.7,767.1,767.2,35292
2025-04-15 12:25:00+05:30,767.25,767.7,767.0,767.3,47960
2025-04-15 12:30:00+05:30,767.4,767.9,767.0,767.3,55085
2025-04-15 12:35:00+05:30,767.3,767.55,766.6,766.95,56835
2025-04-15 12:40:00+05:30,766.95,767.0,765.8,766.0,155428
2025-04-15 12:45:00+05:30,766.0,766.0,765.5,765.75,54075
2025-04-15 12:50:00+05:30,765.85,765.95,765.0,765.25,90464
2025-04-15 12:55:00+05:30,765.25,765.65,764.9,765.05,141276
2025-04-15 13:00:00+05:30,765.25,765.35,765.0,765.25,36807
2025-04-15 13:05:00+05:30,765.25,765.65,765.05,765.25,45773
2025-04-15 13:10:00+05:30,765.25,765.35,764.3,764.75,69432
2025-04-15 13:15:00+05:30,764.8,765.4,764.7,765.0,44800
2025-04-15 13:20:00+05:30,765.0,765.45,764.8,764.95,60124
2025-04-15 13:25:00+05:30,764.95,766.0,764.95,765.75,69133
2025-04-15 13:30:00+05:30,765.8,766.0,765.1,765.5,45353
2025-04-15 13:35:00+05:30,765.55,765.75,764.5,764.9,79280
2025-04-15 13:40:00+05:30,765.0,765.85,764.8,765.35,151474
2025-04-15 13:45:00+05:30,765.4,765.9,764.5,764.65,145914
2025-04-15 13:50:00+05:30,764.65,765.0,764.5,764.85,43837
2025-04-15 13:55:00+05:30,764.85,765.0,764.75,764.95,36400
2025-04-15 14:00:00+05:30,764.85,765.0,764.65,765.0,51737
2025-04-15 14:05:00+05:30,764.95,765.95,764.5,765.2,145893
2025-04-15 14:10:00+05:30,765.2,765.65,764.65,765.15,84077
2025-04-15 14:15:00+05:30,765.2,765.35,764.55,765.05,73996
2025-04-15 14:20:00+05:30,765.05,765.3,764.3,764.85,85461
2025-04-15 14:25:00+05:30,764.9,765.35,764.7,765.1,61517
2025-04-15 14:30:00+05:30,765.15,765.2,764.3,764.4,81357
2025-04-15 14:35:00+05:30,764.75,764.9,764.25,764.45,100351
2025-04-15 14:40:00+05:30,764.45,765.0,763.85,763.9,306567
2025-04-15 14:45:00+05:30,764.0,764.35,763.85,764.15,100528
2025-04-15 14:50:00+05:30,764.15,764.35,764.0,764.3,110115
2025-04-15 14:55:00+05:30,764.3,764.75,764.0,764.3,145587
2025-04-15 15:00:00+05:30,764.4,764.45,762.6,763.6,279236
2025-04-15 15:05:00+05:30,763.5,763.75,762.4,762.95,261183
2025-04-15 15:10:00+05:30,762.95,763.65,762.75,763.65,343227
2025-04-15 15:15:00+05:30,763.65,764.0,762.6,763.0,356190
2025-04-15 15:20:00+05:30,763.0,764.0,762.8,763.5,353448
2025-04-15 15:25:00+05:30,763.45,765.1,763.2,764.5,373019
2025-04-16 09:15:00+05:30,763.55,765.7,760.5,764.2,314168
2025-04-16 09:20:00+05:30,764.1,766.3,764.0,765.7,163351
2025-04-16 09:25:00+05:30,765.9,768.6,765.0,768.35,179549
2025-04-16 09:30:00+05:30,768.35,769.0,767.6,768.25,201001
2025-04-16 09:35:00+05:30,768.25,769.45,767.0,768.95,209116
2025-04-16 09:40:00+05:30,768.9,769.25,768.05,769.25,116705
2025-04-16 09:45:00+05:30,769.25,769.25,767.55,767.7,91475
2025-04-16 09:50:00+05:30,767.7,769.85,767.25,767.8,222725
2025-04-16 09:55:00+05:30,767.75,767.85,767.2,767.5,68898
2025-04-16 10:00:00+05:30,767.45,768.6,767.2,768.35,40819
2025-04-16 10:05:00+05:30,768.35,768.5,767.25,767.85,78375
2025-04-16 10:10:00+05:30,767.8,770.65,767.2,770.4,304219
2025-04-16 10:15:00+05:30,770.25,771.0,767.5,767.95,180030
2025-04-16 10:20:00+05:30,767.85,767.95,766.15,766.5,144600
2025-04-16 10:25:00+05:30,766.5,769.4,766.4,768.25,133559
2025-04-16 10:30:00+05:30,768.25,769.75,767.45,767.85,152125
2025-04-16 10:35:00+05:30,767.65,768.1,765.55,765.6,191809
2025-04-16 10:40:00+05:30,766.05,766.5,765.8,765.95,94417
2025-04-16 10:45:00+05:30,765.95,766.65,765.5,766.0,65663
2025-04-16 10:50:00+05:30,766.1,766.5,765.9,766.0,54868
2025-04-16 10:55:00+05:30,766.1,766.1,764.25,764.3,195279
2025-04-16 11:00:00+05:30,764.25,764.45,762.1,763.3,265371
2025-04-16 11:05:00+05:30,763.05,764.85,762.4,764.5,135067
2025-04-16 11:10:00+05:30,764.7,765.0,764.15,765.0,136712
2025-04-16 11:15:00+05:30,765.0,765.6,764.5,764.95,118866
2025-04-16 11:20:00+05:30,765.0,765.35,764.5,765.0,59534
2025-04-16 11:25:00+05:30,764.95,765.1,764.15,764.35,67373
2025-04-16 11:30:00+05:30,764.4,765.5,764.15,765.45,66235
2025-04-16 11:35:00+05:30,765.5,765.6,764.45,764.75,67034
2025-04-16 11:40:00+05:30,764.75,765.25,764.3,764.9,77827
2025-04-16 11:45:00+05:30,764.95,766.0,764.2,765.95,170679
2025-04-16 11:50:00+05:30,766.0,766.2,765.15,765.75,61180
2025-04-16 11:55:00+05:30,765.75,766.5,765.5,765.75,73855
2025-04-16 12:00:00+05:30,765.75,767.5,765.65,767.45,106946
2025-04-16 12:05:00+05:30,767.45,767.5,766.65,767.3,62000
2025-04-16 12:10:00+05:30,767.3,768.0,767.25,767.8,70489
2025-04-16 12:15:00+05:30,767.85,768.0,766.95,767.1,195508
2025-04-16 12:20:00+05:30,767.3,767.95,767.0,767.7,52707
2025-04-16 12:25:00+05:30,767.7,767.85,767.15,767.65,53556
2025-04-16 12:30:00+05:30,767.65,768.0,767.05,768.0,75386
2025-04-16 12:35:00+05:30,768.0,768.9,767.05,767.2,269446
2025-04-16 12:40:00+05:30,767.2,768.95,767.1,768.95,127884
2025-04-16 12:45:00+05:30,768.9,768.95,767.45,768.35,81922
2025-04-16 12:50:00+05:30,768.35,769.35,768.05,769.1,132849
2025-04-16 12:55:00+05:30,769.1,769.3,768.55,768.95,88016
2025-04-16 13:00:00+05:30,768.95,769.2,767.7,768.3,227498
2025-04-16 13:05:00+05:30,768.3,768.3,767.1,767.25,62645
2025-04-16 13:10:00+05:30,767.25,768.0,767.1,768.0,92436
2025-04-16 13:15:00+05:30,767.85,768.0,766.65,767.05,104946
2025-04-16 13:20:00+05:30,767.05,767.5,766.75,767.0,109182
2025-04-16 13:25:00+05:30,766.95,767.15,765.9,766.0,110967
2025-04-16 13:30:00+05:30,766.0,766.85,765.2,766.15,219954
2025-04-16 13:35:00+05:30,766.15,767.55,766.0,767.5,122304
2025-04-16 13:40:00+05:30,767.5,768.0,767.15,767.95,107054
2025-04-16 13:45:00+05:30,767.9,768.0,767.4,768.0,96228
2025-04-16 13:50:00+05:30,768.0,769.2,767.95,769.2,100872
2025-04-16 13:55:00+05:30,769.15,772.0,769.1,771.55,519017
2025-04-16 14:00:00+05:30,771.9,774.0,771.85,773.05,968979
2025-04-16 14:05:00+05:30,773.05,773.7,772.85,773.15,241574
2025-04-16 14:10:00+05:30,773.15,774.75,773.1,774.0,413118
2025-04-16 14:15:00+05:30,774.0,774.5,773.3,774.25,215183
2025-04-16 14:20:00+05:30,774.25,774.45,773.3,773.7,191816
2025-04-16 14:25:00+05:30,773.65,774.2,773.05,773.15,129865
2025-04-16 14:30:00+05:30,773.15,773.3,771.75,771.8,197694
2025-04-16 14:35:00+05:30,771.85,772.3,771.15,771.6,142844
2025-04-16 14:40:00+05:30,771.55,771.85,771.25,771.35,119397
2025-04-16 14:45:00+05:30,771.35,772.55,771.15,772.1,79560
2025-04-16 14:50:00+05:30,772.1,772.45,771.6,772.05,129375
2025-04-16 14:55:00+05:30,772.05,772.9,771.6,772.45,89636
2025-04-16 15:00:00+05:30,772.6,772.7,771.25,771.8,245552
2025-04-16 15:05:00+05:30,771.55,772.15,771.3,771.6,360764
2025-04-16 15:10:00+05:30,771.6,772.1,771.35,771.55,374851
2025-04-16 15:15:00+05:30,771.5,772.0,771.2,771.9,304635
2025-04-16 15:20:00+05:30,771.75,772.1,771.3,771.95,317931
2025-04-16 15:25:00+05:30,771.85,773.0,771.85,772.15,288508
2025-04-17 09:15:00+05:30,771.75,775.0,767.15,769.05,669985
2025-04-17 09:20:00+05:30,769.2,770.1,767.2,769.35,321384
2025-04-17 09:25:00+05:30,769.15,772.15,768.9,771.1,431874
2025-04-17 09:30:00+05:30,771.1,772.95,770.7,772.85,318233
2025-04-17 09:35:00+05:30,772.85,772.85,771.6,771.65,172224
2025-04-17 09:40:00+05:30,771.7,774.4,771.2,773.65,402317
2025-04-17 09:45:00+05:30,773.75,775.4,773.65,775.0,310191
2025-04-17 09:50:00+05:30,774.95,776.5,774.9,775.95,264818
2025-04-17 09:55:00+05:30,775.9,776.2,773.05,773.65,259455
2025-04-17 10:00:00+05:30,773.65,774.25,773.0,773.15,128842
2025-04-17 10:05:00+05:30,773.15,773.25,771.5,771.75,199434
2025-04-17 10:10:00+05:30,771.7,772.2,770.6,771.15,181948
2025-04-17 10:15:00+05:30,771.05,771.75,770.7,770.75,104685
2025-04-17 10:20:00+05:30,770.75,770.75,769.35,770.65,168494
2025-04-17 10:25:00+05:30,770.7,771.6,770.2,771.2,108436
2025-04-17 10:30:00+05:30,771.3,773.45,771.2,773.0,146832
2025-04-17 10:35:00+05:30,773.0,773.0,771.1,771.9,216645
2025-04-17 10:40:00+05:30,771.85,772.9,771.55,772.2,107677
2025-04-17 10:45:00+05:30,772.15,772.45,770.55,771.2,188435
2025-04-17 10:50:00+05:30,771.2,771.2,770.2,770.6,90287
2025-04-17 10:55:00+05:30,770.55,771.0,770.2,770.35,74145
2025-04-17 11:00:00+05:30,770.35,771.15,769.6,770.25,159809
2025-04-17 11:05:00+05:30,770.25,771.65,769.8,771.65,212544
2025-04-17 11:10:00+05:30,771.65,772.0,770.0,771.2,304210
2025-04-17 11:15:00+05:30,771.25,772.3,770.75,771.8,218170
2025-04-17 11:20:00+05:30,771.85,772.1,771.15,771.5,141621
2025-04-17 11:25:00+05:30,771.5,772.5,771.05,772.5,185631
2025-04-17 11:30:00+05:30,772.5,773.5,772.1,772.5,184205
2025-04-17 11:35:00+05:30,772.45,773.65,771.8,773.3,319416
2025-04-17 11:40:00+05:30,773.25,774.75,772.9,774.05,414619
2025-04-17 11:45:00+05:30,774.15,774.45,773.05,774.45,225082
2025-04-17 11:50:00+05:30,774.45,776.0,774.4,774.8,195727
2025-04-17 11:55:00+05:30,774.85,775.0,773.65,774.75,93937
2025-04-17 12:00:00+05:30,774.75,775.0,774.25,774.95,142209
2025-04-17 12:05:00+05:30,774.95,778.25,774.7,777.95,517089
2025-04-17 12:10:00+05:30,777.95,780.15,777.95,779.1,529275
2025-04-17 12:15:00+05:30,779.1,779.15,778.05,778.3,191568
2025-04-17 12:20:00+05:30,778.25,778.9,777.55,778.7,231906
2025-04-17 12:25:00+05:30,778.7,781.5,778.6,781.05,375289
2025-04-17 12:30:00+05:30,781.05,782.8,780.85,781.95,359323
2025-04-17 12:35:00+05:30,781.95,783.4,781.45,783.4,240721
2025-04-17 12:40:00+05:30,783.4,789.95,783.05,789.25,932334
2025-04-17 12:45:00+05:30,789.25,790.9,787.8,789.2,556216
2025-04-17 12:50:00+05:30,789.15,790.85,789.0,790.6,391468
2025-04-17 12:55:00+05:30,790.45,793.5,790.45,792.9,701604
2025-04-17 13:00:00+05:30,792.9,794.9,792.0,794.65,728842
2025-04-17 13:05:00+05:30,794.7,796.45,793.2,796.05,745997
2025-04-17 13:10:00+05:30,796.1,796.4,793.7,795.6,502329
2025-04-17 13:15:00+05:30,795.75,796.75,795.0,796.55,543333
2025-04-17 13:20:00+05:30,796.55,797.6,794.4,796.0,436845
2025-04-17 13:25:00+05:30,796.0,796.75,795.3,796.1,329522
2025-04-17 13:30:00+05:30,796.1,796.55,794.05,794.05,429646
2025-04-17 13:35:00+05:30,794.05,797.25,794.0,796.75,428845
2025-04-17 13:40:00+05:30,796.8,798.15,796.2,797.35,677124
2025-04-17 13:45:00+05:30,797.35,797.8,797.0,797.65,252733
2025-04-17 13:50:00+05:30,797.65,799.0,796.5,797.4,932698
2025-04-17 13:55:00+05:30,797.4,798.0,796.5,797.8,485160
2025-04-17 14:00:00+05:30,797.8,798.5,797.15,797.8,496208
2025-04-17 14:05:00+05:30,797.75,798.3,796.6,796.65,302099
2025-04-17 14:10:00+05:30,796.7,797.5,795.9,796.0,319019
2025-04-17 14:15:00+05:30,796.0,796.95,795.25,796.7,377754
2025-04-17 14:20:00+05:30,796.7,797.0,796.1,796.9,217872
2025-04-17 14:25:00+05:30,797.0,798.4,796.75,797.9,504765
2025-04-17 14:30:00+05:30,797.9,798.4,797.75,798.25,140315
2025-04-17 14:35:00+05:30,798.25,798.45,797.75,798.1,226331
2025-04-17 14:40:00+05:30,798.2,798.8,797.75,798.75,390813
2025-04-17 14:45:00+05:30,798.75,799.0,798.0,798.75,226420
2025-04-17 14:50:00+05:30,798.7,799.85,798.6,799.7,222416
2025-04-17 14:55:00+05:30,799.7,801.0,799.65,800.0,620093
2025-04-17 15:00:00+05:30,800.05,800.4,798.6,799.45,645761
2025-04-17 15:05:00+05:30,799.45,799.45,798.0,798.2,768439
2025-04-17 15:10:00+05:30,798.1,799.05,795.5,795.8,869300
2025-04-17 15:15:00+05:30,795.65,797.5,795.5,796.4,585898
2025-04-17 15:20:00+05:30,796.35,796.75,795.45,795.75,409186
2025-04-17 15:25:00+05:30,795.8,796.5,793.6,793.85,468309
2025-04-21 09:15:00+05:30,802.95,810.75,801.4,809.3,1360302
2025-04-21 09:20:00+05:30,809.35,811.85,808.0,809.1,1034918
2025-04-21 09:25:00+05:30,809.45,813.4,807.2,812.75,772625
2025-04-21 09:30:00+05:30,813.0,817.8,812.65,817.4,808681
2025-04-21 09:35:00+05:30,817.4,819.55,817.05,818.0,737288
2025-04-21 09:40:00+05:30,818.1,821.0,817.2,819.7,800031
2025-04-21 09:45:00+05:30,820.0,821.6,819.4,820.25,473823
2025-04-21 09:50:00+05:30,820.2,821.55,819.85,821.4,310680
2025-04-21 09:55:00+05:30,821.35,821.6,820.0,820.15,220739
2025-04-21 10:00:00+05:30,820.15,820.2,817.0,817.8,390922
2025-04-21 10:05:00+05:30,817.8,820.0,817.45,819.4,202181
2025-04-21 10:10:00+05:30,819.4,820.0,818.2,819.1,156953
2025-04-21 10:15:00+05:30,819.0,819.4,818.0,818.15,106876
2025-04-21 10:20:00+05:30,818.2,820.5,818.0,820.0,172564
2025-04-21 10:25:00+05:30,820.05,821.2,819.95,821.0,169801
2025-04-21 10:30:00+05:30,821.0,822.7,820.75,822.0,297307
2025-04-21 10:35:00+05:30,822.0,822.0,819.45,820.35,167004
2025-04-21 10:40:00+05:30,820.4,820.9,819.8,820.45,79832
2025-04-21 10:45:00+05:30,820.45,821.0,819.4,821.0,98988
2025-04-21 10:50:00+05:30,821.0,821.7,820.9,821.7,100837
2025-04-21 10:55:00+05:30,821.6,822.55,820.95,821.6,219613
2025-04-21 11:00:00+05:30,821.7,821.7,819.45,820.85,146835
2025-04-21 11:05:00+05:30,820.95,823.75,820.5,823.45,492042
2025-04-21 11:10:00+05:30,823.35,824.35,822.5,822.65,257428
2025-04-21 11:15:00+05:30,822.5,823.55,822.3,823.0,231219
2025-04-21 11:20:00+05:30,823.0,823.5,822.65,822.95,110488
2025-04-21 11:25:00+05:30,822.9,823.0,822.0,822.7,134332
2025-04-21 11:30:00+05:30,822.7,823.0,821.2,821.2,105555
2025-04-21 11:35:00+05:30,821.2,822.0,820.4,820.95,129120
2025-04-21 11:40:00+05:30,821.0,821.0,820.05,820.8,103309
2025-04-21 11:45:00+05:30,820.9,822.4,820.7,821.85,157027
2025-04-21 11:50:00+05:30,821.95,822.0,821.05,821.6,76536
2025-04-21 11:55:00+05:30,821.6,821.6,820.55,820.85,77545
2025-04-21 12:00:00+05:30,820.7,820.9,819.05,819.8,175781
2025-04-21 12:05:00+05:30,819.6,820.0,818.8,819.3,175047
2025-04-21 12:10:00+05:30,819.3,819.55,818.0,819.05,242979
2025-04-21 12:15:00+05:30,819.2,820.8,818.8,820.5,108998
2025-04-21 12:20:00+05:30,820.5,820.5,820.0,820.5,50837
2025-04-21 12:25:00+05:30,820.5,820.5,819.9,820.05,83564
2025-04-21 12:30:00+05:30,820.05,820.15,819.15,819.95,78300
2025-04-21 12:35:00+05:30,819.95,820.5,819.5,820.5,97024
2025-04-21 12:40:00+05:30,820.5,821.0,820.05,821.0,76038
2025-04-21 12:45:00+05:30,821.0,821.45,820.35,820.75,128951
2025-04-21 12:50:00+05:30,820.9,821.0,820.0,821.0,100668
2025-04-21 12:55:00+05:30,821.0,821.0,820.6,820.95,66312
2025-04-21 13:00:00+05:30,821.0,821.4,819.5,821.25,269744
2025-04-21 13:05:00+05:30,821.25,821.25,820.55,821.0,73814
2025-04-21 13:10:00+05:30,821.0,821.2,820.65,821.0,64941
2025-04-21 13:15:00+05:30,821.0,821.0,820.0,820.5,108469
2025-04-21 13:20:00+05:30,820.5,821.0,820.0,820.95,93938
2025-04-21 13:25:00+05:30,820.95,821.0,819.8,820.25,94514
2025-04-21 13:30:00+05:30,820.0,820.4,819.35,819.5,103136
2025-04-21 13:35:00+05:30,819.7,820.35,819.2,819.95,101494
2025-04-21 13:40:00+05:30,819.95,820.0,817.55,818.0,186509
2025-04-21 13:45:00+05:30,818.0,818.65,816.5,818.45,206500
2025-04-21 13:50:00+05:30,818.45,820.0,818.35,820.0,96179
2025-04-21 13:55:00+05:30,820.0,820.0,819.05,819.4,84025
2025-04-21 14:00:00+05:30,819.25,819.7,818.7,819.0,106371
2025-04-21 14:05:00+05:30,819.0,819.4,818.5,818.95,96420
2025-04-21 14:10:00+05:30,818.95,819.0,817.6,817.9,79132
2025-04-21 14:15:00+05:30,817.9,818.0,816.65,817.2,142477
2025-04-21 14:20:00+05:30,817.2,817.35,816.5,816.95,88692
2025-04-21 14:25:00+05:30,816.9,817.2,816.65,816.75,96258
2025-04-21 14:30:00+05:30,816.75,816.95,815.5,815.7,117676
2025-04-21 14:35:00+05:30,815.55,816.0,815.0,815.4,138868
2025-04-21 14:40:00+05:30,815.45,815.9,814.6,815.7,209327
2025-04-21 14:45:00+05:30,815.7,816.0,814.8,815.95,239066
2025-04-21 14:50:00+05:30,815.95,817.0,815.65,816.95,122252
2025-04-21 14:55:00+05:30,816.95,817.8,816.6,817.15,98415
2025-04-21 15:00:00+05:30,817.35,817.5,815.25,815.3,140302
2025-04-21 15:05:00+05:30,815.3,816.5,815.05,816.5,143809
2025-04-21 15:10:00+05:30,816.5,816.7,815.8,816.6,157619
2025-04-21 15:15:00+05:30,816.6,817.85,816.6,817.8,258388
2025-04-21 15:20:00+05:30,817.8,817.85,816.6,816.9,266667
2025-04-21 15:25:00+05:30,816.9,817.25,816.2,817.2,162620
