timestamp,open,high,low,close,volume,ema_fast,ema_med,ema_long,ema_macro,ema_ultra_len,rsi,rsi_last_6_avg,atr,swing_high,swing_low,in_session,rsi_trend,isLongTrend,isShortTrend,exit_time
2025-05-15 09:15:00+05:30,469.45,471.35,469.35,470.9,54770,,,,,,,,,,,True,,False,False,False
2025-05-15 09:20:00+05:30,471.05,472.5,470.6,471.95,42396,,,,,,,,,,,True,,False,False,False
2025-05-15 09:25:00+05:30,471.7,472.0,470.8,471.25,11204,,,,,,,,,,,True,,False,False,False
2025-05-15 09:30:00+05:30,471.45,471.65,470.7,471.5,6392,,,,,,,,,,,True,,False,False,False
2025-05-15 09:35:00+05:30,471.45,471.8,471.05,471.5,8410,471.42,,,,,,,,,,True,,False,False,False
2025-05-15 09:40:00+05:30,471.25,471.6,470.6,470.85,9106,471.23,,,,,,,,,,True,,False,False,False
2025-05-15 09:45:00+05:30,470.9,471.45,470.25,470.25,11567,470.9,,,,,,,,,,True,,False,False,False
2025-05-15 09:50:00+05:30,470.2,470.2,468.7,469.55,36118,470.45,,,,,,,,,,True,,False,False,False
2025-05-15 09:55:00+05:30,469.55,469.95,469.2,469.95,21763,470.28,,,,,,,,,,True,,False,False,False
2025-05-15 10:00:00+05:30,469.65,469.95,469.55,469.65,16623,470.07,,,,,,,,,,True,,False,False,False
2025-05-15 10:05:00+05:30,469.75,469.75,469.4,469.55,20936,469.9,,,,,,,,,,True,,False,False,False
2025-05-15 10:10:00+05:30,469.65,470.35,469.3,470.35,20526,470.05,,,,,,,,,,True,,False,False,False
2025-05-15 10:15:00+05:30,470.2,471.5,470.2,471.0,10585,470.37,,,,,,,,,,True,,False,False,False
2025-05-15 10:20:00+05:30,471.15,471.75,470.8,471.25,5231,470.66,,,,,,,,,,True,,False,False,False
2025-05-15 10:25:00+05:30,471.65,471.65,470.25,470.8,22483,470.71,,,,,51.16,,1.04,,,True,,False,False,False
2025-05-15 10:30:00+05:30,470.75,471.1,470.65,470.7,14496,470.7,,,,,49.91,,0.97,,,True,,False,False,False
2025-05-15 10:35:00+05:30,470.65,471.6,470.6,471.6,20884,471.0,,,,,59.5,,0.98,,,True,,False,False,False
2025-05-15 10:40:00+05:30,471.25,471.6,470.7,471.25,21597,471.09,,,,,55.08,,0.97,,,True,,False,False,False
2025-05-15 10:45:00+05:30,471.3,471.65,471.0,471.1,29158,471.09,,,,,53.26,,0.94,,,True,,False,False,False
2025-05-15 10:50:00+05:30,471.25,471.45,471.2,471.25,15302,471.14,470.81,,,,54.87,53.96,0.88,,,True,,False,False,False
2025-05-15 10:55:00+05:30,471.4,471.7,471.2,471.5,9836,471.26,470.88,,,,57.49,55.02,0.85,,,True,,False,False,False
2025-05-15 11:00:00+05:30,471.45,471.75,471.25,471.3,3919,471.27,470.92,,,,54.75,55.82,0.82,,,True,,False,False,False
2025-05-15 11:05:00+05:30,471.25,471.6,471.0,471.25,31958,471.27,470.95,,,,54.05,54.92,0.8,,,True,,False,False,False
2025-05-15 11:10:00+05:30,471.25,471.5,470.75,471.3,89731,471.28,470.98,,,,54.67,54.85,0.79,,,True,,False,False,False
2025-05-15 11:15:00+05:30,471.3,471.55,471.2,471.4,12449,471.32,471.02,,,,55.95,55.3,0.75,,,True,,False,False,False
2025-05-15 11:20:00+05:30,471.4,471.5,471.3,471.45,12692,471.36,471.06,,,,56.61,55.59,0.71,,,True,,False,False,False
2025-05-15 11:25:00+05:30,471.45,471.45,470.6,471.15,17442,471.29,471.07,,,,51.62,54.61,0.72,,,True,,False,False,False
2025-05-15 11:30:00+05:30,471.25,471.25,471.0,471.15,11518,471.24,471.08,,,,51.62,54.09,0.68,,,True,,False,False,False
2025-05-15 11:35:00+05:30,471.15,471.25,470.75,471.2,82548,471.23,471.09,,,,52.43,53.82,0.67,,,True,,False,False,False
2025-05-15 11:40:00+05:30,470.9,471.15,470.5,470.85,45495,471.1,471.07,,,,46.55,52.46,0.67,472.5,468.7,True,,False,False,False
2025-05-15 11:45:00+05:30,470.85,470.95,470.5,470.65,6336,470.95,471.03,,,,43.54,50.4,0.65,472.5,468.7,True,,False,False,False
2025-05-15 11:50:00+05:30,470.55,470.55,470.0,470.1,29201,470.67,470.94,,,,36.55,47.05,0.65,472.0,468.7,True,,False,False,False
2025-05-15 11:55:00+05:30,470.1,470.1,470.0,470.0,6924,470.45,470.85,,,,35.44,44.36,0.61,471.8,468.7,True,,False,False,False
2025-05-15 12:00:00+05:30,470.0,470.05,469.55,469.55,7681,470.15,470.73,,,,30.88,40.9,0.6,471.8,468.7,True,,False,False,False
2025-05-15 12:05:00+05:30,469.55,470.4,469.55,470.15,10328,470.15,470.67,,,,41.66,39.1,0.62,471.75,468.7,True,,False,False,False
2025-05-15 12:10:00+05:30,470.15,470.45,469.75,469.95,8214,470.08,470.6,,,,39.45,37.92,0.62,471.75,468.7,True,,False,False,False
2025-05-15 12:15:00+05:30,469.9,470.15,469.7,469.7,7832,469.95,470.52,,,,36.82,36.8,0.61,471.75,468.7,True,,False,False,False
2025-05-15 12:20:00+05:30,469.9,470.15,469.1,469.1,24528,469.67,470.38,,,,31.41,35.94,0.64,471.75,469.1,True,,False,False,False
2025-05-15 12:25:00+05:30,469.1,469.3,468.1,468.15,26010,469.16,470.17,,,,25.12,34.22,0.69,471.75,468.1,True,,False,False,False
2025-05-15 12:30:00+05:30,468.15,468.35,467.55,467.9,34447,468.74,469.95,,,,23.77,33.04,0.7,471.75,467.55,True,,False,False,False
2025-05-15 12:35:00+05:30,467.9,468.35,467.6,468.1,28543,468.53,469.78,,,,27.14,30.62,0.7,471.75,467.55,True,,False,False,False
2025-05-15 12:40:00+05:30,468.1,468.3,467.7,467.7,23339,468.25,469.58,,,,24.78,28.17,0.69,471.75,467.55,True,,False,False,False
2025-05-15 12:45:00+05:30,467.8,468.0,467.6,467.6,21955,468.03,469.39,,,,24.21,26.07,0.67,471.75,467.55,True,,False,False,False
2025-05-15 12:50:00+05:30,467.8,467.9,467.55,467.65,23320,467.91,469.22,,,,25.14,25.03,0.65,471.75,467.55,True,,False,False,False
2025-05-15 12:55:00+05:30,467.6,467.85,467.1,467.3,45922,467.7,469.04,,,,23.02,24.68,0.65,471.75,467.1,True,,False,False,False
2025-05-15 13:00:00+05:30,467.25,468.0,467.1,467.25,32360,467.55,468.87,,,,22.73,24.5,0.67,471.75,467.1,True,,False,False,False
2025-05-15 13:05:00+05:30,467.35,468.2,467.25,467.55,60548,467.55,468.74,,,,28.62,24.75,0.69,471.75,467.1,True,,False,False,False
2025-05-15 13:10:00+05:30,467.55,468.5,467.45,468.1,33997,467.73,468.68,,,,37.95,26.95,0.72,471.75,467.1,True,,False,False,False
2025-05-15 13:15:00+05:30,468.1,468.4,467.8,468.0,31545,467.82,468.62,,,,37.0,29.08,0.71,471.75,467.1,True,,False,False,False
2025-05-15 13:20:00+05:30,467.95,468.25,467.8,467.85,33217,467.83,468.55,,,,35.57,30.82,0.69,471.75,467.1,True,,False,False,False
2025-05-15 13:25:00+05:30,467.9,468.3,467.8,468.1,35505,467.92,468.5,,,,39.76,33.6,0.68,471.75,467.1,True,,False,False,False
2025-05-15 13:30:00+05:30,468.3,469.4,468.15,469.3,53923,468.38,468.58,,,,54.92,38.97,0.72,471.6,467.1,True,,False,False,False
2025-05-15 13:35:00+05:30,469.15,469.65,468.35,468.4,100670,468.39,468.56,,,,45.64,41.81,0.76,471.55,467.1,True,,False,False,False
2025-05-15 13:40:00+05:30,468.4,469.5,468.35,469.2,40069,468.66,468.62,,,,53.21,44.35,0.79,471.55,467.1,True,,False,False,False
2025-05-15 13:45:00+05:30,469.2,469.6,469.0,469.3,45022,468.87,468.69,,,,54.07,47.19,0.78,471.5,467.1,True,,False,False,False
2025-05-15 13:50:00+05:30,469.3,469.95,469.1,469.65,37098,469.13,468.78,,,,57.05,50.78,0.78,471.45,467.1,True,,False,False,False
2025-05-15 13:55:00+05:30,469.4,469.6,468.7,468.8,70234,469.02,468.78,,,,48.78,52.28,0.8,471.25,467.1,True,,False,False,False
2025-05-15 14:00:00+05:30,468.75,469.05,468.4,468.5,45423,468.85,468.75,,,,46.23,50.83,0.79,471.25,467.1,True,,False,False,False
2025-05-15 14:05:00+05:30,468.5,468.65,468.1,468.15,40653,468.61,468.7,,,,43.38,50.45,0.77,471.15,467.1,True,,False,False,False
2025-05-15 14:10:00+05:30,468.15,468.8,468.1,468.55,30618,468.59,468.68,,,,47.37,49.48,0.76,470.95,467.1,True,,False,False,False
2025-05-15 14:15:00+05:30,468.6,469.8,468.55,469.15,85505,468.78,468.73,,,,52.75,49.26,0.8,470.55,467.1,True,,False,False,False
2025-05-15 14:20:00+05:30,469.0,469.45,468.7,468.9,46440,468.82,468.74,,,,50.44,48.16,0.8,470.45,467.1,True,,False,False,False
2025-05-15 14:25:00+05:30,468.9,469.25,468.8,468.9,31984,468.85,468.76,469.78,,,50.44,48.44,0.77,470.45,467.1,True,,False,False,False
2025-05-15 14:30:00+05:30,469.0,469.4,468.8,469.0,31138,468.9,468.78,469.75,,,51.42,49.3,0.76,470.45,467.1,True,,False,False,False
2025-05-15 14:35:00+05:30,468.8,469.15,468.65,469.05,44594,468.95,468.81,469.73,,,51.94,50.73,0.74,470.45,467.1,True,,False,False,False
2025-05-15 14:40:00+05:30,468.75,469.0,468.2,468.65,91880,468.85,468.79,469.7,,,47.59,50.76,0.75,470.15,467.1,True,,False,False,False
2025-05-15 14:45:00+05:30,468.65,468.8,468.45,468.5,33078,468.73,468.76,469.66,,,46.03,49.64,0.72,470.15,467.1,True,,False,False,False
2025-05-15 14:50:00+05:30,468.6,469.05,468.3,468.8,56451,468.76,468.77,469.63,,,49.58,49.5,0.72,469.95,467.1,True,,False,False,False
2025-05-15 14:55:00+05:30,468.8,469.0,468.5,468.8,52561,468.77,468.77,469.61,,,49.58,49.36,0.71,469.95,467.1,True,,False,False,False
2025-05-15 15:00:00+05:30,468.85,469.15,468.7,469.0,79848,468.85,468.79,469.59,,,52.03,49.46,0.69,469.95,467.1,True,,False,False,False
2025-05-15 15:05:00+05:30,468.95,469.2,468.7,469.1,72287,468.93,468.82,469.57,,,53.25,49.68,0.67,469.95,467.1,True,,False,False,False
2025-05-15 15:10:00+05:30,468.9,469.45,468.8,468.85,215617,468.9,468.82,469.55,,,49.83,50.05,0.67,469.95,467.1,True,,False,False,False
2025-05-15 15:15:00+05:30,468.85,469.15,468.85,468.9,44671,468.9,468.83,469.53,,,50.52,50.8,0.65,469.95,467.1,True,,False,False,False
2025-05-15 15:20:00+05:30,469.0,469.1,468.9,468.9,67766,468.9,468.84,469.51,,,50.52,50.96,0.61,469.95,467.1,True,,False,False,False
2025-05-15 15:25:00+05:30,468.9,469.5,468.85,469.45,71627,469.08,468.9,469.51,,,57.84,52.33,0.62,469.95,467.1,True,,False,False,False
2025-05-16 09:15:00+05:30,471.2,471.45,467.3,468.9,90213,469.02,468.9,469.49,,,49.89,51.97,0.87,471.45,467.25,True,,False,False,False
2025-05-16 09:20:00+05:30,468.9,469.9,468.2,468.4,50378,468.82,468.85,469.46,,,43.97,50.43,0.93,471.45,467.3,True,,False,False,False
2025-05-16 09:25:00+05:30,468.35,468.8,467.65,468.8,62184,468.81,468.84,469.44,,,49.17,50.32,0.94,471.45,467.3,True,,False,False,False
2025-05-16 09:30:00+05:30,468.8,469.05,468.05,468.2,47915,468.61,468.78,469.4,,,42.76,49.03,0.95,471.45,467.3,True,,False,False,False
2025-05-16 09:35:00+05:30,468.15,468.75,467.65,467.8,30870,468.34,468.69,469.35,,,39.11,47.12,0.96,471.45,467.3,True,,False,False,False
2025-05-16 09:40:00+05:30,467.8,468.3,467.6,468.05,17135,468.24,468.63,469.31,,,42.42,44.55,0.94,471.45,467.3,True,,False,False,False
2025-05-16 09:45:00+05:30,468.15,468.55,468.0,468.45,8717,468.31,468.61,469.28,,,47.36,44.13,0.91,471.45,467.3,True,,False,False,False
2025-05-16 09:50:00+05:30,468.45,468.75,468.15,468.15,6698,468.26,468.57,469.24,,,44.29,44.18,0.89,471.45,467.3,True,,False,False,False
2025-05-16 09:55:00+05:30,468.25,468.45,467.85,468.3,16336,468.27,468.54,469.21,,,46.17,43.68,0.87,471.45,467.3,True,,False,False,False
2025-05-16 10:00:00+05:30,468.3,468.65,468.1,468.45,9862,468.33,468.53,469.19,,,48.05,44.57,0.85,471.45,467.3,True,35.13,False,True,False
2025-05-16 10:05:00+05:30,468.45,468.65,468.15,468.45,8528,468.37,468.53,469.17,,,48.05,46.06,0.82,471.45,467.3,True,35.13,False,True,False
2025-05-16 10:10:00+05:30,468.5,468.7,468.2,468.4,6617,468.38,468.51,469.14,,,47.41,46.89,0.8,471.45,467.3,True,35.13,False,True,False
2025-05-16 10:15:00+05:30,468.4,468.75,468.35,468.45,9831,468.4,468.51,469.12,,,48.16,47.02,0.77,471.45,467.3,True,35.13,False,True,False
2025-05-16 10:20:00+05:30,468.5,468.85,468.2,468.3,19057,468.37,468.49,469.1,,,46.05,47.32,0.76,471.45,467.3,True,35.13,False,True,False
2025-05-16 10:25:00+05:30,468.45,468.6,468.2,468.5,6629,468.41,468.49,469.08,,,49.24,47.83,0.74,471.45,467.3,True,35.13,False,True,False
2025-05-16 10:30:00+05:30,468.45,468.55,468.3,468.5,4653,468.44,468.49,469.06,,,49.24,48.02,0.7,471.45,467.3,True,88.91,True,False,False
2025-05-16 10:35:00+05:30,468.3,469.8,468.3,468.9,523947,468.59,468.53,469.05,,,55.37,49.24,0.76,471.45,467.3,True,88.91,True,False,False
2025-05-16 10:40:00+05:30,468.9,470.35,468.0,468.85,234832,468.68,468.56,469.05,,,54.48,50.42,0.87,471.45,467.3,True,88.91,True,False,False
2025-05-16 10:45:00+05:30,468.95,470.75,468.85,470.55,27736,469.3,468.75,469.1,,,71.29,54.28,0.95,471.45,467.3,True,88.91,True,False,False
2025-05-16 10:50:00+05:30,470.5,471.35,470.3,471.3,32929,469.97,468.99,469.16,,,75.58,59.2,0.95,471.45,467.3,True,88.91,True,False,False
2025-05-16 10:55:00+05:30,471.3,473.4,471.1,473.1,94692,471.01,469.38,469.29,,,82.37,64.72,1.05,473.4,467.3,True,88.91,True,False,False
2025-05-16 11:00:00+05:30,473.1,474.4,473.0,473.4,61379,471.81,469.77,469.42,,,83.21,70.38,1.07,474.4,467.3,True,89.32,True,False,False
2025-05-16 11:05:00+05:30,473.5,473.5,472.55,472.6,29978,472.07,470.04,469.51,,,73.21,73.36,1.07,474.4,467.3,True,89.32,True,False,False
2025-05-16 11:10:00+05:30,472.8,473.3,472.4,473.05,23199,472.4,470.32,469.63,,,75.03,76.78,1.05,474.4,467.3,True,89.32,True,False,False
2025-05-16 11:15:00+05:30,473.2,474.0,473.1,473.5,27716,472.77,470.63,469.75,,,76.73,77.69,1.05,474.4,467.3,True,89.32,True,False,False
2025-05-16 11:20:00+05:30,473.5,474.0,473.4,473.7,14530,473.08,470.92,469.87,,,77.46,78.0,1.01,474.4,467.3,True,89.32,True,False,False
2025-05-16 11:25:00+05:30,473.65,473.65,473.15,473.3,7083,473.15,471.15,469.98,,,72.53,76.36,0.98,474.4,467.3,True,89.32,True,False,False
2025-05-16 11:30:00+05:30,473.3,473.5,473.0,473.15,11146,473.15,471.34,470.08,,,70.71,74.28,0.95,474.4,467.3,True,81.91,True,False,False
2025-05-16 11:35:00+05:30,473.15,473.3,473.05,473.05,6704,473.12,471.5,470.17,,,69.46,73.65,0.9,474.4,467.3,True,81.91,True,False,False
2025-05-16 11:40:00+05:30,473.2,473.2,472.8,473.0,5815,473.08,471.64,470.26,,,68.81,72.62,0.86,474.4,467.3,True,81.91,True,False,False
2025-05-16 11:45:00+05:30,472.95,473.1,472.6,472.9,6610,473.02,471.76,470.34,,,67.44,71.07,0.84,474.4,467.6,True,81.91,True,False,False
2025-05-16 11:50:00+05:30,472.9,473.15,472.7,473.0,5616,473.01,471.88,470.42,,,68.12,69.51,0.81,474.4,467.6,True,81.91,True,False,False
2025-05-16 11:55:00+05:30,473.1,473.15,472.7,472.85,4665,472.96,471.97,470.5,,,65.89,68.4,0.78,474.4,467.6,True,81.91,True,False,False
2025-05-16 12:00:00+05:30,472.8,472.9,472.45,472.5,4754,472.81,472.02,470.56,,,60.87,66.76,0.76,474.4,467.6,True,83.98,True,False,False
2025-05-16 12:05:00+05:30,472.75,473.4,472.5,473.2,22462,472.94,472.13,470.64,,,66.38,66.25,0.77,474.4,467.6,True,83.98,True,False,False
2025-05-16 12:10:00+05:30,473.15,473.45,473.0,473.2,4763,473.02,472.24,470.72,,,66.38,65.85,0.75,474.4,467.85,True,83.98,True,False,False
2025-05-16 12:15:00+05:30,473.2,473.6,473.0,473.6,14644,473.22,472.37,470.81,,,69.25,66.15,0.74,474.4,467.85,True,83.98,True,False,False
2025-05-16 12:20:00+05:30,473.55,473.6,473.25,473.4,5483,473.28,472.46,470.89,,,66.21,65.83,0.71,474.4,467.85,True,83.98,True,False,False
2025-05-16 12:25:00+05:30,473.5,473.55,473.1,473.5,4725,473.35,472.56,470.98,,,66.99,66.01,0.69,474.4,468.0,True,83.98,True,False,False
2025-05-16 12:30:00+05:30,473.5,474.95,473.45,474.35,51654,473.68,472.73,471.08,,,72.76,67.99,0.75,474.95,468.0,True,85.61,True,False,False
2025-05-16 12:35:00+05:30,474.1,474.65,474.1,474.1,16117,473.82,472.86,471.18,,,68.94,68.42,0.73,474.95,468.0,True,85.61,True,False,False
2025-05-16 12:40:00+05:30,474.15,474.5,474.1,474.5,5023,474.05,473.02,471.28,,,71.52,69.28,0.71,474.95,468.0,True,85.61,True,False,False
2025-05-16 12:45:00+05:30,474.45,474.45,474.15,474.3,7256,474.13,473.14,471.37,,,68.46,69.15,0.68,474.95,468.0,True,85.61,True,False,False
2025-05-16 12:50:00+05:30,474.4,474.7,474.15,474.2,11975,474.15,473.24,471.46,,,66.92,69.26,0.67,474.95,468.0,True,85.61,True,False,False
2025-05-16 12:55:00+05:30,474.2,474.25,474.1,474.1,6438,474.14,473.32,471.54,470.27,,65.34,68.99,0.64,474.95,468.0,True,85.61,True,False,False
2025-05-16 13:00:00+05:30,474.2,474.5,474.1,474.4,8101,474.22,473.43,471.63,470.34,,67.8,68.16,0.62,474.95,468.0,True,87.14,True,False,False
2025-05-16 13:05:00+05:30,474.35,474.45,474.15,474.4,4095,474.28,473.52,471.72,470.4,,67.8,67.97,0.6,474.95,468.0,True,87.14,True,False,False
2025-05-16 13:10:00+05:30,474.35,474.5,474.2,474.3,11309,474.29,473.59,471.8,470.47,,65.99,67.05,0.58,474.95,468.85,True,87.14,True,False,False
2025-05-16 13:15:00+05:30,474.4,474.8,474.25,474.6,9402,474.39,473.69,471.89,470.54,,68.69,67.09,0.57,474.95,470.3,True,87.14,True,False,False
2025-05-16 13:20:00+05:30,474.7,475.4,474.35,474.65,39272,474.48,473.78,471.97,470.6,,69.13,67.46,0.61,475.4,471.1,True,87.14,True,False,False
2025-05-16 13:25:00+05:30,474.5,474.75,474.4,474.75,5981,474.57,473.87,472.06,470.67,,70.04,68.24,0.59,475.4,472.4,True,87.14,True,False,False
2025-05-16 13:30:00+05:30,474.75,475.25,474.55,475.05,14059,474.73,473.99,472.16,470.75,,72.63,69.05,0.6,475.4,472.4,True,84.9,True,False,False
2025-05-16 13:35:00+05:30,475.0,475.95,474.85,475.6,71404,475.02,474.14,472.26,470.83,,76.63,70.52,0.63,475.95,472.4,True,84.9,True,False,False
2025-05-16 13:40:00+05:30,475.65,475.65,474.4,474.75,9412,474.93,474.2,472.34,470.89,,61.64,69.79,0.68,475.95,472.45,True,84.9,True,False,False
2025-05-16 13:45:00+05:30,474.75,474.9,474.45,474.7,8160,474.85,474.25,472.41,470.95,,60.89,68.49,0.66,475.95,472.45,True,84.9,True,False,False
2025-05-16 13:50:00+05:30,474.7,474.8,474.25,474.65,6175,474.79,474.28,472.48,471.01,,60.09,66.99,0.65,475.95,472.45,True,84.9,True,False,False
2025-05-16 13:55:00+05:30,474.55,474.95,474.35,474.6,6579,474.72,474.31,472.55,471.07,,59.26,65.19,0.65,475.95,472.45,True,84.9,True,False,False
2025-05-16 14:00:00+05:30,474.7,474.95,474.1,474.3,40005,474.58,474.31,472.6,471.13,,54.41,62.15,0.66,475.95,472.45,True,87.45,True,False,False
2025-05-16 14:05:00+05:30,474.35,475.1,474.35,474.6,10319,474.59,474.34,472.67,471.18,,58.1,59.06,0.67,475.95,472.45,True,87.45,True,False,False
2025-05-16 14:10:00+05:30,474.85,475.4,474.55,475.1,8796,474.76,474.41,472.74,471.25,,63.43,59.36,0.69,475.95,472.45,True,87.45,True,False,False
2025-05-16 14:15:00+05:30,475.3,475.8,475.0,475.5,30151,475.01,474.52,472.83,471.32,,67.04,60.39,0.69,475.95,472.45,True,87.45,True,False,False
2025-05-16 14:20:00+05:30,475.45,475.8,475.1,475.5,24856,475.17,474.61,472.91,471.39,,67.04,61.55,0.69,475.95,472.45,True,87.45,True,False,False
2025-05-16 14:25:00+05:30,475.7,475.9,475.25,475.7,33117,475.35,474.71,473.0,471.46,,68.82,63.14,0.69,475.95,472.45,True,87.45,True,False,False
2025-05-16 14:30:00+05:30,475.65,475.85,475.3,475.8,22094,475.5,474.82,473.09,471.53,,69.7,65.69,0.68,475.95,472.5,True,88.04,True,False,False
2025-05-16 14:35:00+05:30,475.65,475.9,475.3,475.6,28131,475.53,474.89,473.17,471.6,,65.7,66.96,0.68,475.95,473.0,True,88.04,True,False,False
2025-05-16 14:40:00+05:30,475.6,476.0,475.2,475.65,36384,475.57,474.96,473.24,471.67,,66.22,67.42,0.68,476.0,473.0,True,88.04,True,False,False
2025-05-16 14:45:00+05:30,475.85,476.0,475.6,475.7,22781,475.61,475.03,473.32,471.73,,66.77,67.38,0.66,476.0,473.1,True,88.04,True,False,False
2025-05-16 14:50:00+05:30,475.8,476.0,475.3,475.6,39531,475.61,475.09,473.39,471.8,,64.52,66.96,0.67,476.0,473.1,True,88.04,True,False,False
2025-05-16 14:55:00+05:30,475.8,476.35,475.6,476.0,27856,475.74,475.17,473.47,471.87,,69.01,66.99,0.67,476.35,473.45,True,88.04,True,False,False
2025-05-16 15:00:00+05:30,476.0,476.75,475.95,476.7,25698,476.06,475.32,473.57,471.95,,74.97,67.86,0.68,476.75,474.1,True,88.81,True,False,False
2025-05-16 15:05:00+05:30,476.7,476.7,476.2,476.45,20629,476.19,475.43,473.66,472.02,,69.81,68.55,0.67,476.75,474.1,True,88.81,True,False,False
2025-05-16 15:10:00+05:30,476.5,477.0,476.45,476.9,40641,476.43,475.57,473.76,472.1,,73.37,69.74,0.66,477.0,474.1,True,88.81,True,False,False
2025-05-16 15:15:00+05:30,476.9,477.4,476.65,476.9,49250,476.58,475.69,473.86,472.18,,73.37,70.84,0.67,477.4,474.1,True,88.81,True,False,False
2025-05-16 15:20:00+05:30,476.95,477.0,476.1,476.2,38263,476.46,475.74,473.94,472.25,,60.5,70.17,0.68,477.4,474.1,True,88.81,True,False,False
2025-05-16 15:25:00+05:30,476.2,477.0,475.0,476.4,62759,476.44,475.81,474.01,472.32,,62.52,69.09,0.78,477.4,474.1,True,88.81,True,False,False
2025-05-19 09:15:00+05:30,477.0,477.55,475.1,475.85,46705,476.24,475.81,474.07,472.37,,54.29,65.64,0.9,477.55,474.1,True,88.81,True,False,False
2025-05-19 09:20:00+05:30,475.8,479.6,475.4,479.55,50613,477.34,476.17,474.24,472.49,,76.61,66.78,1.13,479.6,474.1,True,88.81,True,False,False
2025-05-19 09:25:00+05:30,479.5,480.4,478.9,479.7,44130,478.13,476.5,474.41,472.61,,77.09,67.4,1.16,480.4,474.1,True,88.81,True,False,False
2025-05-19 09:30:00+05:30,479.75,482.7,479.7,482.2,63932,479.49,477.05,474.66,472.77,,83.34,69.06,1.29,482.7,474.1,True,100.0,True,False,False
2025-05-19 09:35:00+05:30,482.0,482.45,479.65,479.95,19435,479.64,477.32,474.82,472.89,,65.92,69.96,1.4,482.7,474.1,True,100.0,True,False,False
2025-05-19 09:40:00+05:30,479.7,480.35,479.05,480.0,18594,479.76,477.58,474.98,473.01,,66.09,70.56,1.39,482.7,474.1,True,100.0,True,False,False
2025-05-19 09:45:00+05:30,479.9,480.45,479.6,480.1,18450,479.87,477.82,475.14,473.12,,66.45,72.58,1.35,482.7,474.1,True,100.0,True,False,False
2025-05-19 09:50:00+05:30,480.35,480.6,480.0,480.6,19326,480.12,478.08,475.31,473.25,,68.26,71.19,1.3,482.7,474.1,True,100.0,True,False,False
2025-05-19 09:55:00+05:30,480.65,480.95,480.1,480.45,15857,480.23,478.31,475.47,473.37,,67.09,69.53,1.27,482.7,474.1,True,100.0,True,False,False
2025-05-19 10:00:00+05:30,480.6,481.0,480.05,481.0,26333,480.48,478.56,475.65,473.49,,69.18,67.17,1.24,482.7,474.1,True,60.76,True,False,False
2025-05-19 10:05:00+05:30,481.0,481.5,481.0,481.3,11919,480.76,478.82,475.82,473.62,,70.29,67.89,1.19,482.7,474.1,True,60.76,True,False,False
2025-05-19 10:10:00+05:30,481.5,482.35,481.05,481.15,36453,480.89,479.05,475.99,473.75,,68.95,68.37,1.2,482.7,474.1,True,60.76,True,False,False
2025-05-19 10:15:00+05:30,481.35,481.5,480.25,480.35,18588,480.71,479.17,476.13,473.86,,62.18,67.66,1.2,482.7,474.35,True,60.76,True,False,False
2025-05-19 10:20:00+05:30,480.35,480.75,480.1,480.15,4854,480.52,479.26,476.25,473.96,,60.58,66.38,1.16,482.7,474.55,True,60.76,True,False,False
2025-05-19 10:25:00+05:30,480.15,480.4,479.25,480.0,13865,480.35,479.33,476.37,474.06,,59.34,65.09,1.16,482.7,475.0,True,60.76,True,False,False
2025-05-19 10:30:00+05:30,479.85,480.5,479.5,480.45,5018,480.38,479.44,476.5,474.16,,61.85,63.86,1.15,482.7,475.0,True,41.34,False,True,False
2025-05-19 10:35:00+05:30,480.45,480.8,480.2,480.55,4364,480.44,479.55,476.62,474.27,,62.41,62.55,1.11,482.7,475.0,True,41.34,False,True,False
2025-05-19 10:40:00+05:30,480.5,480.6,480.0,480.4,3122,480.43,479.63,476.74,474.37,,60.97,61.22,1.07,482.7,475.0,True,41.34,False,True,False
2025-05-19 10:45:00+05:30,480.4,480.4,479.75,479.95,5294,480.27,479.66,476.84,474.46,,56.76,60.32,1.04,482.7,475.0,True,41.34,False,True,False
2025-05-19 10:50:00+05:30,480.1,480.5,480.0,480.25,2927,480.26,479.71,476.95,474.56,,58.8,60.02,1.01,482.7,475.0,True,41.34,False,True,False
2025-05-19 10:55:00+05:30,480.05,480.3,479.5,479.5,6022,480.01,479.69,477.03,474.64,,52.16,58.82,0.99,482.7,475.0,True,41.34,False,True,False
2025-05-19 11:00:00+05:30,479.65,479.75,479.4,479.7,3494,479.91,479.69,477.11,474.72,,53.66,57.46,0.95,482.7,475.0,True,83.13,True,False,False
2025-05-19 11:05:00+05:30,479.6,480.0,479.2,480.0,31825,479.94,479.72,477.2,474.81,,55.9,56.38,0.94,482.7,475.0,True,83.13,True,False,False
2025-05-19 11:10:00+05:30,480.0,482.15,479.1,482.15,75262,480.67,479.95,477.36,474.93,,67.88,57.53,1.09,482.7,475.0,True,83.13,True,False,False
2025-05-19 11:15:00+05:30,482.15,484.1,482.15,483.45,48546,481.6,480.29,477.55,475.07,,72.71,60.18,1.15,484.1,475.0,True,83.13,True,False,False
2025-05-19 11:20:00+05:30,483.45,484.1,482.65,483.95,32270,482.38,480.64,477.75,475.22,,74.31,62.77,1.17,484.1,475.0,True,83.13,True,False,False
2025-05-19 11:25:00+05:30,483.85,483.95,482.9,483.1,13811,482.62,480.87,477.91,475.35,,67.11,65.26,1.16,484.1,475.0,True,83.13,True,False,False
2025-05-19 11:30:00+05:30,483.1,483.95,482.65,482.85,33681,482.7,481.06,478.07,475.47,,65.11,67.17,1.17,484.1,475.0,True,67.34,True,False,False
2025-05-19 11:35:00+05:30,482.65,482.9,482.05,482.45,7193,482.62,481.19,478.21,475.59,,61.93,68.18,1.15,484.1,475.0,True,67.34,True,False,False
2025-05-19 11:40:00+05:30,482.45,482.8,482.0,482.05,18323,482.43,481.27,478.33,475.7,,58.84,66.67,1.12,484.1,475.1,True,67.34,True,False,False
2025-05-19 11:45:00+05:30,482.2,482.7,482.0,482.3,5437,482.38,481.37,478.45,475.81,,60.18,64.58,1.09,484.1,475.4,True,67.34,True,False,False
2025-05-19 11:50:00+05:30,482.3,482.45,481.7,482.2,33275,482.32,481.45,478.57,475.91,,59.35,62.09,1.07,484.1,478.9,True,67.34,True,False,False
2025-05-19 11:55:00+05:30,482.2,482.35,481.9,482.0,26484,482.22,481.5,478.67,476.01,,57.63,60.51,1.03,484.1,479.05,True,67.34,True,False,False
2025-05-19 12:00:00+05:30,482.0,482.5,481.5,482.05,55273,482.16,481.55,478.78,476.11,,57.96,59.32,1.02,484.1,479.05,True,73.9,True,False,False
2025-05-19 12:05:00+05:30,482.1,482.5,482.0,482.5,6686,482.27,481.64,478.9,476.22,,60.88,59.14,0.99,484.1,479.05,True,73.9,True,False,False
2025-05-19 12:10:00+05:30,482.35,482.65,482.25,482.6,5276,482.38,481.74,479.01,476.32,,61.53,59.59,0.94,484.1,479.1,True,73.9,True,False,False
2025-05-19 12:15:00+05:30,482.5,482.7,482.3,482.65,8980,482.47,481.82,479.13,476.43,,61.86,59.87,0.91,484.1,479.1,True,73.9,True,False,False
2025-05-19 12:20:00+05:30,482.65,483.2,482.5,483.05,16427,482.66,481.94,479.25,476.54,,64.53,60.73,0.89,484.1,479.1,True,73.9,True,False,False
2025-05-19 12:25:00+05:30,483.2,483.45,483.05,483.35,3882,482.89,482.07,479.38,476.65,,66.43,62.2,0.86,484.1,479.1,True,73.9,True,False,False
2025-05-19 12:30:00+05:30,483.35,483.4,482.75,482.75,6558,482.85,482.14,479.48,476.75,,59.56,62.46,0.84,484.1,479.1,True,66.93,True,False,False
2025-05-19 12:35:00+05:30,482.8,483.05,482.5,482.8,6323,482.83,482.2,479.59,476.85,,59.93,62.31,0.82,484.1,479.1,True,66.93,True,False,False
2025-05-19 12:40:00+05:30,482.8,483.0,482.6,482.85,5608,482.84,482.26,479.69,476.95,,60.33,62.11,0.79,484.1,479.1,True,66.93,True,False,False
2025-05-19 12:45:00+05:30,482.85,482.85,482.6,482.7,2299,482.79,482.3,479.78,477.04,,58.47,61.54,0.75,484.1,479.1,True,66.93,True,False,False
2025-05-19 12:50:00+05:30,482.7,483.0,482.5,482.75,6772,482.78,482.35,479.87,477.14,,58.93,60.61,0.73,484.1,479.1,True,66.93,True,False,False
2025-05-19 12:55:00+05:30,482.8,482.95,482.35,482.7,3692,482.75,482.38,479.96,477.23,,58.24,59.24,0.72,484.1,479.1,True,66.93,True,False,False
2025-05-19 13:00:00+05:30,482.65,482.7,482.1,482.25,2476,482.58,482.37,480.03,477.31,,52.35,58.04,0.72,484.1,479.1,True,63.94,True,False,False
2025-05-19 13:05:00+05:30,482.2,482.45,482.1,482.2,3473,482.46,482.35,480.1,477.39,,51.73,56.68,0.69,484.1,479.1,True,63.94,True,False,False
2025-05-19 13:10:00+05:30,482.2,482.7,482.05,482.7,4557,482.54,482.39,480.18,477.48,,57.23,56.16,0.69,484.1,479.1,True,63.94,True,False,False
2025-05-19 13:15:00+05:30,482.7,482.7,482.15,482.55,5885,482.54,482.4,480.26,477.57,,55.2,55.61,0.68,484.1,479.1,True,63.94,True,False,False
2025-05-19 13:20:00+05:30,482.7,482.75,482.2,482.55,5185,482.54,482.42,480.33,477.65,,55.2,54.99,0.67,484.1,479.1,True,63.94,True,False,False
2025-05-19 13:25:00+05:30,482.35,482.55,482.25,482.4,2336,482.5,482.41,480.39,477.73,,53.01,54.12,0.64,484.1,479.1,True,63.94,True,False,False
2025-05-19 13:30:00+05:30,482.5,482.55,482.0,482.1,7170,482.36,482.38,480.45,477.8,,48.85,53.54,0.63,484.1,479.1,True,72.54,True,False,False
2025-05-19 13:35:00+05:30,482.0,482.3,482.0,482.1,6059,482.28,482.36,480.5,477.87,,48.85,53.06,0.61,484.1,479.1,True,72.54,True,False,False
2025-05-19 13:40:00+05:30,482.1,484.5,482.0,484.2,184241,482.92,482.53,480.61,477.98,,68.77,54.98,0.75,484.5,481.5,True,72.54,True,False,False
2025-05-19 13:45:00+05:30,484.15,484.2,483.7,484.2,45967,483.34,482.69,480.73,478.08,,68.77,57.24,0.73,484.5,481.5,True,72.54,True,False,False
2025-05-19 13:50:00+05:30,484.0,484.2,483.5,483.95,25173,483.55,482.81,480.83,478.18,,65.26,58.92,0.73,484.5,481.5,True,72.54,True,False,False
2025-05-19 13:55:00+05:30,483.95,484.35,483.7,484.35,23477,483.81,482.96,480.94,478.28,,68.07,61.43,0.72,484.5,481.5,True,72.54,True,False,False
2025-05-19 14:00:00+05:30,484.35,484.35,483.5,483.55,34132,483.73,483.01,481.02,478.36,,57.98,62.95,0.73,484.5,481.5,True,68.48,True,False,False
2025-05-19 14:05:00+05:30,483.65,483.65,483.1,483.3,16143,483.58,483.04,481.09,478.45,,55.22,64.01,0.72,484.5,481.5,True,68.48,True,False,False
2025-05-19 14:10:00+05:30,483.45,483.45,482.5,482.9,21742,483.36,483.03,481.15,478.52,,51.04,61.06,0.73,484.5,481.5,True,68.48,True,False,False
2025-05-19 14:15:00+05:30,482.95,483.6,482.75,483.45,16697,483.39,483.07,481.22,478.6,,55.98,58.92,0.74,484.5,481.5,True,68.48,True,False,False
2025-05-19 14:20:00+05:30,483.5,483.6,483.15,483.35,7168,483.37,483.09,481.28,478.68,,54.89,57.2,0.72,484.5,481.5,True,68.48,True,False,False
2025-05-19 14:25:00+05:30,483.4,483.9,483.1,483.9,13045,483.55,483.17,481.37,478.77,,59.53,55.77,0.73,484.5,481.5,True,68.48,True,False,False
2025-05-19 14:30:00+05:30,483.4,483.7,483.15,483.6,9417,483.57,483.21,481.44,478.85,,56.14,55.47,0.73,484.5,482.0,True,63.78,True,False,False
2025-05-19 14:35:00+05:30,483.5,483.65,483.3,483.45,7533,483.53,483.24,481.5,478.92,,54.47,55.34,0.7,484.5,482.0,True,63.78,True,False,False
2025-05-19 14:40:00+05:30,483.5,483.75,483.4,483.75,9301,483.6,483.28,481.57,479.0,,57.21,56.37,0.68,484.5,482.0,True,63.78,True,False,False
2025-05-19 14:45:00+05:30,483.65,483.8,483.35,483.5,21770,483.57,483.3,481.63,479.08,,54.28,56.09,0.66,484.5,482.0,True,63.78,True,False,False
2025-05-19 14:50:00+05:30,483.4,483.5,482.75,483.0,19862,483.38,483.28,481.67,479.14,,48.88,55.08,0.67,484.5,482.0,True,63.78,True,False,False
2025-05-19 14:55:00+05:30,482.95,483.5,482.95,483.35,16005,483.37,483.28,481.73,479.21,,52.44,53.9,0.66,484.5,482.0,True,63.78,True,False,False
2025-05-19 15:00:00+05:30,483.1,483.7,483.1,483.5,33295,483.41,483.3,481.78,479.28,,53.93,53.54,0.65,484.5,482.0,True,60.92,True,False,False
2025-05-19 15:05:00+05:30,483.55,483.55,483.05,483.35,23790,483.39,483.31,481.83,479.35,,52.18,53.15,0.64,484.5,482.0,True,60.92,True,False,False
2025-05-19 15:10:00+05:30,483.35,483.6,483.2,483.55,25794,483.44,483.33,481.88,479.42,,54.31,52.67,0.63,484.5,482.0,True,60.92,True,False,False
2025-05-19 15:15:00+05:30,483.55,483.7,483.3,483.65,36817,483.51,483.36,481.94,479.49,,55.38,52.85,0.61,484.5,482.0,True,60.92,True,False,False
2025-05-19 15:20:00+05:30,483.65,483.95,483.1,483.3,61984,483.44,483.36,481.98,479.55,,50.88,53.19,0.63,484.5,482.0,True,60.92,True,False,False
2025-05-19 15:25:00+05:30,483.3,483.95,483.0,483.0,52620,483.29,483.32,482.01,479.61,,47.33,52.34,0.65,484.5,482.0,True,60.92,True,False,False
2025-05-20 09:15:00+05:30,484.35,486.4,481.3,482.6,50299,483.06,483.25,482.03,479.66,,43.03,50.52,0.97,486.4,481.3,True,60.92,True,False,False
2025-05-20 09:20:00+05:30,482.55,483.8,482.05,482.3,19854,482.81,483.16,482.04,479.7,,40.08,48.5,1.02,486.4,481.3,True,60.92,True,False,False
2025-05-20 09:25:00+05:30,482.55,483.1,482.25,482.8,10346,482.81,483.13,482.06,479.75,,46.64,47.22,1.01,486.4,481.3,True,60.92,True,False,False
2025-05-20 09:30:00+05:30,482.8,483.6,482.5,483.5,9293,483.04,483.16,482.11,479.81,,54.2,47.03,1.02,486.4,481.3,True,40.68,False,True,False
2025-05-20 09:35:00+05:30,483.5,484.65,483.4,484.2,15664,483.42,483.26,482.17,479.89,,60.26,48.59,1.03,486.4,481.3,True,40.68,False,True,False
2025-05-20 09:40:00+05:30,484.2,484.2,483.0,483.05,11868,483.3,483.24,482.2,479.94,,48.83,48.84,1.05,486.4,481.3,True,40.68,False,True,False
2025-05-20 09:45:00+05:30,483.05,483.35,482.65,482.85,12954,483.15,483.2,482.22,479.99,,47.15,49.53,1.02,486.4,481.3,True,40.68,False,True,False
2025-05-20 09:50:00+05:30,482.8,482.95,482.0,482.45,17925,482.92,483.13,482.23,480.03,475.18,43.91,50.16,1.02,486.4,481.3,True,40.68,False,True,False
2025-05-20 09:55:00+05:30,482.6,483.1,482.3,482.55,11156,482.79,483.08,482.24,480.07,475.24,44.93,49.88,1.0,486.4,481.3,True,40.68,False,True,False
2025-05-20 10:00:00+05:30,482.55,482.55,481.5,481.9,12447,482.5,482.96,482.23,480.1,475.3,39.85,47.49,1.0,486.4,481.3,True,33.49,False,True,False
2025-05-20 10:05:00+05:30,481.9,482.7,481.9,482.1,6016,482.36,482.88,482.22,480.13,475.36,42.02,44.45,0.99,486.4,481.3,True,33.49,False,True,False
2025-05-20 10:10:00+05:30,482.35,482.9,482.15,482.3,13919,482.34,482.83,482.23,480.17,475.42,44.19,43.68,0.98,486.4,481.3,True,33.49,False,True,False
2025-05-20 10:15:00+05:30,482.5,482.7,482.0,482.2,7572,482.3,482.77,482.23,480.2,475.47,43.32,43.04,0.96,486.4,481.3,True,33.49,False,True,False
2025-05-20 10:20:00+05:30,482.2,482.55,482.1,482.4,1224,482.33,482.73,482.23,480.24,475.53,45.63,43.32,0.92,486.4,481.3,True,33.49,False,True,False
2025-05-20 10:25:00+05:30,482.4,482.8,482.35,482.4,5641,482.35,482.7,482.24,480.27,475.59,45.63,43.44,0.89,486.4,481.3,True,33.49,False,True,False
2025-05-20 10:30:00+05:30,482.4,483.15,482.25,482.55,7968,482.42,482.69,482.25,480.31,475.65,47.49,44.71,0.89,486.4,481.3,True,78.05,True,False,False
2025-05-20 10:35:00+05:30,482.5,483.85,482.5,483.55,7261,482.8,482.77,482.29,480.37,475.72,57.86,47.35,0.92,486.4,481.3,True,78.05,True,False,False
2025-05-20 10:40:00+05:30,483.8,483.8,483.05,483.3,3397,482.96,482.82,482.32,480.41,475.78,54.94,49.14,0.91,486.4,481.3,True,78.05,True,False,False
2025-05-20 10:45:00+05:30,483.15,483.8,483.1,483.25,11047,483.06,482.86,482.35,480.46,475.85,54.35,50.98,0.89,486.4,481.3,True,78.05,True,False,False
2025-05-20 10:50:00+05:30,483.5,484.3,483.2,484.0,38353,483.37,482.97,482.4,480.52,475.92,61.1,53.56,0.91,486.4,481.3,True,78.05,True,False,False
2025-05-20 10:55:00+05:30,484.1,484.45,483.4,484.0,28321,483.58,483.07,482.45,480.58,475.99,61.1,56.14,0.92,486.4,481.3,True,78.05,True,False,False
2025-05-20 11:00:00+05:30,484.1,484.45,484.0,484.2,216089,483.79,483.17,482.5,480.64,476.06,62.81,58.69,0.88,486.4,481.3,True,82.41,True,False,False
2025-05-20 11:05:00+05:30,484.4,484.45,484.05,484.15,4115,483.91,483.27,482.56,480.69,476.12,62.07,59.4,0.85,486.4,481.3,True,82.41,True,False,False
2025-05-20 11:10:00+05:30,484.15,485.8,484.0,485.5,42535,484.44,483.48,482.65,480.77,476.21,71.67,62.18,0.92,486.4,481.3,True,82.41,True,False,False
2025-05-20 11:15:00+05:30,485.5,485.55,484.9,485.45,13750,484.78,483.67,482.74,480.85,476.28,70.95,64.95,0.9,486.4,481.3,True,82.41,True,False,False
2025-05-20 11:20:00+05:30,485.2,485.4,484.7,484.8,7668,484.78,483.78,482.8,480.92,476.36,62.25,65.14,0.89,486.4,481.3,True,82.41,True,False,False
2025-05-20 11:25:00+05:30,484.8,485.0,484.5,484.55,6330,484.71,483.85,482.85,480.98,476.43,59.24,64.83,0.86,486.4,481.3,True,82.41,True,False,False
2025-05-20 11:30:00+05:30,484.7,484.8,484.5,484.75,9744,484.72,483.94,482.91,481.04,476.5,60.87,64.51,0.82,486.4,481.3,True,39.08,False,True,False
2025-05-20 11:35:00+05:30,484.75,484.75,484.0,484.0,79516,484.48,483.94,482.95,481.09,476.56,52.4,62.9,0.82,486.4,481.3,True,39.08,False,True,False
2025-05-20 11:40:00+05:30,484.0,484.5,484.0,484.05,29415,484.34,483.95,482.98,481.14,476.63,52.87,59.76,0.79,486.4,481.3,True,39.08,False,True,False
2025-05-20 11:45:00+05:30,484.05,484.05,482.05,482.1,82939,483.59,483.78,482.95,481.15,476.67,37.36,54.16,0.88,485.8,481.5,True,39.08,False,True,False
2025-05-20 11:50:00+05:30,482.1,482.25,480.75,481.55,28326,482.91,483.56,482.91,481.16,476.71,34.3,49.51,0.92,485.8,480.75,True,39.08,False,True,False
2025-05-20 11:55:00+05:30,481.4,481.7,481.0,481.7,8707,482.51,483.39,482.87,481.17,476.76,35.85,45.61,0.91,485.8,480.75,True,39.08,False,True,False
2025-05-20 12:00:00+05:30,481.75,483.4,481.0,481.75,53815,482.25,483.23,482.84,481.18,476.8,36.38,41.53,1.01,485.8,480.75,True,51.58,True,False,False
2025-05-20 12:05:00+05:30,481.75,482.85,481.65,482.6,9333,482.37,483.17,482.83,481.2,476.85,44.82,40.26,1.03,485.8,480.75,True,51.58,True,False,False
2025-05-20 12:10:00+05:30,482.8,482.8,482.25,482.35,2370,482.36,483.09,482.82,481.22,476.9,43.01,38.62,0.99,485.8,480.75,True,51.58,True,False,False
2025-05-20 12:15:00+05:30,482.5,483.0,482.35,482.8,20790,482.51,483.06,482.81,481.25,476.95,47.15,40.25,0.97,485.8,480.75,True,51.58,True,False,False
2025-05-20 12:20:00+05:30,482.75,482.9,482.5,482.85,13600,482.62,483.04,482.82,481.27,477.0,47.6,42.47,0.93,485.8,480.75,True,51.58,True,False,False
2025-05-20 12:25:00+05:30,482.8,483.0,482.75,483.0,3524,482.75,483.04,482.82,481.3,477.05,49.02,44.66,0.88,485.8,480.75,True,51.58,True,False,False
2025-05-20 12:30:00+05:30,483.0,483.0,482.7,482.95,6954,482.82,483.03,482.83,481.33,477.1,48.55,46.69,0.84,485.8,480.75,True,35.77,False,True,False
2025-05-20 12:35:00+05:30,482.75,482.95,482.75,482.75,1958,482.79,483.0,482.82,481.35,477.15,46.62,46.99,0.79,485.8,480.75,True,35.77,False,True,False
2025-05-20 12:40:00+05:30,482.9,482.9,482.05,482.05,13202,482.55,482.91,482.8,481.36,477.19,40.54,46.58,0.8,485.8,480.75,True,35.77,False,True,False
2025-05-20 12:45:00+05:30,482.35,482.35,481.55,481.7,4129,482.26,482.8,482.76,481.37,477.23,37.88,45.04,0.8,485.8,480.75,True,35.77,False,True,False
2025-05-20 12:50:00+05:30,481.7,481.7,480.55,480.6,13296,481.71,482.59,482.7,481.36,477.26,31.0,42.27,0.82,485.8,480.55,True,35.77,False,True,False
2025-05-20 12:55:00+05:30,480.8,480.8,480.35,480.4,6557,481.27,482.38,482.63,481.34,477.28,29.94,39.09,0.8,485.8,480.35,True,35.77,False,True,False
2025-05-20 13:00:00+05:30,480.6,480.95,480.35,480.4,2804,480.98,482.19,482.56,481.33,477.31,29.94,35.99,0.78,485.8,480.35,True,43.01,False,True,False
2025-05-20 13:05:00+05:30,480.4,481.0,480.35,480.5,7296,480.82,482.03,482.49,481.31,477.34,31.3,33.43,0.77,485.8,480.35,True,43.01,False,True,False
2025-05-20 13:10:00+05:30,480.9,481.0,480.65,480.65,1096,480.76,481.9,482.43,481.3,477.37,33.41,32.25,0.75,485.8,480.35,True,43.01,False,True,False
2025-05-20 13:15:00+05:30,480.65,481.1,480.35,480.35,7368,480.63,481.75,482.37,481.29,477.39,31.34,31.16,0.75,485.8,480.35,True,43.01,False,True,False
2025-05-20 13:20:00+05:30,480.35,480.9,480.35,480.55,3644,480.6,481.64,482.31,481.27,477.42,34.26,31.7,0.74,485.8,480.35,True,43.01,False,True,False
2025-05-20 13:25:00+05:30,480.55,481.65,480.55,481.4,4592,480.87,481.61,482.28,481.28,477.45,44.96,34.2,0.76,485.8,480.35,True,43.01,False,True,False
2025-05-20 13:30:00+05:30,481.1,481.35,480.65,480.8,8215,480.84,481.54,482.24,481.27,477.48,40.01,35.88,0.76,485.8,480.35,True,38.98,False,True,False
2025-05-20 13:35:00+05:30,481.0,481.0,479.15,479.35,18465,480.35,481.33,482.15,481.24,477.5,31.1,35.85,0.84,485.8,479.15,True,38.98,False,True,False
2025-05-20 13:40:00+05:30,479.35,480.3,479.0,480.05,28270,480.25,481.21,482.08,481.22,477.52,38.25,36.65,0.87,485.55,479.0,True,38.98,False,True,False
2025-05-20 13:45:00+05:30,480.05,481.0,480.0,481.0,8525,480.5,481.19,482.05,481.21,477.55,46.38,39.16,0.88,485.4,479.0,True,38.98,False,True,False
2025-05-20 13:50:00+05:30,480.8,481.0,480.0,480.0,4367,480.33,481.07,481.98,481.19,477.57,40.36,40.18,0.89,485.0,479.0,True,38.98,False,True,False
2025-05-20 13:55:00+05:30,480.2,480.65,479.9,480.55,16250,480.4,481.02,481.94,481.18,477.59,44.62,40.12,0.88,484.8,479.0,True,38.98,False,True,False
2025-05-20 14:00:00+05:30,480.55,480.65,479.9,480.15,26249,480.32,480.94,481.88,481.16,477.62,42.25,40.49,0.87,484.75,479.0,True,31.07,False,True,False
2025-05-20 14:05:00+05:30,480.15,480.2,479.2,479.3,99957,479.98,480.78,481.8,481.13,477.63,37.68,41.59,0.88,484.5,479.0,True,31.07,False,True,False
2025-05-20 14:10:00+05:30,479.25,479.95,478.8,479.35,17464,479.77,480.65,481.73,481.1,477.65,38.11,41.57,0.9,484.05,478.8,True,31.07,False,True,False
2025-05-20 14:15:00+05:30,479.35,479.6,478.7,478.7,9478,479.41,480.46,481.63,481.06,477.65,34.79,39.64,0.9,483.4,478.7,True,31.07,False,True,False
2025-05-20 14:20:00+05:30,478.75,479.55,478.65,478.95,15171,479.26,480.32,481.55,481.03,477.67,37.06,39.08,0.9,483.4,478.65,True,31.07,False,True,False
2025-05-20 14:25:00+05:30,479.0,479.0,478.4,478.4,8286,478.97,480.14,481.45,480.99,477.67,34.24,37.35,0.88,483.4,478.4,True,31.07,False,True,False
2025-05-20 14:30:00+05:30,478.5,478.5,477.35,477.75,34009,478.57,479.91,481.33,480.93,477.67,31.21,35.52,0.9,483.0,477.35,True,25.29,False,True,False
2025-05-20 14:35:00+05:30,478.05,478.15,477.6,477.8,17666,478.31,479.71,481.22,480.88,477.67,31.71,34.52,0.87,483.0,477.35,True,25.29,False,True,False
2025-05-20 14:40:00+05:30,477.8,477.8,476.55,476.6,11526,477.74,479.41,481.08,480.81,477.66,26.7,32.62,0.9,483.0,476.55,True,25.29,False,True,False
2025-05-20 14:45:00+05:30,476.6,478.35,476.55,478.35,31619,477.94,479.31,480.99,480.77,477.67,41.28,33.7,0.96,483.0,476.55,True,25.29,False,True,False
2025-05-20 14:50:00+05:30,478.1,479.25,476.7,476.95,130720,477.61,479.09,480.87,480.71,477.66,35.24,33.4,1.08,483.0,476.55,True,25.29,False,True,False
2025-05-20 14:55:00+05:30,476.95,476.95,476.1,476.15,30971,477.12,478.81,480.72,480.63,477.65,32.33,33.08,1.06,483.0,476.1,True,25.29,False,True,False
2025-05-20 15:00:00+05:30,476.15,476.55,475.55,475.6,55271,476.62,478.5,480.56,480.55,477.63,30.47,32.96,1.06,482.95,475.55,True,29.38,False,True,False
2025-05-20 15:05:00+05:30,475.6,476.25,475.45,475.7,47616,476.31,478.23,480.41,480.47,477.62,31.24,32.88,1.04,482.9,475.45,True,29.38,False,True,False
2025-05-20 15:10:00+05:30,475.7,476.05,475.45,475.7,46244,476.11,477.99,480.26,480.39,477.6,31.24,33.63,1.01,482.35,475.45,True,29.38,False,True,False
2025-05-20 15:15:00+05:30,475.7,475.7,475.0,475.1,58664,475.77,477.72,480.1,480.3,477.58,28.99,31.58,0.99,481.7,475.0,True,29.38,False,True,False
2025-05-20 15:20:00+05:30,475.05,475.8,475.0,475.5,66576,475.68,477.51,479.96,480.22,477.56,32.48,31.12,0.97,481.65,475.0,True,29.38,False,True,False
2025-05-20 15:25:00+05:30,475.5,476.9,475.5,476.8,28435,476.05,477.44,479.86,480.17,477.56,42.4,32.8,1.0,481.65,475.0,True,29.38,False,True,False
2025-05-21 09:15:00+05:30,477.8,479.4,477.3,478.65,42709,476.92,477.55,479.82,480.14,477.56,52.98,36.56,1.12,481.65,475.0,True,29.38,False,True,False
2025-05-21 09:20:00+05:30,478.25,480.0,478.25,479.6,33783,477.81,477.75,479.81,480.13,477.58,57.32,40.9,1.16,481.65,475.0,True,29.38,False,True,False
2025-05-21 09:25:00+05:30,479.25,480.7,479.0,480.0,28799,478.54,477.96,479.82,480.13,477.6,59.03,45.53,1.2,481.65,475.0,True,29.38,False,True,False
2025-05-21 09:30:00+05:30,479.95,480.95,479.45,480.65,21049,479.24,478.22,479.84,480.14,477.63,61.72,50.99,1.22,481.65,475.0,True,87.62,True,False,False
2025-05-21 09:35:00+05:30,480.65,480.9,480.25,480.85,20089,479.78,478.47,479.88,480.15,477.66,62.53,56.0,1.18,481.65,475.0,True,87.62,True,False,False
2025-05-21 09:40:00+05:30,480.85,481.4,480.55,480.95,13982,480.17,478.71,479.91,480.16,477.68,62.96,59.42,1.16,481.4,475.0,True,87.62,True,False,False
2025-05-21 09:45:00+05:30,481.0,482.2,480.95,482.2,13108,480.85,479.04,479.98,480.2,477.72,67.86,61.9,1.16,482.2,475.0,True,87.62,True,False,False
2025-05-21 09:50:00+05:30,482.25,483.65,482.25,483.65,55651,481.78,479.48,480.1,480.25,477.77,72.42,64.42,1.18,483.65,475.0,True,87.62,True,False,False
2025-05-21 09:55:00+05:30,483.65,483.65,482.05,483.6,39505,482.39,479.87,480.2,480.31,477.82,72.04,66.59,1.21,483.65,475.0,True,87.62,True,False,False
2025-05-21 10:00:00+05:30,483.6,484.4,483.2,484.1,29472,482.96,480.27,480.33,480.37,477.88,73.53,68.56,1.21,484.4,475.0,True,54.61,True,False,False
2025-05-21 10:05:00+05:30,484.1,484.9,483.9,484.8,38043,483.57,480.7,480.47,480.44,477.94,75.51,70.72,1.2,484.9,475.0,True,54.61,True,False,False
2025-05-21 10:10:00+05:30,484.8,484.8,483.95,484.15,17479,483.76,481.03,480.58,480.51,477.99,70.27,71.94,1.17,484.9,475.0,True,54.61,True,False,False
2025-05-21 10:15:00+05:30,484.15,484.5,484.0,484.5,14894,484.01,481.36,480.7,480.57,478.05,71.42,72.53,1.12,484.9,475.0,True,54.61,True,False,False
2025-05-21 10:20:00+05:30,484.45,484.5,484.0,484.3,17162,484.11,481.64,480.82,480.63,478.1,69.76,72.09,1.08,484.9,475.0,True,54.61,True,False,False
2025-05-21 10:25:00+05:30,484.35,484.4,480.5,481.15,80115,483.12,481.6,480.83,480.64,478.12,50.03,68.42,1.28,484.9,475.0,True,54.61,True,False,False
2025-05-21 10:30:00+05:30,481.2,482.3,481.2,482.2,7189,482.81,481.65,480.87,480.67,478.16,54.64,65.27,1.27,484.9,475.0,True,59.02,True,False,False
2025-05-21 10:35:00+05:30,482.3,482.7,482.05,482.5,12010,482.71,481.73,480.92,480.7,478.2,55.89,62.0,1.23,484.9,475.0,True,59.02,True,False,False
2025-05-21 10:40:00+05:30,482.5,482.65,481.45,481.65,7833,482.36,481.73,480.94,480.71,478.23,51.55,58.88,1.23,484.9,475.0,True,59.02,True,False,False
2025-05-21 10:45:00+05:30,481.55,481.95,481.3,481.95,6731,482.22,481.75,480.97,480.73,478.26,52.94,55.8,1.18,484.9,475.0,True,59.02,True,False,False
2025-05-21 10:50:00+05:30,481.75,482.15,481.7,482.0,5069,482.15,481.77,481.01,480.76,478.29,53.18,53.04,1.13,484.9,475.0,True,59.02,True,False,False
2025-05-21 10:55:00+05:30,481.8,482.3,481.55,481.8,6291,482.03,481.77,481.03,480.77,478.32,52.03,53.37,1.1,484.9,475.0,True,59.02,True,False,False
2025-05-21 11:00:00+05:30,482.0,482.45,481.5,481.55,6588,481.87,481.75,481.05,480.79,478.35,50.56,52.69,1.09,484.9,475.0,True,57.18,True,False,False
2025-05-21 11:05:00+05:30,481.45,481.65,480.7,481.65,20533,481.8,481.74,481.07,480.8,478.38,51.16,51.9,1.08,484.9,475.0,True,57.18,True,False,False
2025-05-21 11:10:00+05:30,481.65,481.75,481.15,481.3,8073,481.63,481.7,481.07,480.81,478.4,48.94,51.47,1.05,484.9,475.0,True,57.18,True,False,False
2025-05-21 11:15:00+05:30,481.3,481.6,481.25,481.6,10268,481.62,481.69,481.09,480.82,478.43,50.91,51.13,1.0,484.9,475.0,True,57.18,True,False,False
2025-05-21 11:20:00+05:30,481.6,482.2,481.5,481.95,6705,481.73,481.72,481.12,480.84,478.46,53.17,51.13,0.98,484.9,475.0,True,57.18,True,False,False
2025-05-21 11:25:00+05:30,481.95,482.4,481.5,481.6,8167,481.69,481.7,481.13,480.85,478.49,50.65,50.9,0.97,484.9,475.0,True,57.18,True,False,False
2025-05-21 11:30:00+05:30,481.7,481.95,481.0,481.45,10027,481.61,481.68,481.14,480.86,478.51,49.57,50.73,0.97,484.9,475.0,True,57.18,True,False,False
2025-05-21 11:35:00+05:30,481.45,481.95,481.0,481.05,12455,481.42,481.62,481.14,480.87,478.53,46.71,49.99,0.97,484.9,475.5,True,57.18,True,False,False
2025-05-21 11:40:00+05:30,481.15,481.65,481.15,481.3,4271,481.38,481.59,481.14,480.87,478.56,48.7,49.95,0.94,484.9,477.3,True,57.18,True,False,False
2025-05-21 11:45:00+05:30,481.3,481.45,480.1,480.6,10136,481.12,481.5,481.13,480.87,478.57,43.77,48.76,0.97,484.9,478.25,True,57.18,True,False,False
2025-05-21 11:50:00+05:30,480.6,481.15,480.55,480.65,5966,480.96,481.42,481.11,480.86,478.59,44.2,47.27,0.95,484.9,479.0,True,57.18,True,False,False
2025-05-21 11:55:00+05:30,480.65,481.7,480.55,481.6,6211,481.18,481.43,481.13,480.88,478.62,51.83,47.46,0.96,484.9,479.45,True,57.18,True,False,False
2025-05-21 12:00:00+05:30,481.55,481.9,480.8,481.65,14894,481.33,481.45,481.14,480.89,478.64,52.2,47.9,0.97,484.9,480.1,True,45.3,False,True,False
2025-05-21 12:05:00+05:30,481.7,482.3,480.25,480.25,18242,480.97,481.34,481.12,480.88,478.66,42.37,47.18,1.05,484.9,480.1,True,45.3,False,True,False
2025-05-21 12:10:00+05:30,480.25,480.55,479.7,479.7,22008,480.55,481.18,481.07,480.86,478.67,39.25,45.6,1.03,484.9,479.7,True,45.3,False,True,False
2025-05-21 12:15:00+05:30,479.7,479.9,478.0,478.8,36931,479.97,480.96,481.0,480.83,478.67,34.73,44.1,1.09,484.9,478.0,True,45.3,False,True,False
2025-05-21 12:20:00+05:30,478.95,480.6,478.85,480.05,5147,479.99,480.87,480.97,480.81,478.68,44.31,44.12,1.15,484.9,478.0,True,45.3,False,True,False
2025-05-21 12:25:00+05:30,480.05,480.6,479.6,480.15,13501,480.05,480.8,480.95,480.8,478.69,45.01,42.98,1.13,484.9,478.0,True,45.3,False,True,False
2025-05-21 12:30:00+05:30,480.25,480.65,479.5,479.9,12285,480.0,480.72,480.91,480.79,478.7,43.55,41.54,1.14,484.9,478.0,True,45.3,False,True,False
2025-05-21 12:35:00+05:30,480.05,480.75,479.8,480.75,9905,480.25,480.72,480.91,480.79,478.72,49.55,42.73,1.12,484.8,478.0,True,45.3,False,True,False
2025-05-21 12:40:00+05:30,480.6,480.95,480.3,480.6,3971,480.37,480.71,480.9,480.78,478.73,48.57,44.29,1.09,484.5,478.0,True,45.3,False,True,False
2025-05-21 12:45:00+05:30,480.6,480.6,479.8,480.15,12169,480.29,480.65,480.87,480.77,478.75,45.65,46.11,1.07,484.5,478.0,True,45.3,False,True,False
2025-05-21 12:50:00+05:30,480.25,480.6,479.5,479.5,5889,480.03,480.54,480.83,480.75,478.75,41.74,45.68,1.07,484.4,478.0,True,45.3,False,True,False
2025-05-21 12:55:00+05:30,479.55,480.4,479.45,480.15,6978,480.07,480.51,480.81,480.74,478.77,46.66,45.95,1.06,482.7,478.0,True,45.3,False,True,False
2025-05-21 13:00:00+05:30,480.15,480.6,480.0,480.5,3732,480.21,480.51,480.8,480.74,478.78,49.15,46.89,1.03,482.7,478.0,True,53.75,True,False,False
2025-05-21 13:05:00+05:30,480.55,480.9,480.45,480.6,4952,480.34,480.51,480.79,480.74,478.8,49.87,46.94,0.99,482.65,478.0,True,53.75,True,False,False
2025-05-21 13:10:00+05:30,480.65,481.45,480.35,481.4,13705,480.69,480.6,480.81,480.75,478.82,55.32,48.06,1.0,482.45,478.0,True,53.75,True,False,False
2025-05-21 13:15:00+05:30,481.4,483.05,480.2,482.0,353596,481.13,480.73,480.85,480.77,478.85,58.92,50.28,1.13,483.05,478.0,True,53.75,True,False,False
2025-05-21 13:20:00+05:30,482.0,482.35,481.55,481.9,9260,481.39,480.84,480.88,480.79,478.87,58.08,53.0,1.1,483.05,478.0,True,53.75,True,False,False
2025-05-21 13:25:00+05:30,481.9,481.9,481.2,481.25,2739,481.34,480.88,480.89,480.79,478.89,52.8,54.02,1.08,483.05,478.0,True,53.75,True,False,False
2025-05-21 13:30:00+05:30,481.25,481.7,481.0,481.55,8085,481.41,480.95,480.92,480.81,478.91,54.84,54.97,1.05,483.05,478.0,True,57.6,True,False,False
2025-05-21 13:35:00+05:30,481.7,481.95,481.45,481.5,5852,481.44,481.0,480.93,480.82,478.94,54.42,55.73,1.01,483.05,478.0,True,57.6,True,False,False
2025-05-21 13:40:00+05:30,481.7,481.8,481.1,481.4,5485,481.43,481.04,480.95,480.83,478.96,53.53,55.43,0.99,483.05,478.0,True,57.6,True,False,False
2025-05-21 13:45:00+05:30,481.4,482.75,481.4,481.8,19129,481.55,481.11,480.97,480.84,478.98,56.58,55.04,1.01,483.05,478.0,True,57.6,True,False,False
2025-05-21 13:50:00+05:30,481.95,482.25,481.6,482.0,5905,481.7,481.19,481.01,480.86,479.01,58.07,55.04,0.99,483.05,478.0,True,57.6,True,False,False
2025-05-21 13:55:00+05:30,482.0,482.45,481.7,481.85,10329,481.75,481.26,481.03,480.88,479.03,56.51,55.66,0.97,483.05,478.0,True,57.6,True,False,False
2025-05-21 14:00:00+05:30,482.0,482.3,481.65,482.15,10063,481.88,481.34,481.07,480.9,479.06,58.88,56.33,0.95,483.05,478.0,True,58.83,True,False,False
2025-05-21 14:05:00+05:30,482.05,482.45,481.9,482.2,7612,481.99,481.42,481.1,480.92,479.09,59.28,57.14,0.92,483.05,478.0,True,58.83,True,False,False
2025-05-21 14:10:00+05:30,482.35,482.4,482.0,482.0,6424,481.99,481.48,481.13,480.94,479.11,56.9,57.7,0.88,483.05,478.0,True,58.83,True,False,False
2025-05-21 14:15:00+05:30,482.0,482.5,481.85,482.15,8188,482.05,481.54,481.16,480.96,479.14,58.26,57.98,0.87,483.05,478.0,True,58.83,True,False,False
2025-05-21 14:20:00+05:30,482.0,482.5,481.8,482.15,11306,482.08,481.6,481.19,480.98,479.16,58.26,58.01,0.85,483.05,478.0,True,58.83,True,False,False
2025-05-21 14:25:00+05:30,482.15,482.2,481.8,482.05,7272,482.07,481.64,481.22,481.0,479.19,56.88,58.08,0.82,483.05,478.0,True,58.83,True,False,False
2025-05-21 14:30:00+05:30,482.1,482.5,481.7,482.1,15073,482.08,481.69,481.25,481.01,479.21,57.42,57.83,0.82,483.05,478.0,True,55.37,True,False,False
2025-05-21 14:35:00+05:30,482.1,482.85,482.0,482.7,251472,482.29,481.78,481.29,481.04,479.24,63.39,58.52,0.82,483.05,478.0,True,55.37,True,False,False
2025-05-21 14:40:00+05:30,482.7,482.8,481.5,481.7,14270,482.09,481.78,481.31,481.05,479.26,50.65,57.48,0.86,483.05,478.0,True,55.37,True,False,False
2025-05-21 14:45:00+05:30,481.95,482.05,481.7,481.7,6817,481.96,481.77,481.32,481.06,479.28,50.65,56.21,0.82,483.05,478.85,True,55.37,True,False,False
2025-05-21 14:50:00+05:30,481.85,482.0,481.55,481.9,17194,481.94,481.78,481.34,481.08,479.31,52.85,55.31,0.79,483.05,479.45,True,55.37,True,False,False
2025-05-21 14:55:00+05:30,481.9,481.95,481.5,481.65,11220,481.84,481.77,481.35,481.09,479.33,49.86,54.14,0.77,483.05,479.45,True,55.37,True,False,False
2025-05-21 15:00:00+05:30,481.8,482.15,481.7,482.0,47994,481.9,481.79,481.37,481.1,479.35,53.8,53.53,0.75,483.05,479.45,True,60.67,True,False,False
2025-05-21 15:05:00+05:30,481.95,482.0,481.85,481.95,32682,481.91,481.81,481.39,481.12,479.37,53.15,51.83,0.71,483.05,479.45,True,60.67,True,False,False
2025-05-21 15:10:00+05:30,481.95,482.0,481.25,481.8,58552,481.88,481.8,481.4,481.13,479.39,51.18,51.91,0.71,483.05,479.45,True,60.67,True,False,False
2025-05-21 15:15:00+05:30,481.85,481.95,481.4,481.45,41942,481.73,481.77,481.4,481.13,479.41,46.81,51.28,0.7,483.05,479.45,True,60.67,True,False,False
2025-05-21 15:20:00+05:30,481.5,481.7,481.05,481.5,90041,481.66,481.75,481.4,481.14,479.43,47.5,50.38,0.7,483.05,479.45,True,60.67,True,False,False
2025-05-21 15:25:00+05:30,481.65,482.85,481.45,482.5,63546,481.94,481.82,481.44,481.16,479.45,58.96,51.9,0.75,483.05,480.0,True,60.67,True,False,False
2025-05-22 09:15:00+05:30,482.0,482.0,477.3,479.3,37892,481.06,481.58,481.37,481.13,479.45,33.65,48.54,1.06,483.05,477.3,True,60.67,True,False,False
2025-05-22 09:20:00+05:30,479.6,479.6,477.65,477.8,50383,479.97,481.22,481.26,481.08,479.44,27.65,44.29,1.13,483.05,477.3,True,60.67,True,False,False
2025-05-22 09:25:00+05:30,477.65,480.15,477.5,479.8,35502,479.91,481.08,481.21,481.05,479.44,42.39,42.83,1.24,483.05,477.3,True,60.67,True,False,False
2025-05-22 09:30:00+05:30,479.4,479.95,478.35,478.35,29694,479.39,480.82,481.12,481.01,479.43,36.57,41.12,1.26,482.85,477.3,True,77.63,True,False,False
2025-05-22 09:35:00+05:30,478.4,480.2,478.4,480.2,24181,479.66,480.76,481.09,481.0,479.44,46.63,40.98,1.3,482.85,477.3,True,77.63,True,False,False
2025-05-22 09:40:00+05:30,480.2,480.4,479.7,480.1,28937,479.81,480.7,481.06,480.98,479.44,46.21,38.85,1.26,482.85,477.3,True,77.63,True,False,False
2025-05-22 09:45:00+05:30,479.95,480.15,477.3,478.2,67855,479.27,480.46,480.97,480.94,479.43,38.92,39.73,1.37,482.85,477.3,True,77.63,True,False,False
2025-05-22 09:50:00+05:30,478.2,479.25,478.2,479.15,27818,479.23,480.34,480.92,480.91,479.43,43.7,42.4,1.35,482.85,477.3,True,77.63,True,False,False
2025-05-22 09:55:00+05:30,479.1,480.35,478.65,480.15,11239,479.54,480.32,480.89,480.89,479.44,48.29,43.39,1.38,482.85,477.3,True,77.63,True,False,False
2025-05-22 10:00:00+05:30,480.15,480.2,479.15,479.5,53775,479.53,480.24,480.85,480.87,479.44,45.68,44.9,1.35,482.85,477.3,True,92.17,True,False,False
2025-05-22 10:05:00+05:30,479.55,480.55,479.4,480.45,19292,479.83,480.26,480.84,480.86,479.45,49.94,45.46,1.34,482.85,477.3,True,92.17,True,False,False
2025-05-22 10:10:00+05:30,480.35,481.4,480.1,481.35,68000,480.34,480.36,480.85,480.87,479.46,53.64,46.7,1.34,482.85,477.3,True,92.17,True,False,False
2025-05-22 10:15:00+05:30,481.35,481.9,481.0,481.35,8349,480.68,480.46,480.87,480.88,479.48,53.64,49.15,1.3,482.85,477.3,True,92.17,True,False,False
2025-05-22 10:20:00+05:30,481.3,481.55,481.05,481.5,2399,480.95,480.56,480.89,480.89,479.5,54.29,50.91,1.25,482.85,477.3,True,92.17,True,False,False
2025-05-22 10:25:00+05:30,481.25,481.8,481.0,481.55,9498,481.15,480.65,480.91,480.9,479.51,54.52,51.95,1.21,482.85,477.3,True,92.17,True,False,False
2025-05-22 10:30:00+05:30,481.4,481.65,481.3,481.6,1602,481.3,480.74,480.93,480.91,479.53,54.77,53.47,1.15,482.85,477.3,True,80.15,True,False,False
2025-05-22 10:35:00+05:30,481.4,481.8,481.4,481.65,2587,481.42,480.83,480.95,480.92,479.55,55.03,54.32,1.1,482.85,477.3,True,80.15,True,False,False
2025-05-22 10:40:00+05:30,481.55,481.75,481.2,481.55,5510,481.46,480.9,480.97,480.93,479.57,54.35,54.43,1.06,482.85,477.3,True,80.15,True,False,False
2025-05-22 10:45:00+05:30,481.4,481.65,481.05,481.05,1877,481.32,480.91,480.97,480.94,479.58,50.98,53.99,1.03,482.85,477.3,True,80.15,True,False,False
2025-05-22 10:50:00+05:30,481.05,483.1,481.0,481.15,56954,481.27,480.93,480.98,480.94,479.59,51.63,53.55,1.1,483.1,477.3,True,80.15,True,False,False
2025-05-22 10:55:00+05:30,481.15,481.5,481.1,481.25,5486,481.26,480.96,480.99,480.95,479.61,52.3,53.18,1.05,483.1,477.3,True,80.15,True,False,False
2025-05-22 11:00:00+05:30,481.25,481.45,480.85,481.0,8535,481.17,480.97,480.99,480.95,479.62,50.4,52.45,1.02,483.1,477.3,True,78.31,True,False,False
2025-05-22 11:05:00+05:30,481.0,482.45,481.0,482.1,87300,481.48,481.08,481.02,480.97,479.64,57.69,52.89,1.05,483.1,477.3,True,78.31,True,False,False
2025-05-22 11:10:00+05:30,482.15,482.3,481.15,481.15,52943,481.37,481.08,481.03,480.97,479.65,50.76,52.29,1.06,483.1,477.3,True,78.31,True,False,False
2025-05-22 11:15:00+05:30,481.1,482.1,481.0,482.05,39361,481.6,481.18,481.06,480.99,479.67,56.13,53.15,1.06,483.1,477.3,True,78.31,True,False,False
2025-05-22 11:20:00+05:30,482.0,482.25,481.05,481.1,110183,481.43,481.17,481.06,480.99,479.69,49.93,52.87,1.07,483.1,477.3,True,78.31,True,False,False
2025-05-22 11:25:00+05:30,481.05,481.7,480.7,481.2,24581,481.35,481.17,481.06,480.99,479.7,50.55,52.58,1.07,483.1,477.3,True,78.31,True,False,False
2025-05-22 11:30:00+05:30,480.95,481.2,480.65,480.95,49898,481.22,481.15,481.06,480.99,479.71,48.92,52.33,1.03,483.1,477.3,True,68.23,True,False,False
2025-05-22 11:35:00+05:30,480.75,480.95,479.05,479.85,35628,480.76,481.03,481.02,480.97,479.71,42.45,49.79,1.09,483.1,477.3,True,68.23,True,False,False
2025-05-22 11:40:00+05:30,479.85,480.8,479.65,480.5,22762,480.68,480.98,481.01,480.96,479.72,46.92,49.15,1.1,483.1,477.3,True,68.23,True,False,False
2025-05-22 11:45:00+05:30,480.5,480.9,480.3,480.3,15000,480.55,480.91,480.99,480.95,479.72,45.74,47.42,1.06,483.1,477.3,True,68.23,True,False,False
2025-05-22 11:50:00+05:30,480.3,482.25,480.2,481.55,108870,480.88,480.97,481.0,480.96,479.74,53.58,48.03,1.13,483.1,477.3,True,68.23,True,False,False
2025-05-22 11:55:00+05:30,481.45,481.85,480.5,480.9,52607,480.89,480.97,481.0,480.96,479.75,49.57,47.86,1.15,483.1,477.3,True,68.23,True,False,False
2025-05-22 12:00:00+05:30,480.65,481.05,479.0,479.15,15416,480.31,480.79,480.94,480.93,479.74,40.73,46.5,1.21,483.1,477.3,True,28.58,False,True,False
2025-05-22 12:05:00+05:30,479.15,479.6,478.65,478.8,5911,479.81,480.6,480.87,480.9,479.73,39.22,45.96,1.19,483.1,477.3,True,28.58,False,True,False
2025-05-22 12:10:00+05:30,478.55,478.85,478.0,478.2,16838,479.27,480.37,480.79,480.85,479.72,36.71,44.26,1.17,483.1,477.3,True,28.58,False,True,False
2025-05-22 12:15:00+05:30,478.05,478.55,478.05,478.2,8939,478.91,480.17,480.71,480.81,479.71,36.71,42.75,1.12,483.1,478.0,True,28.58,False,True,False
2025-05-22 12:20:00+05:30,478.2,478.8,477.8,477.85,12201,478.56,479.95,480.62,480.76,479.69,35.19,39.69,1.11,483.1,477.8,True,28.58,False,True,False
2025-05-22 12:25:00+05:30,477.8,478.0,477.6,477.9,5191,478.34,479.75,480.54,480.71,479.68,35.6,37.36,1.06,483.1,477.6,True,28.58,False,True,False
2025-05-22 12:30:00+05:30,477.85,478.15,477.5,477.5,8693,478.06,479.54,480.44,480.66,479.66,33.76,36.2,1.03,483.1,477.5,True,26.9,False,True,False
2025-05-22 12:35:00+05:30,477.5,479.65,477.5,478.35,43553,478.16,479.42,480.38,480.62,479.65,40.78,36.46,1.11,483.1,477.5,True,26.9,False,True,False
2025-05-22 12:40:00+05:30,478.4,479.35,477.9,479.15,20995,478.49,479.4,480.34,480.6,479.64,46.52,38.09,1.14,483.1,477.5,True,26.9,False,True,False
2025-05-22 12:45:00+05:30,479.05,479.7,478.05,478.05,20496,478.34,479.27,480.27,480.55,479.63,40.68,38.76,1.17,483.1,477.5,True,26.9,False,True,False
2025-05-22 12:50:00+05:30,478.05,478.15,477.1,477.15,11406,477.94,479.07,480.17,480.5,479.61,36.63,38.99,1.16,483.1,477.1,True,26.9,False,True,False
2025-05-22 12:55:00+05:30,477.35,477.9,477.25,477.6,2116,477.83,478.93,480.09,480.45,479.59,39.85,39.7,1.13,483.1,477.1,True,26.9,False,True,False
2025-05-22 13:00:00+05:30,477.85,477.85,477.45,477.8,2961,477.82,478.82,480.02,480.41,479.58,41.28,40.96,1.08,483.1,477.1,True,36.32,False,True,False
2025-05-22 13:05:00+05:30,477.75,477.8,477.45,477.45,2573,477.7,478.69,479.94,480.36,479.56,39.51,40.75,1.03,483.1,477.1,True,36.32,False,True,False
2025-05-22 13:10:00+05:30,477.65,478.2,477.45,478.05,3275,477.81,478.63,479.88,480.32,479.54,43.95,40.32,1.01,483.1,477.1,True,36.32,False,True,False
2025-05-22 13:15:00+05:30,478.15,478.25,477.45,478.15,11231,477.93,478.58,479.82,480.28,479.53,44.68,40.98,0.99,483.1,477.1,True,36.32,False,True,False
2025-05-22 13:20:00+05:30,478.15,478.45,477.9,478.05,3493,477.97,478.53,479.77,480.25,479.52,44.06,42.22,0.96,482.45,477.1,True,36.32,False,True,False
2025-05-22 13:25:00+05:30,478.05,478.35,478.05,478.3,3672,478.08,478.51,479.72,480.21,479.51,46.07,43.26,0.92,482.45,477.1,True,36.32,False,True,False
2025-05-22 13:30:00+05:30,478.3,478.35,477.7,478.0,3964,478.05,478.46,479.67,480.18,479.5,44.03,43.72,0.9,482.45,477.1,True,25.12,False,True,False
2025-05-22 13:35:00+05:30,477.85,478.15,477.45,477.7,6853,477.93,478.39,479.61,480.14,479.48,42.02,44.14,0.88,482.3,477.1,True,25.12,False,True,False
2025-05-22 13:40:00+05:30,477.45,477.7,477.35,477.5,3812,477.79,478.3,479.54,480.09,479.46,40.7,43.59,0.84,482.25,477.1,True,25.12,False,True,False
2025-05-22 13:45:00+05:30,477.55,477.55,476.1,476.1,20067,477.23,478.09,479.43,480.03,479.44,32.86,41.62,0.89,482.25,476.1,True,25.12,False,True,False
2025-05-22 13:50:00+05:30,476.15,476.4,476.0,476.0,5506,476.82,477.9,479.33,479.96,479.41,32.38,39.68,0.85,482.25,476.0,True,25.12,False,True,False
2025-05-22 13:55:00+05:30,476.1,476.25,475.75,476.05,6786,476.56,477.72,479.22,479.9,479.38,32.91,37.48,0.83,482.25,475.75,True,25.12,False,True,False
2025-05-22 14:00:00+05:30,476.05,476.45,475.7,475.9,10879,476.34,477.55,479.12,479.83,479.35,32.1,35.49,0.82,482.25,475.7,True,24.93,False,True,False
2025-05-22 14:05:00+05:30,475.85,476.2,475.8,476.0,1967,476.23,477.4,479.02,479.77,479.32,33.27,34.04,0.79,482.25,475.7,True,24.93,False,True,False
2025-05-22 14:10:00+05:30,476.1,476.35,476.0,476.3,3023,476.25,477.29,478.94,479.71,479.29,36.81,33.39,0.76,482.25,475.7,True,24.93,False,True,False
2025-05-22 14:15:00+05:30,476.25,476.45,475.35,475.5,8282,476.0,477.12,478.83,479.64,479.26,31.95,33.24,0.78,482.25,475.35,True,24.93,False,True,False
2025-05-22 14:20:00+05:30,475.5,475.85,475.15,475.3,3490,475.77,476.95,478.72,479.57,479.23,30.85,32.98,0.78,481.85,475.15,True,24.93,False,True,False
2025-05-22 14:25:00+05:30,475.3,476.1,475.1,476.0,9199,475.84,476.86,478.63,479.51,479.2,38.78,33.96,0.79,481.05,475.1,True,24.93,False,True,False
2025-05-22 14:30:00+05:30,476.2,476.2,475.1,475.5,10403,475.73,476.73,478.54,479.44,479.17,35.64,34.55,0.82,479.7,475.1,True,26.1,False,True,False
2025-05-22 14:35:00+05:30,475.5,475.55,475.0,475.45,17925,475.64,476.61,478.44,479.38,479.14,35.33,34.89,0.8,479.7,475.0,True,26.1,False,True,False
2025-05-22 14:40:00+05:30,475.5,476.5,475.45,476.35,18107,475.87,476.58,478.37,479.33,479.11,44.62,36.2,0.82,479.7,475.0,True,26.1,False,True,False
2025-05-22 14:45:00+05:30,476.35,476.5,475.7,476.15,12458,475.97,476.54,478.31,479.27,479.09,43.14,38.06,0.81,479.7,475.0,True,26.1,False,True,False
2025-05-22 14:50:00+05:30,476.15,476.5,475.85,476.35,28975,476.09,476.52,478.24,479.23,479.06,45.1,40.43,0.8,479.7,475.0,True,26.1,False,True,False
2025-05-22 14:55:00+05:30,476.2,476.9,475.9,476.1,33095,476.1,476.48,478.18,479.17,479.04,43.1,41.15,0.82,479.7,475.0,True,26.1,False,True,False
2025-05-22 15:00:00+05:30,476.2,476.35,475.8,476.1,34717,476.1,476.45,478.11,479.12,479.01,43.1,42.4,0.8,479.7,475.0,True,31.81,False,True,False
2025-05-22 15:05:00+05:30,476.15,478.75,476.05,477.0,129701,476.4,476.5,478.08,479.09,479.0,52.0,45.18,0.93,479.7,475.0,True,31.81,False,True,False
2025-05-22 15:10:00+05:30,477.05,477.35,476.85,477.0,43996,476.6,476.55,478.04,479.05,478.98,52.0,46.41,0.9,479.7,475.0,True,31.81,False,True,False
2025-05-22 15:15:00+05:30,476.95,477.25,476.75,477.05,52809,476.75,476.6,478.01,479.02,478.96,52.48,47.96,0.87,478.75,475.0,True,31.81,False,True,False
2025-05-22 15:20:00+05:30,477.1,477.4,477.0,477.05,70423,476.85,476.64,477.98,478.99,478.95,52.48,49.19,0.84,478.75,475.0,True,31.81,False,True,False
2025-05-22 15:25:00+05:30,477.15,477.5,475.5,476.6,64949,476.77,476.63,477.94,478.95,478.93,47.53,49.93,0.92,478.75,475.0,True,31.81,False,True,False
2025-05-23 09:15:00+05:30,478.0,479.85,477.95,479.85,30806,477.79,476.94,478.0,478.96,478.93,69.74,54.37,1.09,479.85,475.0,True,31.81,False,True,False
2025-05-23 09:20:00+05:30,479.85,481.8,479.85,481.75,31343,479.11,477.4,478.12,479.01,478.96,76.11,58.39,1.15,481.8,475.0,True,31.81,False,True,False
2025-05-23 09:25:00+05:30,481.6,482.35,481.3,482.0,24686,480.08,477.84,478.24,479.06,478.98,76.8,62.52,1.14,482.35,475.0,True,31.81,False,True,False
2025-05-23 09:30:00+05:30,482.0,482.0,481.05,481.8,14824,480.65,478.21,478.35,479.1,479.01,74.93,66.26,1.13,482.35,475.0,True,83.43,True,False,False
2025-05-23 09:35:00+05:30,481.95,483.0,481.9,482.25,33946,481.18,478.6,478.47,479.16,479.04,76.33,70.24,1.13,483.0,475.0,True,83.43,True,False,False
2025-05-23 09:40:00+05:30,482.25,483.0,482.1,482.95,13090,481.77,479.01,478.61,479.22,479.07,78.35,75.38,1.12,483.0,475.0,True,83.43,True,False,False
2025-05-23 09:45:00+05:30,482.9,483.75,482.05,483.75,17535,482.43,479.46,478.77,479.29,479.11,80.41,77.16,1.16,483.75,475.0,True,83.43,True,False,False
2025-05-23 09:50:00+05:30,483.65,484.0,483.05,483.85,18681,482.9,479.88,478.93,479.37,479.15,80.65,77.91,1.14,484.0,475.0,True,83.43,True,False,False
2025-05-23 09:55:00+05:30,483.95,484.0,483.0,483.3,8306,483.04,480.21,479.07,479.43,479.19,75.04,77.62,1.13,484.0,475.0,True,83.43,True,False,False
2025-05-23 10:00:00+05:30,483.45,483.75,483.2,483.65,8556,483.24,480.54,479.21,479.5,479.22,76.18,77.83,1.09,484.0,475.0,True,66.7,True,False,False
2025-05-23 10:05:00+05:30,483.5,484.4,483.25,483.95,13565,483.48,480.86,479.36,479.58,479.26,77.14,77.96,1.1,484.4,475.0,True,66.7,True,False,False
2025-05-23 10:10:00+05:30,484.2,484.45,483.35,483.5,10986,483.48,481.11,479.49,479.64,479.3,72.42,76.97,1.1,484.45,475.0,True,66.7,True,False,False
2025-05-23 10:15:00+05:30,483.5,483.75,483.2,483.5,9557,483.49,481.34,479.61,479.71,479.34,72.42,75.64,1.06,484.45,475.0,True,66.7,True,False,False
2025-05-23 10:20:00+05:30,483.3,483.3,482.65,483.0,26991,483.33,481.5,479.72,479.76,479.37,67.13,73.39,1.04,484.45,475.0,True,66.7,True,False,False
2025-05-23 10:25:00+05:30,483.1,483.2,482.1,482.9,12029,483.18,481.63,479.82,479.81,479.4,66.09,71.9,1.05,484.45,475.0,True,66.7,True,False,False
2025-05-23 10:30:00+05:30,482.9,483.2,482.75,483.05,6403,483.14,481.77,479.92,479.87,479.43,66.91,70.35,1.0,484.45,475.0,True,71.99,True,False,False
2025-05-23 10:35:00+05:30,483.0,483.25,482.5,483.25,7623,483.18,481.91,480.02,479.92,479.46,68.04,68.84,0.99,484.45,475.0,True,71.99,True,False,False
2025-05-23 10:40:00+05:30,483.25,483.45,482.95,482.95,12081,483.1,482.01,480.11,479.97,479.49,64.51,67.52,0.95,484.45,475.0,True,71.99,True,False,False
2025-05-23 10:45:00+05:30,483.25,483.4,482.65,483.05,6169,483.08,482.11,480.21,480.02,479.52,65.15,66.31,0.94,484.45,475.0,True,71.99,True,False,False
2025-05-23 10:50:00+05:30,483.1,483.2,482.8,482.85,2799,483.01,482.18,480.29,480.07,479.55,62.69,65.56,0.9,484.45,475.45,True,71.99,True,False,False
2025-05-23 10:55:00+05:30,483.0,483.3,482.85,483.25,4423,483.09,482.28,480.38,480.12,479.58,65.5,65.47,0.87,484.45,475.5,True,71.99,True,False,False
2025-05-23 11:00:00+05:30,483.25,483.35,482.85,483.1,5509,483.09,482.36,480.47,480.17,479.61,63.56,64.91,0.84,484.45,475.5,True,72.66,True,False,False
2025-05-23 11:05:00+05:30,483.0,483.0,482.6,482.85,1259,483.01,482.4,480.54,480.22,479.64,60.36,63.63,0.82,484.45,475.5,True,72.66,True,False,False
2025-05-23 11:10:00+05:30,482.8,483.25,482.55,483.0,5515,483.01,482.46,480.62,480.26,479.67,61.61,63.14,0.81,484.45,475.5,True,72.66,True,False,False
2025-05-23 11:15:00+05:30,483.0,483.1,482.6,483.1,1815,483.04,482.52,480.7,480.31,479.7,62.46,62.7,0.79,484.45,475.5,True,72.66,True,False,False
2025-05-23 11:20:00+05:30,483.1,483.45,483.0,483.15,6731,483.08,482.58,480.77,480.36,479.73,62.9,62.73,0.76,484.45,475.5,True,72.66,True,False,False
2025-05-23 11:25:00+05:30,483.15,483.35,482.95,483.3,2051,483.15,482.65,480.85,480.4,479.76,64.26,62.52,0.74,484.45,475.5,True,72.66,True,False,False
2025-05-23 11:30:00+05:30,483.3,483.35,483.15,483.35,807,483.22,482.72,480.93,480.45,479.79,64.73,62.72,0.7,484.45,475.5,True,69.11,True,False,False
2025-05-23 11:35:00+05:30,483.2,483.35,483.05,483.15,930,483.19,482.76,481.0,480.5,479.82,61.3,62.88,0.67,484.45,475.5,True,69.11,True,False,False
2025-05-23 11:40:00+05:30,483.35,483.35,482.65,483.0,3355,483.13,482.78,481.06,480.54,479.84,58.78,62.4,0.67,484.45,477.95,True,69.11,True,False,False
2025-05-23 11:45:00+05:30,483.0,483.35,482.7,482.75,2424,483.0,482.78,481.11,480.58,479.87,54.75,61.12,0.67,484.45,479.85,True,69.11,True,False,False
2025-05-23 11:50:00+05:30,482.7,483.2,482.65,483.1,10006,483.04,482.81,481.18,480.62,479.9,58.99,60.47,0.66,484.45,481.05,True,69.11,True,False,False
2025-05-23 11:55:00+05:30,483.1,483.25,482.8,483.2,4169,483.09,482.85,481.24,480.66,479.92,60.14,59.78,0.65,484.45,481.05,True,69.11,True,False,False
2025-05-23 12:00:00+05:30,483.2,483.7,482.95,483.5,7380,483.23,482.91,481.31,480.71,479.96,63.45,59.57,0.65,484.45,481.9,True,79.41,True,False,False
2025-05-23 12:05:00+05:30,483.5,483.6,483.35,483.35,2750,483.27,482.95,481.37,480.75,479.98,60.73,59.47,0.62,484.45,482.05,True,79.41,True,False,False
2025-05-23 12:10:00+05:30,483.35,483.45,483.05,483.45,7536,483.33,483.0,481.44,480.8,480.01,61.91,60.0,0.61,484.45,482.05,True,79.41,True,False,False
2025-05-23 12:15:00+05:30,483.4,483.8,483.1,483.8,7420,483.49,483.07,481.51,480.84,480.05,65.75,61.83,0.62,484.45,482.1,True,79.41,True,False,False
2025-05-23 12:20:00+05:30,483.8,484.4,483.55,484.35,18454,483.77,483.2,481.6,480.9,480.08,70.76,63.79,0.63,484.45,482.1,True,79.41,True,False,False
2025-05-23 12:25:00+05:30,484.35,484.35,484.0,484.15,8133,483.9,483.29,481.68,480.96,480.12,66.93,64.92,0.61,484.45,482.1,True,79.41,True,False,False
2025-05-23 12:30:00+05:30,484.1,484.35,483.9,483.9,12374,483.9,483.35,481.75,481.01,480.15,62.39,64.74,0.6,484.45,482.1,True,47.79,False,True,False
2025-05-23 12:35:00+05:30,483.9,484.1,483.6,483.65,7176,483.82,483.37,481.81,481.05,480.18,58.14,64.31,0.59,484.45,482.1,True,47.79,False,True,False
2025-05-23 12:40:00+05:30,483.65,483.7,483.35,483.35,2756,483.66,483.37,481.86,481.09,480.21,53.43,62.9,0.58,484.4,482.1,True,47.79,False,True,False
2025-05-23 12:45:00+05:30,483.4,483.4,482.15,482.4,13434,483.24,483.28,481.87,481.11,480.23,41.88,58.92,0.62,484.4,482.1,True,47.79,False,True,False
2025-05-23 12:50:00+05:30,482.25,482.8,482.25,482.8,2874,483.09,483.23,481.9,481.14,480.25,47.07,54.97,0.62,484.4,482.1,True,47.79,False,True,False
2025-05-23 12:55:00+05:30,482.65,482.85,481.85,482.4,36418,482.86,483.15,481.92,481.16,480.27,42.94,50.97,0.65,484.4,481.85,True,47.79,False,True,False
2025-05-23 13:00:00+05:30,482.5,482.8,482.25,482.75,3956,482.82,483.12,481.94,481.18,480.29,47.3,48.46,0.64,484.4,481.85,True,43.53,False,True,False
2025-05-23 13:05:00+05:30,482.75,482.85,481.15,481.6,156846,482.42,482.97,481.93,481.19,480.3,37.24,44.98,0.71,484.4,481.15,True,43.53,False,True,False
2025-05-23 13:10:00+05:30,481.6,481.75,481.3,481.75,9442,482.19,482.86,481.93,481.2,480.31,39.06,42.58,0.7,484.4,481.15,True,43.53,False,True,False
2025-05-23 13:15:00+05:30,481.75,481.8,481.5,481.8,4058,482.06,482.75,481.92,481.21,480.32,39.68,42.22,0.67,484.4,481.15,True,43.53,False,True,False
2025-05-23 13:20:00+05:30,481.75,482.1,481.6,482.0,5832,482.04,482.68,481.93,481.22,480.34,42.25,41.41,0.66,484.4,481.15,True,43.53,False,True,False
2025-05-23 13:25:00+05:30,482.0,482.35,481.75,482.0,8032,482.03,482.62,481.93,481.24,480.35,42.25,41.3,0.65,484.4,481.15,True,43.53,False,True,False
2025-05-23 13:30:00+05:30,482.0,482.0,481.7,481.9,4048,481.99,482.55,481.93,481.25,480.37,41.23,40.29,0.63,484.4,481.15,True,42.01,False,True,False
2025-05-23 13:35:00+05:30,481.9,482.4,481.55,481.95,28918,481.97,482.49,481.93,481.26,480.38,41.98,41.08,0.64,484.4,481.15,True,42.01,False,True,False
2025-05-23 13:40:00+05:30,481.95,482.45,481.75,482.0,54132,481.98,482.45,481.93,481.27,480.39,42.77,41.69,0.65,484.4,481.15,True,42.01,False,True,False
2025-05-23 13:45:00+05:30,482.0,482.4,481.75,482.0,42920,481.99,482.4,481.93,481.28,480.41,42.77,42.21,0.65,484.4,481.15,True,42.01,False,True,False
2025-05-23 13:50:00+05:30,482.0,482.5,481.9,482.0,86290,481.99,482.36,481.94,481.29,480.42,42.77,42.29,0.64,484.4,481.15,True,42.01,False,True,False
2025-05-23 13:55:00+05:30,482.0,482.65,481.8,481.85,203466,481.94,482.32,481.93,481.3,480.43,40.7,42.04,0.66,484.4,481.15,True,42.01,False,True,False
2025-05-23 14:00:00+05:30,482.0,482.05,481.7,481.95,12998,481.95,482.28,481.93,481.31,480.45,42.69,42.28,0.64,484.4,481.15,True,44.11,False,True,False
2025-05-23 14:05:00+05:30,481.7,481.9,481.45,481.65,11166,481.85,482.22,481.92,481.32,480.46,38.51,41.7,0.63,484.4,481.15,True,44.11,False,True,False
2025-05-23 14:10:00+05:30,481.5,481.75,481.35,481.7,13028,481.8,482.17,481.92,481.33,480.47,39.57,41.17,0.61,484.4,481.15,True,44.11,False,True,False
2025-05-23 14:15:00+05:30,481.7,482.0,481.5,481.8,12250,481.8,482.14,481.91,481.33,480.48,41.74,41.0,0.6,484.4,481.15,True,44.11,False,True,False
2025-05-23 14:20:00+05:30,481.55,482.0,481.4,481.9,13102,481.83,482.11,481.91,481.34,480.49,43.91,41.19,0.6,484.4,481.15,True,44.11,False,True,False
2025-05-23 14:25:00+05:30,481.95,482.0,481.6,482.0,12420,481.89,482.1,481.92,481.35,480.5,46.07,42.08,0.59,484.4,481.15,True,44.11,False,True,False
2025-05-23 14:30:00+05:30,481.7,482.0,481.5,481.85,13087,481.88,482.08,481.91,481.36,480.51,43.37,42.2,0.58,484.4,481.15,True,38.6,False,True,False
2025-05-23 14:35:00+05:30,481.85,481.85,480.65,481.25,19812,481.67,482.0,481.89,481.36,480.52,34.63,41.55,0.63,484.4,480.65,True,38.6,False,True,False
2025-05-23 14:40:00+05:30,481.25,481.6,481.0,481.0,13639,481.44,481.9,481.87,481.35,480.52,31.76,40.25,0.62,484.4,480.65,True,38.6,False,True,False
2025-05-23 14:45:00+05:30,481.15,481.4,481.0,481.05,15858,481.31,481.82,481.84,481.35,480.53,32.96,38.78,0.61,484.4,480.65,True,38.6,False,True,False
2025-05-23 14:50:00+05:30,481.35,481.55,481.0,481.45,14856,481.36,481.79,481.83,481.35,480.54,41.76,38.43,0.6,484.35,480.65,True,38.6,False,True,False
2025-05-23 14:55:00+05:30,481.5,481.7,481.05,481.45,17597,481.39,481.76,481.82,481.35,480.55,41.76,37.71,0.61,484.35,480.65,True,38.6,False,True,False
2025-05-23 15:00:00+05:30,481.75,482.0,481.75,481.95,36674,481.58,481.77,481.82,481.36,480.56,51.07,38.99,0.6,484.1,480.65,True,45.88,False,True,False
2025-05-23 15:05:00+05:30,482.0,482.1,481.8,482.0,25195,481.72,481.8,481.83,481.37,480.57,51.9,41.87,0.58,483.7,480.65,True,45.88,False,True,False
2025-05-23 15:10:00+05:30,482.0,482.1,481.85,482.0,29136,481.81,481.81,481.83,481.38,480.58,51.9,45.22,0.56,483.4,480.65,True,45.88,False,True,False
2025-05-23 15:15:00+05:30,482.0,482.0,481.7,482.0,29770,481.87,481.83,481.84,481.39,480.59,51.9,48.38,0.54,482.85,480.65,True,45.88,False,True,False
2025-05-23 15:20:00+05:30,482.0,482.0,481.65,481.95,43554,481.9,481.84,481.84,481.4,480.61,50.83,49.89,0.53,482.85,480.65,True,45.88,False,True,False
2025-05-23 15:25:00+05:30,481.95,482.05,481.5,482.0,65854,481.93,481.86,481.84,481.41,480.62,51.9,51.58,0.53,482.85,480.65,True,45.88,False,True,False
2025-05-26 09:15:00+05:30,482.4,485.55,482.0,483.9,23588,482.59,482.05,481.91,481.45,480.65,74.59,55.5,0.74,485.55,480.65,True,45.88,False,True,False
2025-05-26 09:20:00+05:30,484.15,484.55,483.7,483.9,15475,483.03,482.23,481.97,481.49,480.67,74.59,59.28,0.75,485.55,480.65,True,45.88,False,True,False
2025-05-26 09:25:00+05:30,484.05,484.1,483.3,483.7,10198,483.25,482.37,482.03,481.53,480.7,70.53,62.39,0.75,485.55,480.65,True,45.88,False,True,False
2025-05-26 09:30:00+05:30,483.7,484.7,483.7,484.7,29363,483.73,482.59,482.11,481.58,480.73,77.21,66.61,0.77,485.55,480.65,True,0.02,False,True,False
2025-05-26 09:35:00+05:30,484.7,484.7,481.8,482.5,41638,483.32,482.58,482.12,481.6,480.75,50.23,66.51,0.92,485.55,480.65,True,0.02,False,True,False
2025-05-26 09:40:00+05:30,482.5,483.5,482.1,483.1,31746,483.25,482.63,482.15,481.62,480.77,54.86,67.0,0.96,485.55,480.65,True,0.02,False,True,False
2025-05-26 09:45:00+05:30,483.45,483.75,482.5,482.95,35072,483.15,482.66,482.18,481.65,480.79,53.52,63.49,0.98,485.55,480.65,True,0.02,False,True,False
2025-05-26 09:50:00+05:30,483.0,483.5,482.7,482.8,11453,483.03,482.68,482.2,481.66,480.8,52.15,59.75,0.97,485.55,480.65,True,0.02,False,True,False
2025-05-26 09:55:00+05:30,482.85,483.45,482.5,483.1,16523,483.06,482.72,482.22,481.69,480.82,54.65,57.1,0.96,485.55,480.65,True,0.02,False,True,False
2025-05-26 10:00:00+05:30,483.1,483.5,482.8,482.95,8213,483.02,482.74,482.25,481.71,480.84,53.15,53.09,0.95,485.55,480.65,True,0.01,False,True,False
2025-05-26 10:05:00+05:30,483.1,483.25,482.4,482.9,27558,482.98,482.75,482.27,481.73,480.86,52.64,53.5,0.94,485.55,480.65,True,0.01,False,True,False
2025-05-26 10:10:00+05:30,482.9,483.6,482.9,483.2,12921,483.05,482.8,482.3,481.75,480.88,55.44,53.59,0.92,485.55,480.65,True,0.01,False,True,False
2025-05-26 10:15:00+05:30,483.2,483.45,482.6,482.65,13326,482.92,482.78,482.31,481.77,480.89,49.64,52.94,0.92,485.55,480.65,True,0.01,False,True,False
2025-05-26 10:20:00+05:30,482.65,483.05,482.45,482.8,12016,482.88,482.78,482.32,481.78,480.91,51.14,52.78,0.89,485.55,480.65,True,0.01,False,True,False
2025-05-26 10:25:00+05:30,482.6,482.85,481.95,482.3,31148,482.69,482.74,482.32,481.79,480.92,46.19,51.37,0.89,485.55,480.65,True,0.01,False,True,False
2025-05-26 10:30:00+05:30,482.55,482.55,482.0,482.25,13326,482.54,482.69,482.32,481.8,480.93,45.71,50.13,0.87,485.55,480.65,True,49.8,False,True,False
2025-05-26 10:35:00+05:30,482.05,482.55,482.0,482.3,9195,482.46,482.65,482.32,481.81,480.95,46.31,49.07,0.85,485.55,480.65,True,49.8,False,True,False
2025-05-26 10:40:00+05:30,482.55,482.65,482.0,482.1,5349,482.34,482.6,482.31,481.81,480.96,44.22,47.2,0.83,485.55,480.65,True,49.8,False,True,False
2025-05-26 10:45:00+05:30,482.2,482.5,482.0,482.1,8696,482.26,482.55,482.31,481.82,480.97,44.22,46.3,0.81,485.55,480.65,True,49.8,False,True,False
2025-05-26 10:50:00+05:30,482.4,483.9,482.15,483.1,17901,482.54,482.61,482.33,481.84,480.98,55.8,47.08,0.88,485.55,481.0,True,49.8,False,True,False
2025-05-26 10:55:00+05:30,483.1,484.0,483.1,483.55,28193,482.88,482.7,482.37,481.87,481.01,59.84,49.35,0.88,485.55,481.0,True,49.8,False,True,False
2025-05-26 11:00:00+05:30,483.7,483.95,482.65,483.0,11212,482.92,482.72,482.39,481.89,481.02,53.41,50.63,0.91,485.55,481.0,True,35.38,False,True,False
2025-05-26 11:05:00+05:30,483.05,483.05,482.0,482.35,81828,482.73,482.69,482.39,481.89,481.03,46.99,50.75,0.92,485.55,481.05,True,35.38,False,True,False
2025-05-26 11:10:00+05:30,482.3,483.15,482.15,482.9,8616,482.79,482.71,482.4,481.91,481.05,52.22,52.08,0.93,485.55,481.5,True,35.38,False,True,False
2025-05-26 11:15:00+05:30,483.05,483.5,482.9,483.25,5755,482.94,482.76,482.43,481.93,481.07,55.25,53.92,0.9,485.55,481.5,True,35.38,False,True,False
2025-05-26 11:20:00+05:30,483.0,483.5,483.0,483.1,10582,482.99,482.79,482.45,481.95,481.09,53.68,53.56,0.87,485.55,481.5,True,35.38,False,True,False
2025-05-26 11:25:00+05:30,483.35,483.45,482.55,482.6,6082,482.86,482.77,482.46,481.96,481.1,48.71,51.71,0.88,485.55,481.5,True,35.38,False,True,False
2025-05-26 11:30:00+05:30,482.9,483.4,482.6,483.05,10960,482.92,482.8,482.47,481.98,481.12,52.94,51.63,0.87,485.55,481.5,True,41.17,False,True,False
2025-05-26 11:35:00+05:30,483.3,483.3,482.45,482.5,11778,482.78,482.77,482.47,481.99,481.13,47.76,51.76,0.87,485.55,481.5,True,41.17,False,True,False
2025-05-26 11:40:00+05:30,482.7,482.9,482.45,482.7,6763,482.76,482.77,482.48,482.0,481.14,49.69,51.34,0.84,485.55,481.8,True,41.17,False,True,False
2025-05-26 11:45:00+05:30,482.7,482.85,482.3,482.6,10037,482.7,482.75,482.49,482.01,481.15,48.72,50.25,0.82,484.7,481.8,True,41.17,False,True,False
2025-05-26 11:50:00+05:30,482.6,482.75,482.15,482.5,13373,482.64,482.73,482.49,482.02,481.17,47.72,49.26,0.8,484.7,481.8,True,41.17,False,True,False
2025-05-26 11:55:00+05:30,482.5,483.3,482.05,482.9,14642,482.72,482.74,482.5,482.03,481.18,51.97,49.8,0.84,484.7,481.8,True,41.17,False,True,False
2025-05-26 12:00:00+05:30,482.65,483.0,482.3,482.75,24754,482.73,482.74,482.51,482.05,481.19,50.32,49.36,0.83,484.7,481.8,True,39.28,False,True,False
2025-05-26 12:05:00+05:30,482.95,482.95,482.0,482.25,44357,482.57,482.7,482.5,482.05,481.2,45.16,48.93,0.83,484.0,481.95,True,39.28,False,True,False
2025-05-26 12:10:00+05:30,482.45,482.7,482.25,482.5,4389,482.55,482.68,482.5,482.06,481.21,48.03,48.65,0.81,484.0,481.95,True,39.28,False,True,False
2025-05-26 12:15:00+05:30,482.7,482.7,482.5,482.5,4046,482.53,482.66,482.5,482.06,481.22,48.03,48.54,0.76,484.0,481.95,True,39.28,False,True,False
2025-05-26 12:20:00+05:30,482.5,482.8,482.5,482.55,1575,482.54,482.65,482.5,482.07,481.24,48.65,48.69,0.73,484.0,481.95,True,39.28,False,True,False
2025-05-26 12:25:00+05:30,482.7,482.95,482.55,482.75,4916,482.61,482.66,482.51,482.08,481.25,51.17,48.56,0.71,484.0,481.95,True,39.28,False,True,False
2025-05-26 12:30:00+05:30,482.9,482.9,482.6,482.85,5377,482.69,482.68,482.52,482.1,481.26,52.43,48.91,0.68,484.0,481.95,True,22.52,False,True,False
2025-05-26 12:35:00+05:30,482.85,482.9,482.65,482.7,4821,482.69,482.68,482.52,482.11,481.27,50.33,49.77,0.65,484.0,481.95,True,22.52,False,True,False
2025-05-26 12:40:00+05:30,482.7,482.9,481.8,482.0,135999,482.46,482.62,482.51,482.1,481.28,41.92,48.76,0.68,484.0,481.8,True,22.52,False,True,False
2025-05-26 12:45:00+05:30,482.0,482.2,481.6,481.6,17747,482.17,482.52,482.48,482.1,481.28,38.01,47.08,0.67,484.0,481.6,True,22.52,False,True,False
2025-05-26 12:50:00+05:30,481.8,481.8,481.2,481.2,6163,481.85,482.39,482.44,482.08,481.28,34.55,44.74,0.67,484.0,481.2,True,22.52,False,True,False
2025-05-26 12:55:00+05:30,481.5,481.5,480.3,480.5,58753,481.4,482.21,482.38,482.05,481.28,29.48,41.12,0.71,484.0,480.3,True,22.52,False,True,False
2025-05-26 13:00:00+05:30,480.5,482.05,480.45,481.6,44573,481.47,482.15,482.35,482.05,481.28,43.51,39.63,0.77,484.0,480.3,True,40.69,False,True,False
2025-05-26 13:05:00+05:30,481.3,481.8,481.0,481.5,50366,481.48,482.09,482.33,482.04,481.28,42.67,38.36,0.77,484.0,480.3,True,40.69,False,True,False
2025-05-26 13:10:00+05:30,481.4,481.65,480.9,481.55,24086,481.5,482.04,482.3,482.03,481.28,43.26,38.58,0.77,484.0,480.3,True,40.69,False,True,False
2025-05-26 13:15:00+05:30,481.65,482.0,481.65,482.0,15527,481.67,482.04,482.29,482.03,481.29,48.35,40.3,0.75,484.0,480.3,True,40.69,False,True,False
2025-05-26 13:20:00+05:30,481.95,482.05,481.7,481.8,23969,481.71,482.01,482.28,482.03,481.29,46.36,42.27,0.72,484.0,480.3,True,40.69,False,True,False
2025-05-26 13:25:00+05:30,481.75,482.0,481.75,482.0,13127,481.81,482.01,482.27,482.03,481.3,48.64,45.46,0.69,483.95,480.3,True,40.69,False,True,False
2025-05-26 13:30:00+05:30,482.0,482.05,481.75,482.0,13807,481.87,482.01,482.26,482.03,481.31,48.64,46.32,0.66,483.5,480.3,True,40.69,False,True,False
2025-05-26 13:35:00+05:30,482.0,482.2,481.8,482.0,9713,481.91,482.01,482.25,482.02,481.31,48.64,47.32,0.64,483.5,480.3,True,40.69,False,True,False
2025-05-26 13:40:00+05:30,481.9,482.25,481.8,482.0,12363,481.94,482.01,482.25,482.02,481.32,48.64,48.21,0.63,483.5,480.3,True,40.69,False,True,False
2025-05-26 13:45:00+05:30,482.1,482.15,481.8,482.0,13891,481.96,482.01,482.24,482.02,481.32,48.64,48.26,0.61,483.5,480.3,True,40.69,False,True,False
2025-05-26 13:50:00+05:30,482.0,482.1,481.8,482.05,14081,481.99,482.01,482.23,482.02,481.33,49.42,48.77,0.58,483.45,480.3,True,40.69,False,True,False
2025-05-26 13:55:00+05:30,482.0,482.05,481.75,482.0,10520,481.99,482.01,482.22,482.02,481.34,48.63,48.77,0.56,483.4,480.3,True,40.69,False,True,False
2025-05-26 14:00:00+05:30,482.0,482.0,481.75,481.8,10311,481.93,481.99,482.21,482.02,481.34,45.48,48.24,0.54,483.3,480.3,True,35.53,False,True,False
2025-05-26 14:05:00+05:30,482.0,482.0,481.55,481.95,11038,481.94,481.99,482.2,482.02,481.34,48.19,48.17,0.54,483.3,480.3,True,35.53,False,True,False
2025-05-26 14:10:00+05:30,481.7,482.1,481.35,481.55,13758,481.81,481.95,482.18,482.01,481.35,42.17,47.09,0.55,483.3,480.3,True,35.53,False,True,False
2025-05-26 14:15:00+05:30,481.5,482.65,480.75,481.4,279165,481.67,481.89,482.16,482.0,481.35,40.15,45.67,0.65,483.3,480.3,True,35.53,False,True,False
2025-05-26 14:20:00+05:30,481.5,481.8,480.7,481.45,34938,481.6,481.85,482.14,481.99,481.35,41.16,44.3,0.68,483.3,480.3,True,35.53,False,True,False
2025-05-26 14:25:00+05:30,481.45,481.65,481.0,481.2,42297,481.47,481.79,482.11,481.98,481.35,37.72,42.48,0.68,483.0,480.3,True,35.53,False,True,False
2025-05-26 14:30:00+05:30,481.15,481.45,480.8,480.8,19838,481.24,481.7,482.07,481.96,481.34,32.97,40.39,0.68,482.95,480.3,True,31.75,False,True,False
2025-05-26 14:35:00+05:30,480.8,481.55,479.75,480.7,184715,481.06,481.6,482.02,481.94,481.34,31.89,37.68,0.76,482.95,479.75,True,31.75,False,True,False
2025-05-26 14:40:00+05:30,480.7,481.1,480.35,480.65,51031,480.92,481.51,481.98,481.92,481.33,31.34,35.87,0.76,482.95,479.75,True,31.75,False,True,False
2025-05-26 14:45:00+05:30,480.4,480.9,479.95,480.0,145328,480.62,481.37,481.92,481.89,481.32,25.22,33.38,0.77,482.95,479.75,True,31.75,False,True,False
2025-05-26 14:50:00+05:30,480.0,481.1,480.0,480.35,21417,480.53,481.27,481.87,481.86,481.31,32.83,32.0,0.79,482.95,479.75,True,31.75,False,True,False
2025-05-26 14:55:00+05:30,480.35,480.8,480.0,480.5,129148,480.52,481.2,481.83,481.84,481.3,35.84,31.68,0.79,482.9,479.75,True,31.75,False,True,False
2025-05-26 15:00:00+05:30,480.55,481.0,479.85,480.1,187470,480.38,481.09,481.77,481.81,481.29,31.75,31.48,0.82,482.9,479.75,True,39.66,False,True,False
2025-05-26 15:05:00+05:30,480.0,480.45,479.9,480.0,139602,480.25,480.99,481.72,481.78,481.28,30.8,31.3,0.8,482.9,479.75,True,39.66,False,True,False
2025-05-26 15:10:00+05:30,479.95,481.45,479.85,481.3,85467,480.6,481.02,481.7,481.77,481.28,51.18,34.6,0.86,482.65,479.75,True,39.66,False,True,False
2025-05-26 15:15:00+05:30,481.3,481.9,481.25,481.9,20010,481.03,481.1,481.71,481.77,481.29,57.41,39.97,0.84,482.65,479.75,True,39.66,False,True,False
2025-05-26 15:20:00+05:30,481.9,481.9,481.15,481.4,17220,481.16,481.13,481.7,481.77,481.29,51.51,43.08,0.84,482.65,479.75,True,39.66,False,True,False
2025-05-26 15:25:00+05:30,481.4,481.7,481.0,481.3,32540,481.2,481.15,481.69,481.76,481.29,50.39,45.51,0.83,482.65,479.75,True,39.66,False,True,False
2025-05-27 09:15:00+05:30,481.4,483.3,480.4,482.7,31266,481.7,481.29,481.72,481.78,,62.61,50.65,0.97,483.3,479.75,True,39.66,False,True,
2025-05-27 09:20:00+05:30,483.05,483.1,481.45,481.7,16192,481.7,481.33,481.72,481.77,,52.64,54.29,1.02,483.3,479.75,True,39.66,False,True,
2025-05-27 09:25:00+05:30,481.7,482.9,481.65,482.0,24353,481.8,481.4,481.73,481.78,,54.96,54.92,1.04,483.3,479.75,True,39.66,False,True,
2025-05-27 09:30:00+05:30,482.05,482.85,481.55,482.1,10916,481.9,481.46,481.74,481.78,,55.73,54.64,1.06,483.3,479.75,True,50.75,True,False,
2025-05-27 09:35:00+05:30,482.5,482.9,481.45,482.65,23971,482.15,481.58,481.77,481.8,,59.84,56.03,1.09,483.3,479.75,True,75.5,True,False,
2025-05-27 09:40:00+05:30,482.5,482.85,482.25,482.75,4741,482.35,481.69,481.8,481.81,,60.56,57.72,1.05,483.3,479.75,True,77.55,True,False,
2025-05-27 09:45:00+05:30,482.5,482.5,482.0,482.3,5499,482.33,481.75,481.81,481.82,,55.74,56.58,1.03,483.3,479.75,True,63.98,True,False,
2025-05-27 09:50:00+05:30,482.3,482.75,482.0,482.35,3360,482.34,481.8,481.83,481.83,,56.15,57.16,1.01,483.3,479.75,True,66.25,True,False,
2025-05-27 09:55:00+05:30,482.35,482.75,482.05,482.05,10894,482.24,481.83,481.84,481.83,,52.93,56.82,0.99,483.3,479.75,True,45.76,False,True,
2025-05-27 10:00:00+05:30,482.2,482.6,482.0,482.55,10954,482.35,481.9,481.86,481.85,,57.33,57.09,0.96,483.3,479.75,True,74.04,True,False,
2025-05-27 10:05:00+05:30,482.35,482.75,482.2,482.75,16008,482.48,481.98,481.89,481.86,,58.98,56.95,0.93,483.3,479.75,True,78.52,True,False,
2025-05-27 10:10:00+05:30,482.75,482.95,482.5,482.9,5951,482.62,482.07,481.92,481.88,,60.22,56.89,0.9,483.3,479.75,True,80.98,True,False,
2025-05-27 10:15:00+05:30,482.95,483.0,482.35,482.7,7277,482.65,482.13,481.94,481.89,,57.71,57.22,0.88,483.3,479.75,True,77.55,True,False,
2025-05-27 10:20:00+05:30,482.7,483.05,482.65,483.05,8704,482.78,482.21,481.98,481.91,,60.79,57.99,0.84,483.3,479.75,True,82.93,True,False,
2025-05-27 10:25:00+05:30,482.8,484.25,482.8,484.0,40367,483.19,482.38,482.04,481.94,,67.68,60.45,0.89,484.25,479.75,True,89.66,True,False,
2025-05-27 10:30:00+05:30,484.0,484.1,483.35,483.35,15795,483.24,482.48,482.08,481.97,,59.92,60.88,0.88,484.25,479.75,True,69.48,True,False,
2025-05-27 10:35:00+05:30,483.65,483.9,483.3,483.4,2042,483.29,482.56,482.12,481.99,,60.3,61.1,0.86,484.25,479.75,True,70.7,True,False,
2025-05-27 10:40:00+05:30,483.4,483.6,483.3,483.6,3782,483.4,482.66,482.17,482.02,,61.85,61.38,0.82,484.25,479.75,True,76.06,True,False,
2025-05-27 10:45:00+05:30,483.6,483.6,482.4,482.7,11344,483.16,482.67,482.19,482.03,,52.03,60.43,0.85,484.25,479.75,True,56.71,True,False,
2025-05-27 10:50:00+05:30,482.85,483.3,482.85,483.3,6394,483.21,482.73,482.22,482.05,,56.94,59.79,0.83,484.25,479.85,True,68.29,True,False,
2025-05-27 10:55:00+05:30,483.3,483.65,483.05,483.3,3407,483.24,482.78,482.26,482.07,,56.94,58.0,0.81,484.25,479.85,True,68.29,True,False,
2025-05-27 11:00:00+05:30,483.3,483.4,482.55,483.0,9066,483.16,482.8,482.28,482.09,,53.75,56.97,0.81,484.25,479.85,True,61.53,True,False,
2025-05-27 11:05:00+05:30,483.25,483.3,482.2,482.7,16105,483.01,482.79,482.29,482.1,,50.69,55.37,0.83,484.25,479.85,True,55.98,True,False,
2025-05-27 11:10:00+05:30,482.7,482.95,482.3,482.3,5090,482.77,482.75,482.29,482.1,,46.87,52.87,0.82,484.25,479.85,True,49.97,False,True,
2025-05-27 11:15:00+05:30,482.55,482.65,482.0,482.3,9835,482.61,482.7,482.29,482.1,,46.87,52.01,0.81,484.25,479.85,True,49.97,False,True,
2025-05-27 11:20:00+05:30,482.3,482.7,482.05,482.65,8121,482.63,482.7,482.3,482.11,,50.65,50.96,0.8,484.25,479.85,True,55.15,True,False,
2025-05-27 11:25:00+05:30,482.7,482.85,482.4,482.75,22600,482.67,482.7,482.32,482.12,,51.7,50.09,0.77,484.25,480.4,True,56.83,True,False,
2025-05-27 11:30:00+05:30,482.75,484.0,482.45,483.85,44403,483.06,482.81,482.37,482.15,,61.48,51.38,0.83,484.25,480.4,True,68.29,True,False,
2025-05-27 11:35:00+05:30,483.6,483.9,482.6,483.0,9679,483.04,482.83,482.38,482.17,,52.62,51.7,0.86,484.25,480.4,True,60.11,True,False,
2025-05-27 11:40:00+05:30,483.15,483.3,482.7,482.85,15503,482.98,482.83,482.4,482.18,,51.21,52.42,0.84,484.25,480.4,True,58.21,True,False,
2025-05-27 11:45:00+05:30,483.0,483.3,482.65,483.0,9498,482.98,482.85,482.42,482.19,,52.58,53.37,0.83,484.25,481.45,True,60.11,True,False,
2025-05-27 11:50:00+05:30,482.8,483.0,482.55,482.65,4733,482.87,482.83,482.43,482.2,,49.13,53.12,0.8,484.25,481.45,True,55.02,True,False,
2025-05-27 11:55:00+05:30,482.85,483.15,482.7,482.7,7197,482.82,482.82,482.43,482.21,,49.64,52.78,0.78,484.25,481.45,True,55.91,True,False,
2025-05-27 12:00:00+05:30,482.75,483.4,482.6,483.15,90886,482.93,482.85,482.46,482.22,,54.08,51.54,0.78,484.25,481.45,True,61.89,True,False,
2025-05-27 12:05:00+05:30,482.95,484.25,482.95,484.2,31332,483.35,482.98,482.51,482.25,,62.41,53.18,0.82,484.25,482.0,True,71.04,True,False,
2025-05-27 12:10:00+05:30,484.0,484.2,483.45,483.6,8648,483.43,483.04,482.54,482.28,,56.14,54.0,0.81,484.25,482.0,True,66.43,True,False,
2025-05-27 12:15:00+05:30,483.6,484.0,483.0,483.45,25220,483.44,483.08,482.57,482.3,,54.67,54.34,0.83,484.25,482.0,True,65.04,True,False,
2025-05-27 12:20:00+05:30,483.35,483.35,482.4,482.55,14447,483.14,483.03,482.57,482.3,,46.72,53.94,0.84,484.25,482.0,True,53.14,True,False,
2025-05-27 12:25:00+05:30,482.6,482.9,482.1,482.55,5787,482.95,482.98,482.57,482.3,,46.72,53.46,0.84,484.25,482.0,True,53.14,True,False,
2025-05-27 12:30:00+05:30,482.55,482.9,482.3,482.9,3359,482.93,482.97,482.58,482.31,,50.0,52.78,0.82,484.25,482.0,True,58.34,True,False,
2025-05-27 12:35:00+05:30,482.7,482.75,482.0,482.15,88398,482.67,482.89,482.57,482.31,,43.78,49.67,0.83,484.25,482.0,True,46.51,False,True,
2025-05-27 12:40:00+05:30,482.45,483.15,481.7,482.0,57457,482.45,482.81,482.55,482.31,,42.64,47.42,0.87,484.25,481.7,True,44.43,False,True,
2025-05-27 12:45:00+05:30,481.9,482.15,481.8,481.85,4681,482.25,482.72,482.53,482.3,,41.47,45.22,0.84,484.25,481.7,True,42.53,False,True,
2025-05-27 12:50:00+05:30,481.85,482.5,481.75,481.75,19261,482.08,482.63,482.5,482.29,,40.67,44.21,0.83,484.25,481.7,True,41.35,False,True,
2025-05-27 12:55:00+05:30,481.75,482.1,481.75,481.8,3684,481.99,482.55,482.48,482.28,,41.28,43.31,0.8,484.25,481.7,True,41.93,False,True,
2025-05-27 13:00:00+05:30,482.0,482.0,481.6,482.0,5025,481.99,482.5,482.47,482.28,,43.77,42.27,0.77,484.25,481.6,True,45.25,False,True,
2025-05-27 13:05:00+05:30,482.0,482.05,481.75,482.0,2477,481.99,482.45,482.45,482.27,,43.77,42.27,0.73,484.25,481.6,True,45.25,False,True,
2025-05-27 13:10:00+05:30,481.85,482.0,481.55,482.0,21057,482.0,482.41,482.44,482.27,,43.77,42.46,0.71,484.25,481.55,True,45.25,False,True,
2025-05-27 13:15:00+05:30,482.0,482.0,481.8,481.85,2888,481.95,482.35,482.42,482.26,,42.1,42.56,0.68,484.25,481.55,True,42.8,False,True,
2025-05-27 13:20:00+05:30,481.85,481.95,481.55,481.65,6084,481.85,482.29,482.4,482.25,,39.91,42.43,0.66,484.25,481.55,True,40.11,False,True,
2025-05-27 13:25:00+05:30,481.8,481.9,481.6,481.6,2742,481.77,482.22,482.37,482.24,,39.36,42.11,0.63,484.25,481.55,True,39.54,False,True,
2025-05-27 13:30:00+05:30,481.6,481.9,481.6,481.75,3563,481.76,482.18,482.35,482.23,,41.95,41.81,0.61,484.25,481.55,True,42.2,False,True,
2025-05-27 13:35:00+05:30,481.9,481.9,481.7,481.9,1574,481.81,482.15,482.34,482.23,,44.49,41.93,0.58,484.25,481.55,True,44.64,False,True,
2025-05-27 13:40:00+05:30,481.9,482.75,481.75,482.45,35878,482.02,482.18,482.34,482.23,,52.69,43.42,0.61,484.25,481.55,True,52.07,True,False,
2025-05-27 13:45:00+05:30,482.7,482.85,482.15,482.2,5236,482.08,482.18,482.34,482.23,,49.14,44.59,0.62,484.25,481.55,True,48.96,False,True,
2025-05-27 13:50:00+05:30,482.2,482.5,482.2,482.35,1027,482.17,482.2,482.34,482.23,,51.26,46.48,0.59,484.25,481.55,True,50.87,True,False,
2025-05-27 13:55:00+05:30,482.55,482.7,481.95,482.0,6610,482.11,482.18,482.33,482.23,,46.4,47.66,0.6,484.25,481.55,True,46.16,False,True,
2025-05-27 14:00:00+05:30,482.0,482.4,481.65,482.0,6767,482.08,482.16,482.32,482.22,,46.4,48.4,0.61,484.25,481.55,True,46.16,False,True,
2025-05-27 14:05:00+05:30,482.0,482.1,481.9,482.0,8508,482.05,482.15,482.31,482.22,,46.4,48.72,0.58,484.25,481.55,True,46.16,False,True,
2025-05-27 14:10:00+05:30,482.05,482.5,482.0,482.0,16076,482.03,482.13,482.3,482.22,,46.4,47.67,0.58,484.25,481.55,True,46.16,False,True,
2025-05-27 14:15:00+05:30,482.05,482.05,481.6,481.95,17988,482.01,482.11,482.29,482.21,,45.56,47.07,0.57,484.25,481.55,True,45.49,False,True,
2025-05-27 14:20:00+05:30,481.95,482.2,481.7,482.05,14289,482.02,482.11,482.28,482.21,,47.59,46.46,0.56,484.25,481.55,True,46.94,False,True,
2025-05-27 14:25:00+05:30,482.0,482.15,482.0,482.0,5829,482.01,482.1,482.27,482.21,,46.65,46.5,0.53,484.25,481.55,True,46.16,False,True,
2025-05-27 14:30:00+05:30,482.05,482.2,481.85,482.05,8681,482.03,482.09,482.26,482.2,,47.76,46.73,0.52,484.25,481.55,True,47.0,False,True,
2025-05-27 14:35:00+05:30,481.9,482.25,481.85,482.0,5330,482.02,482.08,482.26,482.2,,46.72,46.78,0.51,484.2,481.55,True,46.16,False,True,
2025-05-27 14:40:00+05:30,482.0,482.35,481.85,482.2,7803,482.08,482.1,482.25,482.2,,51.29,47.6,0.51,484.0,481.55,True,49.38,False,True,
2025-05-27 14:45:00+05:30,482.2,485.0,482.0,482.95,173523,482.37,482.18,482.28,482.21,,63.83,50.64,0.69,485.0,481.55,True,58.64,True,False,
2025-05-27 14:50:00+05:30,482.95,483.35,482.75,482.9,25561,482.55,482.25,482.29,482.22,,62.67,53.15,0.68,485.0,481.55,True,58.13,True,False,
2025-05-27 14:55:00+05:30,482.9,485.6,482.85,485.15,240730,483.41,482.52,482.38,482.27,,80.13,58.73,0.83,485.6,481.55,True,73.08,True,False,
2025-05-27 15:00:00+05:30,485.15,485.5,484.7,484.75,54589,483.86,482.73,482.46,482.31,,73.55,63.03,0.83,485.6,481.55,True,68.41,True,False,
2025-05-27 15:05:00+05:30,484.8,484.85,484.0,484.2,50414,483.97,482.87,482.51,482.34,,65.56,66.17,0.83,485.6,481.55,True,62.87,True,False,
2025-05-27 15:10:00+05:30,484.25,484.25,483.45,483.75,44590,483.9,482.96,482.55,482.37,,59.84,67.6,0.83,485.6,481.55,True,58.97,True,False,
2025-05-27 15:15:00+05:30,483.6,483.75,483.45,483.5,40269,483.77,483.01,482.58,482.39,,56.87,66.44,0.79,485.6,481.55,True,57.0,True,False,
2025-05-27 15:20:00+05:30,483.45,484.0,483.45,483.6,50689,483.71,483.07,482.61,482.41,,57.78,65.62,0.77,485.6,481.55,True,57.77,True,False,
2025-05-27 15:25:00+05:30,483.8,484.15,483.5,483.9,63865,483.77,483.14,482.65,482.43,,60.45,62.34,0.76,485.6,481.55,True,60.22,True,False,
